[12:06:49.157706] {Default Queue}  -> wl_display#1.get_registry(new id wl_registry#2)
[12:06:49.157713] {Default Queue}  -> wl_display#1.sync(new id wl_callback#3)
[12:06:49.161180] {Display Queue} wl_display#1.delete_id(3)
[12:06:49.161185] {Default Queue} wl_registry#2.global(1, "wl_compositor", 6)
[12:06:49.161188] {Default Queue}  -> wl_registry#2.bind(1, "wl_compositor", 3, new id [unknown]#4)
[12:06:49.161190] {Default Queue} wl_registry#2.global(3, "zwp_tablet_manager_v2", 2)
[12:06:49.161192] {Default Queue}  -> wl_registry#2.bind(3, "zwp_tablet_manager_v2", 1, new id [unknown]#5)
[12:06:49.161194] {Default Queue} wl_registry#2.global(4, "zwp_keyboard_shortcuts_inhibit_manager_v1", 1)
[12:06:49.161197] {Default Queue}  -> wl_registry#2.bind(4, "zwp_keyboard_shortcuts_inhibit_manager_v1", 1, new id [unknown]#6)
[12:06:49.161198] {Default Queue} wl_registry#2.global(5, "xdg_session_manager_v1", 1)
[12:06:49.161200] {Default Queue} wl_registry#2.global(6, "zxdg_decoration_manager_v1", 2)
[12:06:49.161202] {Default Queue} wl_registry#2.global(7, "wp_viewporter", 1)
[12:06:49.161203] {Default Queue} wl_registry#2.global(8, "wp_security_context_manager_v1", 1)
[12:06:49.161205] {Default Queue} wl_registry#2.global(9, "wp_fractional_scale_manager_v1", 1)
[12:06:49.161207] {Default Queue} wl_registry#2.global(10, "wl_shm", 2)
[12:06:49.161209] {Default Queue}  -> wl_registry#2.bind(10, "wl_shm", 1, new id [unknown]#7)
[12:06:49.161210] {Default Queue} wl_registry#2.global(11, "wl_seat", 10)
[12:06:49.161212] {Default Queue} wl_registry#2.global(12, "zwp_pointer_gestures_v1", 3)
[12:06:49.161214] {Default Queue}  -> wl_registry#2.bind(12, "zwp_pointer_gestures_v1", 1, new id [unknown]#8)
[12:06:49.161215] {Default Queue} wl_registry#2.global(13, "zwp_pointer_constraints_v1", 1)
[12:06:49.161217] {Default Queue} wl_registry#2.global(14, "zwp_relative_pointer_manager_v1", 1)
[12:06:49.161219] {Default Queue} wl_registry#2.global(15, "wl_data_device_manager", 3)
[12:06:49.161220] {Default Queue}  -> wl_registry#2.bind(15, "wl_data_device_manager", 3, new id [unknown]#9)
[12:06:49.161222] {Default Queue} wl_registry#2.global(16, "ext_data_control_manager_v1", 1)
[12:06:49.161223] {Default Queue} wl_registry#2.global(17, "wp_cursor_shape_manager_v1", 2)
[12:06:49.161225] {Default Queue}  -> wl_registry#2.bind(17, "wp_cursor_shape_manager_v1", 1, new id [unknown]#10)
[12:06:49.161227] {Default Queue} wl_registry#2.global(18, "zwp_primary_selection_device_manager_v1", 1)
[12:06:49.161229] {Default Queue}  -> wl_registry#2.bind(18, "zwp_primary_selection_device_manager_v1", 1, new id [unknown]#11)
[12:06:49.161230] {Default Queue} wl_registry#2.global(19, "org_kde_kwin_idle", 1)
[12:06:49.161232] {Default Queue} wl_registry#2.global(20, "zwp_idle_inhibit_manager_v1", 1)
[12:06:49.161234] {Default Queue} wl_registry#2.global(21, "ext_idle_notifier_v1", 2)
[12:06:49.161235] {Default Queue} wl_registry#2.global(22, "org_kde_plasma_shell", 8)
[12:06:49.161237] {Default Queue} wl_registry#2.global(23, "org_kde_kwin_appmenu_manager", 2)
[12:06:49.161238] {Default Queue} wl_registry#2.global(24, "org_kde_kwin_server_decoration_palette_manager", 1)
[12:06:49.161240] {Default Queue} wl_registry#2.global(26, "org_kde_plasma_virtual_desktop_management", 4)
[12:06:49.161241] {Default Queue} wl_registry#2.global(28, "org_kde_kwin_shadow_manager", 2)
[12:06:49.161243] {Default Queue} wl_registry#2.global(29, "org_kde_kwin_dpms_manager", 1)
[12:06:49.161245] {Default Queue} wl_registry#2.global(30, "org_kde_kwin_server_decoration_manager", 1)
[12:06:49.161246] {Default Queue}  -> wl_registry#2.bind(30, "org_kde_kwin_server_decoration_manager", 1, new id [unknown]#12)
[12:06:49.161248] {Default Queue} wl_registry#2.global(31, "kde_output_management_v2", 21)
[12:06:49.161250] {Default Queue} wl_registry#2.global(32, "kde_output_device_registry_v2", 23)
[12:06:49.161252] {Default Queue} wl_registry#2.global(33, "zxdg_output_manager_v1", 3)
[12:06:49.161254] {Default Queue}  -> wl_registry#2.bind(33, "zxdg_output_manager_v1", 3, new id [unknown]#13)
[12:06:49.161259] {Default Queue}  -> wl_display#1.sync(new id wl_callback#14)
[12:06:49.161264] {Default Queue} wl_registry#2.global(34, "wl_subcompositor", 1)
[12:06:49.161265] {Default Queue}  -> wl_registry#2.bind(34, "wl_subcompositor", 1, new id [unknown]#15)
[12:06:49.161268] {Default Queue} wl_registry#2.global(35, "zxdg_exporter_v2", 1)
[12:06:49.161269] {Default Queue}  -> wl_registry#2.bind(35, "zxdg_exporter_v2", 1, new id [unknown]#16)
[12:06:49.161271] {Default Queue} wl_registry#2.global(36, "zxdg_importer_v2", 1)
[12:06:49.161272] {Default Queue}  -> wl_registry#2.bind(36, "zxdg_importer_v2", 1, new id [unknown]#17)
[12:06:49.161274] {Default Queue} wl_registry#2.global(37, "zwp_input_method_v1", 1)
[12:06:49.161276] {Default Queue} wl_registry#2.global(39, "xdg_activation_v1", 1)
[12:06:49.161277] {Default Queue}  -> wl_registry#2.bind(39, "xdg_activation_v1", 1, new id [unknown]#18)
[12:06:49.161279] {Default Queue} wl_registry#2.global(41, "wp_content_type_manager_v1", 1)
[12:06:49.161281] {Default Queue} wl_registry#2.global(42, "wp_tearing_control_manager_v1", 1)
[12:06:49.161282] {Default Queue} wl_registry#2.global(43, "xdg_toplevel_drag_manager_v1", 1)
[12:06:49.161284] {Default Queue} wl_registry#2.global(44, "xdg_toplevel_icon_manager_v1", 1)
[12:06:49.161286] {Default Queue} wl_registry#2.global(45, "kde_screen_edge_manager_v1", 1)
[12:06:49.161287] {Default Queue} wl_registry#2.global(46, "frog_color_management_factory_v1", 1)
[12:06:49.161289] {Default Queue} wl_registry#2.global(47, "wp_presentation", 2)
[12:06:49.161291] {Default Queue} wl_registry#2.global(48, "wp_color_manager_v1", 2)
[12:06:49.161292] {Default Queue} wl_registry#2.global(49, "xdg_wm_dialog_v1", 1)
[12:06:49.161294] {Default Queue} wl_registry#2.global(50, "kde_external_brightness_v1", 3)
[12:06:49.161295] {Default Queue} wl_registry#2.global(51, "wp_alpha_modifier_v1", 1)
[12:06:49.161297] {Default Queue} wl_registry#2.global(52, "wl_fixes", 1)
[12:06:49.161299] {Default Queue} wl_registry#2.global(53, "wp_fifo_manager_v1", 1)
[12:06:49.161300] {Default Queue} wl_registry#2.global(54, "wp_single_pixel_buffer_manager_v1", 1)
[12:06:49.161302] {Default Queue} wl_registry#2.global(55, "xdg_toplevel_tag_manager_v1", 1)
[12:06:49.161304] {Default Queue} wl_registry#2.global(56, "wp_color_representation_manager_v1", 1)
[12:06:49.161305] {Default Queue} wl_registry#2.global(57, "wp_pointer_warp_v1", 1)
[12:06:49.161307] {Default Queue} wl_registry#2.global(58, "ext_background_effect_manager_v1", 1)
[12:06:49.161309] {Default Queue} wl_registry#2.global(60, "zwp_linux_dmabuf_v1", 5)
[12:06:49.161311] {Default Queue} wl_registry#2.global(61, "wp_linux_drm_syncobj_manager_v1", 1)
[12:06:49.161312] {Default Queue} wl_registry#2.global(62, "zwp_input_panel_v1", 1)
[12:06:49.161314] {Default Queue} wl_registry#2.global(63, "xdg_wm_base", 6)
[12:06:49.161315] {Default Queue} wl_registry#2.global(64, "zwlr_layer_shell_v1", 5)
[12:06:49.161317] {Default Queue} wl_registry#2.global(65, "org_kde_kwin_keystate", 5)
[12:06:49.161319] {Default Queue} wl_registry#2.global(66, "wl_output", 4)
[12:06:49.161320] {Default Queue}  -> wl_registry#2.bind(66, "wl_output", 2, new id [unknown]#19)
[12:06:49.161344] {Default Queue}  -> zxdg_output_manager_v1#13.get_xdg_output(new id zxdg_output_v1#20, wl_output#19)
[12:06:49.161346] {Default Queue}  -> wl_display#1.sync(new id wl_callback#21)
[12:06:49.161348] {Default Queue} wl_registry#2.global(67, "kde_output_order_v1", 1)
[12:06:49.161350] {Default Queue} wl_registry#2.global(68, "zwp_text_input_manager_v2", 1)
[12:06:49.161352] {Default Queue} wl_registry#2.global(69, "zwp_text_input_manager_v3", 2)
[12:06:49.161354] {Default Queue} wl_registry#2.global(71, "org_kde_kwin_slide_manager", 1)
[12:06:49.161355] {Default Queue} wl_registry#2.global(72, "xdg_system_bell_v1", 1)
[12:06:49.161357] {Default Queue} wl_callback#3.done(0)
[12:06:49.161381] {Default Queue}  -> wl_shm#7.create_pool(new id wl_shm_pool#3, fd 11, 2304)
[12:06:49.161428] {Default Queue}  -> wl_shm_pool#3.resize(8208)
[12:06:49.161488] {Default Queue}  -> wl_shm_pool#3.resize(20016)
[12:06:49.161553] {Default Queue}  -> wl_shm_pool#3.resize(43632)
[12:06:49.161676] {Default Queue}  -> wl_shm_pool#3.resize(90864)
[12:06:49.162149] {Default Queue}  -> wl_shm_pool#3.resize(185328)
[12:06:49.162320] {Default Queue}  -> wl_shm_pool#3.resize(374256)
[12:06:49.163156] {Default Queue}  -> wl_shm_pool#3.resize(752112)
[12:06:49.164823] {Default Queue}  -> wl_shm_pool#3.resize(1507824)
[12:06:49.166061] {Default Queue}  -> wl_registry#2.bind(11, "wl_seat", 5, new id [unknown]#22)
[12:06:49.167363] {Default Queue}  -> wl_compositor#4.create_surface(new id wl_surface#23)
[12:06:49.167375] {Default Queue}  -> zwp_primary_selection_device_manager_v1#11.get_device(new id zwp_primary_selection_device_v1#24, wl_seat#22)
[12:06:49.167378] {Default Queue}  -> wl_data_device_manager#9.get_data_device(new id wl_data_device#25, wl_seat#22)
[12:06:49.167419] {Default Queue}  -> wl_compositor#4.create_surface(new id wl_surface#26)
[12:06:49.167421] {Default Queue}  -> zwp_tablet_manager_v2#5.get_tablet_seat(new id zwp_tablet_seat_v2#27, wl_seat#22)
[12:06:49.167424] {Default Queue}  -> wl_display#1.sync(new id wl_callback#28)
[12:06:49.167553] {Display Queue} wl_display#1.delete_id(14)
[12:06:49.167555] {Display Queue} wl_display#1.delete_id(21)
[12:06:49.167557] {Display Queue} wl_display#1.delete_id(28)
[12:06:49.167558] {Default Queue} wl_shm#7.format(0)
[12:06:49.167560] {Default Queue} wl_shm#7.format(1)
[12:06:49.167561] {Default Queue} wl_shm#7.format(1448434008)
[12:06:49.167562] {Default Queue} wl_shm#7.format(808669761)
[12:06:49.167564] {Default Queue} wl_shm#7.format(808669784)
[12:06:49.167565] {Default Queue} wl_shm#7.format(808665665)
[12:06:49.167566] {Default Queue} wl_shm#7.format(808665688)
[12:06:49.167568] {Default Queue} wl_shm#7.format(942948929)
[12:06:49.167569] {Default Queue} wl_shm#7.format(942948952)
[12:06:49.167570] {Default Queue} wl_shm#7.format(875710274)
[12:06:49.167572] {Default Queue} wl_shm#7.format(875710290)
[12:06:49.167573] {Default Queue} org_kde_kwin_server_decoration_manager#12.default_mode(2)
[12:06:49.167576] {Default Queue} wl_callback#14.done(0)
[12:06:49.167577] {Default Queue} wl_output#19.mode(1, 1440, 960, 60000)
[12:06:49.167580] {Default Queue} wl_output#19.scale(1)
[12:06:49.167582] {Default Queue} wl_output#19.geometry(0, 0, -1, -1, 0, "", "", 0)
[12:06:49.167586] {Default Queue} wl_output#19.done()
[12:06:49.167590] {Default Queue} zxdg_output_v1#20.logical_position(0, 0)
[12:06:49.167592] {Default Queue} zxdg_output_v1#20.logical_size(1440, 960)
[12:06:49.167594] {Default Queue} zxdg_output_v1#20.name("Virtual-0")
[12:06:49.167595] {Default Queue} zxdg_output_v1#20.description("Virtual-0")
[12:06:49.167597] {Default Queue} wl_output#19.done()
[12:06:49.167599] {Default Queue} wl_callback#21.done(0)
[12:06:49.167600] {Default Queue} wl_seat#22.name("seat0")
[12:06:49.167602] {Default Queue} wl_seat#22.capabilities(2)
[12:06:49.167604] {Default Queue}  -> wl_seat#22.get_keyboard(new id wl_keyboard#21)
[12:06:49.167609] {Default Queue} wl_callback#28.done(0)
[12:06:49.167610] {Default Queue}  -> wl_registry#2.bind(63, "xdg_wm_base", 6, new id [unknown]#28)
PROOF_PTY_START id=0 pid=Some(2891384)
PROOF_PTY_START id=1 pid=Some(2891386)
PROOF_PTY_START id=2 pid=Some(2891388)
[12:06:49.188469] {Default Queue}  -> wl_compositor#4.create_surface(new id wl_surface#14)
[12:06:49.188556] {Default Queue}  -> xdg_wm_base#28.get_xdg_surface(new id xdg_surface#29, wl_surface#14)
[12:06:49.188560] {Default Queue}  -> xdg_surface#29.get_toplevel(new id xdg_toplevel#30)
[12:06:49.188563] {Default Queue}  -> xdg_toplevel#30.set_parent(nil)
[12:06:49.188567] {Default Queue}  -> xdg_toplevel#30.set_title("Symbiote experimental Linux shell")
[12:06:49.188569] {Default Queue}  -> xdg_toplevel#30.set_app_id("symbiote-linux-shell-proof")
[12:06:49.188571] {Default Queue}  -> wl_surface#14.commit()
[12:06:49.188573] {Default Queue}  -> org_kde_kwin_server_decoration_manager#12.create(new id org_kde_kwin_server_decoration#31, wl_surface#14)
[12:06:49.188580] {Default Queue}  -> org_kde_kwin_server_decoration#31.request_mode(1)
[12:06:49.308451] {Default Queue}  -> wl_compositor#4.create_surface(new id wl_surface#32)
[12:06:49.308691] {mesa egl display queue}  -> wl_display#1.get_registry(new id wl_registry#33)
[12:06:49.308696] {mesa egl display queue}  -> wl_display#1.sync(new id wl_callback#34)
[12:06:49.320763] {Display Queue} wl_display#1.delete_id(34)
[12:06:49.320776] {mesa egl display queue} wl_registry#33.global(1, "wl_compositor", 6)
[12:06:49.320779] {mesa egl display queue} wl_registry#33.global(3, "zwp_tablet_manager_v2", 2)
[12:06:49.320781] {mesa egl display queue} wl_registry#33.global(4, "zwp_keyboard_shortcuts_inhibit_manager_v1", 1)
[12:06:49.320783] {mesa egl display queue} wl_registry#33.global(5, "xdg_session_manager_v1", 1)
[12:06:49.320784] {mesa egl display queue} wl_registry#33.global(6, "zxdg_decoration_manager_v1", 2)
[12:06:49.320786] {mesa egl display queue} wl_registry#33.global(7, "wp_viewporter", 1)
[12:06:49.320787] {mesa egl display queue} wl_registry#33.global(8, "wp_security_context_manager_v1", 1)
[12:06:49.320789] {mesa egl display queue} wl_registry#33.global(9, "wp_fractional_scale_manager_v1", 1)
[12:06:49.320790] {mesa egl display queue} wl_registry#33.global(10, "wl_shm", 2)
[12:06:49.320792] {mesa egl display queue} wl_registry#33.global(11, "wl_seat", 10)
[12:06:49.320794] {mesa egl display queue} wl_registry#33.global(12, "zwp_pointer_gestures_v1", 3)
[12:06:49.320795] {mesa egl display queue} wl_registry#33.global(13, "zwp_pointer_constraints_v1", 1)
[12:06:49.320797] {mesa egl display queue} wl_registry#33.global(14, "zwp_relative_pointer_manager_v1", 1)
[12:06:49.320799] {mesa egl display queue} wl_registry#33.global(15, "wl_data_device_manager", 3)
[12:06:49.320800] {mesa egl display queue} wl_registry#33.global(16, "ext_data_control_manager_v1", 1)
[12:06:49.320802] {mesa egl display queue} wl_registry#33.global(17, "wp_cursor_shape_manager_v1", 2)
[12:06:49.320803] {mesa egl display queue} wl_registry#33.global(18, "zwp_primary_selection_device_manager_v1", 1)
[12:06:49.320805] {mesa egl display queue} wl_registry#33.global(19, "org_kde_kwin_idle", 1)
[12:06:49.320806] {mesa egl display queue} wl_registry#33.global(20, "zwp_idle_inhibit_manager_v1", 1)
[12:06:49.320808] {mesa egl display queue} wl_registry#33.global(21, "ext_idle_notifier_v1", 2)
[12:06:49.320809] {mesa egl display queue} wl_registry#33.global(22, "org_kde_plasma_shell", 8)
[12:06:49.320811] {mesa egl display queue} wl_registry#33.global(23, "org_kde_kwin_appmenu_manager", 2)
[12:06:49.320813] {mesa egl display queue} wl_registry#33.global(24, "org_kde_kwin_server_decoration_palette_manager", 1)
[12:06:49.320814] {mesa egl display queue} wl_registry#33.global(26, "org_kde_plasma_virtual_desktop_management", 4)
[12:06:49.320816] {mesa egl display queue} wl_registry#33.global(28, "org_kde_kwin_shadow_manager", 2)
[12:06:49.320817] {mesa egl display queue} wl_registry#33.global(29, "org_kde_kwin_dpms_manager", 1)
[12:06:49.320819] {mesa egl display queue} wl_registry#33.global(30, "org_kde_kwin_server_decoration_manager", 1)
[12:06:49.320821] {mesa egl display queue} wl_registry#33.global(31, "kde_output_management_v2", 21)
[12:06:49.320822] {mesa egl display queue} wl_registry#33.global(32, "kde_output_device_registry_v2", 23)
[12:06:49.320824] {mesa egl display queue} wl_registry#33.global(33, "zxdg_output_manager_v1", 3)
[12:06:49.320826] {mesa egl display queue} wl_registry#33.global(34, "wl_subcompositor", 1)
[12:06:49.320827] {mesa egl display queue} wl_registry#33.global(35, "zxdg_exporter_v2", 1)
[12:06:49.320829] {mesa egl display queue} wl_registry#33.global(36, "zxdg_importer_v2", 1)
[12:06:49.320830] {mesa egl display queue} wl_registry#33.global(37, "zwp_input_method_v1", 1)
[12:06:49.320832] {mesa egl display queue} wl_registry#33.global(39, "xdg_activation_v1", 1)
[12:06:49.320833] {mesa egl display queue} wl_registry#33.global(41, "wp_content_type_manager_v1", 1)
[12:06:49.320835] {mesa egl display queue} wl_registry#33.global(42, "wp_tearing_control_manager_v1", 1)
[12:06:49.320841] {mesa egl display queue} wl_registry#33.global(43, "xdg_toplevel_drag_manager_v1", 1)
[12:06:49.320847] {mesa egl display queue} wl_registry#33.global(44, "xdg_toplevel_icon_manager_v1", 1)
[12:06:49.320849] {mesa egl display queue} wl_registry#33.global(45, "kde_screen_edge_manager_v1", 1)
[12:06:49.320851] {mesa egl display queue} wl_registry#33.global(46, "frog_color_management_factory_v1", 1)
[12:06:49.320852] {mesa egl display queue} wl_registry#33.global(47, "wp_presentation", 2)
[12:06:49.320855] {mesa egl display queue}  -> wl_registry#33.bind(47, "wp_presentation", 1, new id [unknown]#35)
[12:06:49.320857] {mesa egl display queue} wl_registry#33.global(48, "wp_color_manager_v1", 2)
[12:06:49.320859] {mesa egl display queue} wl_registry#33.global(49, "xdg_wm_dialog_v1", 1)
[12:06:49.320861] {mesa egl display queue} wl_registry#33.global(50, "kde_external_brightness_v1", 3)
[12:06:49.320862] {mesa egl display queue} wl_registry#33.global(51, "wp_alpha_modifier_v1", 1)
[12:06:49.320864] {mesa egl display queue} wl_registry#33.global(52, "wl_fixes", 1)
[12:06:49.320866] {mesa egl display queue}  -> wl_registry#33.bind(52, "wl_fixes", 1, new id [unknown]#36)
[12:06:49.320867] {mesa egl display queue} wl_registry#33.global(53, "wp_fifo_manager_v1", 1)
[12:06:49.320869] {mesa egl display queue} wl_registry#33.global(54, "wp_single_pixel_buffer_manager_v1", 1)
[12:06:49.320871] {mesa egl display queue} wl_registry#33.global(55, "xdg_toplevel_tag_manager_v1", 1)
[12:06:49.320872] {mesa egl display queue} wl_registry#33.global(56, "wp_color_representation_manager_v1", 1)
[12:06:49.320874] {mesa egl display queue} wl_registry#33.global(57, "wp_pointer_warp_v1", 1)
[12:06:49.320876] {mesa egl display queue} wl_registry#33.global(58, "ext_background_effect_manager_v1", 1)
[12:06:49.320877] {mesa egl display queue} wl_registry#33.global(60, "zwp_linux_dmabuf_v1", 5)
[12:06:49.320879] {mesa egl display queue}  -> wl_registry#33.bind(60, "zwp_linux_dmabuf_v1", 4, new id [unknown]#37)
[12:06:49.320881] {mesa egl display queue} wl_registry#33.global(61, "wp_linux_drm_syncobj_manager_v1", 1)
[12:06:49.320882] {mesa egl display queue} wl_registry#33.global(62, "zwp_input_panel_v1", 1)
[12:06:49.320884] {mesa egl display queue} wl_registry#33.global(63, "xdg_wm_base", 6)
[12:06:49.320886] {mesa egl display queue} wl_registry#33.global(64, "zwlr_layer_shell_v1", 5)
[12:06:49.320887] {mesa egl display queue} wl_registry#33.global(65, "org_kde_kwin_keystate", 5)
[12:06:49.320889] {mesa egl display queue} wl_registry#33.global(66, "wl_output", 4)
[12:06:49.320890] {mesa egl display queue} wl_registry#33.global(67, "kde_output_order_v1", 1)
[12:06:49.320892] {mesa egl display queue} wl_registry#33.global(68, "zwp_text_input_manager_v2", 1)
[12:06:49.320894] {mesa egl display queue} wl_registry#33.global(69, "zwp_text_input_manager_v3", 2)
[12:06:49.320895] {mesa egl display queue} wl_registry#33.global(71, "org_kde_kwin_slide_manager", 1)
[12:06:49.320897] {mesa egl display queue} wl_registry#33.global(72, "xdg_system_bell_v1", 1)
[12:06:49.320898] {mesa egl display queue} wl_callback#34.done(0)
[12:06:49.320901] {mesa egl display queue}  -> zwp_linux_dmabuf_v1#37.get_default_feedback(new id zwp_linux_dmabuf_feedback_v1#34)
[12:06:49.320904] {mesa egl display queue}  -> wl_display#1.sync(new id wl_callback#38)
[12:06:49.320946] {Display Queue} wl_display#1.delete_id(38)
[12:06:49.320948] {mesa egl display queue} wp_presentation#35.clock_id(1)
[12:06:49.320950] {mesa egl display queue} zwp_linux_dmabuf_feedback_v1#34.format_table(fd 34, 2496)
[12:06:49.320959] {mesa egl display queue} zwp_linux_dmabuf_feedback_v1#34.main_device(array[8])
[12:06:49.321148] {mesa egl display queue} zwp_linux_dmabuf_feedback_v1#34.tranche_target_device(array[8])
[12:06:49.321151] {mesa egl display queue} zwp_linux_dmabuf_feedback_v1#34.tranche_formats(array[48])
[12:06:49.321155] {mesa egl display queue} zwp_linux_dmabuf_feedback_v1#34.tranche_flags(0)
[12:06:49.321156] {mesa egl display queue} zwp_linux_dmabuf_feedback_v1#34.tranche_done()
[12:06:49.321160] {mesa egl display queue} zwp_linux_dmabuf_feedback_v1#34.tranche_target_device(array[8])
[12:06:49.321164] {mesa egl display queue} zwp_linux_dmabuf_feedback_v1#34.tranche_formats(array[48])
[12:06:49.321166] {mesa egl display queue} zwp_linux_dmabuf_feedback_v1#34.tranche_flags(0)
[12:06:49.321168] {mesa egl display queue} zwp_linux_dmabuf_feedback_v1#34.tranche_done()
[12:06:49.321169] {mesa egl display queue} zwp_linux_dmabuf_feedback_v1#34.tranche_target_device(array[8])
[12:06:49.321170] {mesa egl display queue} zwp_linux_dmabuf_feedback_v1#34.tranche_formats(array[216])
[12:06:49.321173] {mesa egl display queue} zwp_linux_dmabuf_feedback_v1#34.tranche_flags(0)
[12:06:49.321174] {mesa egl display queue} zwp_linux_dmabuf_feedback_v1#34.tranche_done()
[12:06:49.321176] {mesa egl display queue} zwp_linux_dmabuf_feedback_v1#34.done()
[12:06:49.321177] {mesa egl display queue} wl_callback#38.done(1)
[12:06:49.321179] {mesa egl display queue}  -> zwp_linux_dmabuf_feedback_v1#34.destroy()
[12:06:49.329061] {Default Queue}  -> wl_surface#32.destroy()
[12:06:49.329147] {Default Queue}  -> wl_compositor#4.create_surface(new id wl_surface#38)
[12:06:49.330500] {Default Queue}  -> wl_surface#38.destroy()
[12:06:49.332190] {Default Queue}  -> wl_display#1.get_registry(new id wl_registry#39)
PROOF_READY preview_origin=http://127.0.0.1:41939 pid=2891374 synthetic_streams=4 real_ptys=3
[12:06:49.334842] {Default Queue} wl_keyboard#21.repeat_info(25, 600)
[12:06:49.334853] {Default Queue} wl_keyboard#21.keymap(1, fd 30, 35724)
[12:06:49.335446] {Default Queue} xdg_toplevel#30.wm_capabilities(array[16])
[12:06:49.335450] {Default Queue} org_kde_kwin_server_decoration#31.mode(2)
[12:06:49.335453] {Default Queue}  -> org_kde_kwin_server_decoration#31.request_mode(1)
[12:06:49.335455] {Default Queue} org_kde_kwin_server_decoration#31.mode(2)
[12:06:49.335457] {Default Queue}  -> org_kde_kwin_server_decoration#31.request_mode(1)
[12:06:49.335459] {Default Queue} org_kde_kwin_server_decoration#31.mode(1)
[12:06:49.335460] {Default Queue} xdg_toplevel#30.configure_bounds(1440, 960)
[12:06:49.335462] {Default Queue} xdg_toplevel#30.configure(0, 0, array[0])
[12:06:49.335465] {Default Queue} xdg_surface#29.configure(1)
[12:06:49.335470] {Default Queue}  -> xdg_surface#29.ack_configure(1)
[12:06:49.336072] {Display Queue} wl_display#1.delete_id(34)
[12:06:49.336081] {Display Queue} wl_display#1.delete_id(32)
[12:06:49.336083] {Display Queue} wl_display#1.delete_id(38)
[12:06:49.336085] {Default Queue} wl_registry#39.global(1, "wl_compositor", 6)
[12:06:49.336088] {Default Queue} wl_registry#39.global(3, "zwp_tablet_manager_v2", 2)
[12:06:49.336089] {Default Queue} wl_registry#39.global(4, "zwp_keyboard_shortcuts_inhibit_manager_v1", 1)
[12:06:49.336093] {Default Queue} wl_registry#39.global(5, "xdg_session_manager_v1", 1)
[12:06:49.336094] {Default Queue} wl_registry#39.global(6, "zxdg_decoration_manager_v1", 2)
[12:06:49.336096] {Default Queue} wl_registry#39.global(7, "wp_viewporter", 1)
[12:06:49.336098] {Default Queue} wl_registry#39.global(8, "wp_security_context_manager_v1", 1)
[12:06:49.336099] {Default Queue} wl_registry#39.global(9, "wp_fractional_scale_manager_v1", 1)
[12:06:49.336101] {Default Queue} wl_registry#39.global(10, "wl_shm", 2)
[12:06:49.336102] {Default Queue} wl_registry#39.global(11, "wl_seat", 10)
[12:06:49.336104] {Default Queue} wl_registry#39.global(12, "zwp_pointer_gestures_v1", 3)
[12:06:49.336106] {Default Queue} wl_registry#39.global(13, "zwp_pointer_constraints_v1", 1)
[12:06:49.336107] {Default Queue} wl_registry#39.global(14, "zwp_relative_pointer_manager_v1", 1)
[12:06:49.336109] {Default Queue} wl_registry#39.global(15, "wl_data_device_manager", 3)
[12:06:49.336110] {Default Queue} wl_registry#39.global(16, "ext_data_control_manager_v1", 1)
[12:06:49.336112] {Default Queue} wl_registry#39.global(17, "wp_cursor_shape_manager_v1", 2)
[12:06:49.336114] {Default Queue} wl_registry#39.global(18, "zwp_primary_selection_device_manager_v1", 1)
[12:06:49.336115] {Default Queue} wl_registry#39.global(19, "org_kde_kwin_idle", 1)
[12:06:49.336120] {Default Queue} wl_registry#39.global(20, "zwp_idle_inhibit_manager_v1", 1)
[12:06:49.336128] {Default Queue} wl_registry#39.global(21, "ext_idle_notifier_v1", 2)
[12:06:49.336130] {Default Queue} wl_registry#39.global(22, "org_kde_plasma_shell", 8)
[12:06:49.336131] {Default Queue} wl_registry#39.global(23, "org_kde_kwin_appmenu_manager", 2)
[12:06:49.336133] {Default Queue} wl_registry#39.global(24, "org_kde_kwin_server_decoration_palette_manager", 1)
[12:06:49.336134] {Default Queue} wl_registry#39.global(26, "org_kde_plasma_virtual_desktop_management", 4)
[12:06:49.336136] {Default Queue} wl_registry#39.global(28, "org_kde_kwin_shadow_manager", 2)
[12:06:49.336138] {Default Queue} wl_registry#39.global(29, "org_kde_kwin_dpms_manager", 1)
[12:06:49.336139] {Default Queue} wl_registry#39.global(30, "org_kde_kwin_server_decoration_manager", 1)
[12:06:49.336141] {Default Queue} wl_registry#39.global(31, "kde_output_management_v2", 21)
[12:06:49.336143] {Default Queue} wl_registry#39.global(32, "kde_output_device_registry_v2", 23)
[12:06:49.336144] {Default Queue} wl_registry#39.global(33, "zxdg_output_manager_v1", 3)
[12:06:49.336146] {Default Queue} wl_registry#39.global(34, "wl_subcompositor", 1)
[12:06:49.336147] {Default Queue} wl_registry#39.global(35, "zxdg_exporter_v2", 1)
[12:06:49.336149] {Default Queue} wl_registry#39.global(36, "zxdg_importer_v2", 1)
[12:06:49.336151] {Default Queue} wl_registry#39.global(37, "zwp_input_method_v1", 1)
[12:06:49.336152] {Default Queue} wl_registry#39.global(39, "xdg_activation_v1", 1)
[12:06:49.336154] {Default Queue} wl_registry#39.global(41, "wp_content_type_manager_v1", 1)
[12:06:49.336155] {Default Queue} wl_registry#39.global(42, "wp_tearing_control_manager_v1", 1)
[12:06:49.336157] {Default Queue} wl_registry#39.global(43, "xdg_toplevel_drag_manager_v1", 1)
[12:06:49.336158] {Default Queue} wl_registry#39.global(44, "xdg_toplevel_icon_manager_v1", 1)
[12:06:49.336160] {Default Queue} wl_registry#39.global(45, "kde_screen_edge_manager_v1", 1)
[12:06:49.336162] {Default Queue} wl_registry#39.global(46, "frog_color_management_factory_v1", 1)
[12:06:49.336163] {Default Queue} wl_registry#39.global(47, "wp_presentation", 2)
[12:06:49.336165] {Default Queue} wl_registry#39.global(48, "wp_color_manager_v1", 2)
[12:06:49.336166] {Default Queue} wl_registry#39.global(49, "xdg_wm_dialog_v1", 1)
[12:06:49.336168] {Default Queue} wl_registry#39.global(50, "kde_external_brightness_v1", 3)
[12:06:49.336169] {Default Queue} wl_registry#39.global(51, "wp_alpha_modifier_v1", 1)
[12:06:49.336171] {Default Queue} wl_registry#39.global(52, "wl_fixes", 1)
[12:06:49.336173] {Default Queue} wl_registry#39.global(53, "wp_fifo_manager_v1", 1)
[12:06:49.336174] {Default Queue} wl_registry#39.global(54, "wp_single_pixel_buffer_manager_v1", 1)
[12:06:49.336176] {Default Queue} wl_registry#39.global(55, "xdg_toplevel_tag_manager_v1", 1)
[12:06:49.336177] {Default Queue} wl_registry#39.global(56, "wp_color_representation_manager_v1", 1)
[12:06:49.336179] {Default Queue} wl_registry#39.global(57, "wp_pointer_warp_v1", 1)
[12:06:49.336180] {Default Queue} wl_registry#39.global(58, "ext_background_effect_manager_v1", 1)
[12:06:49.336182] {Default Queue} wl_registry#39.global(60, "zwp_linux_dmabuf_v1", 5)
[12:06:49.336184] {Default Queue} wl_registry#39.global(61, "wp_linux_drm_syncobj_manager_v1", 1)
[12:06:49.336185] {Default Queue} wl_registry#39.global(62, "zwp_input_panel_v1", 1)
[12:06:49.336187] {Default Queue} wl_registry#39.global(63, "xdg_wm_base", 6)
[12:06:49.336188] {Default Queue} wl_registry#39.global(64, "zwlr_layer_shell_v1", 5)
[12:06:49.336190] {Default Queue} wl_registry#39.global(65, "org_kde_kwin_keystate", 5)
[12:06:49.336192] {Default Queue} wl_registry#39.global(66, "wl_output", 4)
[12:06:49.336193] {Default Queue} wl_registry#39.global(67, "kde_output_order_v1", 1)
[12:06:49.336195] {Default Queue} wl_registry#39.global(68, "zwp_text_input_manager_v2", 1)
[12:06:49.336196] {Default Queue} wl_registry#39.global(69, "zwp_text_input_manager_v3", 2)
[12:06:49.336200] {Default Queue}  -> wl_registry#39.bind(69, "zwp_text_input_manager_v3", 1, new id [unknown]#38)
[12:06:49.336203] {Default Queue}  -> zwp_text_input_manager_v3#38.get_text_input(new id zwp_text_input_v3#32, wl_seat#22)
[12:06:49.336205] {Default Queue} wl_registry#39.global(71, "org_kde_kwin_slide_manager", 1)
[12:06:49.336207] {Default Queue} wl_registry#39.global(72, "xdg_system_bell_v1", 1)
[12:06:49.345854] {Default Queue}  -> xdg_toplevel#30.set_min_size(1400, 948)
[12:06:49.345867] {Default Queue}  -> xdg_toplevel#30.set_max_size(0, 0)
[12:06:49.345872] {Default Queue}  -> wl_surface#14.set_buffer_scale(1)
[12:06:49.346075] {Default Queue}  -> wl_shm#7.create_pool(new id wl_shm_pool#34, fd 52, 6186480)
[12:06:49.346083] {Default Queue}  -> wl_shm_pool#34.create_buffer(new id wl_buffer#40, 0, 1490, 1038, 5960, 0)
[12:06:49.349687] {Default Queue}  -> wl_surface#14.attach(wl_buffer#40, 0, 0)
[12:06:49.349700] {Default Queue}  -> wl_surface#14.set_buffer_scale(1)
[12:06:49.349703] {Default Queue}  -> wl_surface#14.damage(0, 0, 1490, 1038)
[12:06:49.349706] {Default Queue}  -> xdg_toplevel#30.set_min_size(1400, 948)
[12:06:49.349708] {Default Queue}  -> xdg_toplevel#30.set_max_size(0, 0)
[12:06:49.349709] {Default Queue}  -> xdg_surface#29.set_window_geometry(45, 45, 1400, 948)
[12:06:49.349712] {Default Queue}  -> wl_compositor#4.create_region(new id wl_region#41)
[12:06:49.349714] {Default Queue}  -> wl_region#41.add(50, 45, 1390, 5)
[12:06:49.349716] {Default Queue}  -> wl_region#41.add(45, 50, 1400, 938)
[12:06:49.349717] {Default Queue}  -> wl_region#41.add(50, 988, 1390, 5)
[12:06:49.349719] {Default Queue}  -> wl_surface#14.set_opaque_region(wl_region#41)
[12:06:49.349721] {Default Queue}  -> wl_region#41.destroy()
[12:06:49.349723] {Default Queue}  -> wl_compositor#4.create_region(new id wl_region#42)
[12:06:49.349724] {Default Queue}  -> wl_region#42.add(35, 35, 1420, 968)
[12:06:49.349726] {Default Queue}  -> wl_surface#14.set_input_region(wl_region#42)
[12:06:49.349728] {Default Queue}  -> wl_region#42.destroy()
[12:06:49.349744] {Default Queue}  -> wl_surface#14.frame(new id wl_callback#43)
[12:06:49.349747] {Default Queue}  -> wl_surface#14.commit()
[12:06:49.353998] {Display Queue} wl_display#1.delete_id(41)
[12:06:49.354018] {Display Queue} wl_display#1.delete_id(42)
[12:06:49.354021] {Display Queue} wl_display#1.delete_id(43)
[12:06:49.354023] {Default Queue} wl_surface#14.enter(wl_output#19)
[12:06:49.354028] {Default Queue} wl_keyboard#21.modifiers(3, 0, 0, 0, 0)
[12:06:49.354040] {Default Queue} xdg_wm_base#28.ping(4)
[12:06:49.354044] {Default Queue}  -> xdg_wm_base#28.pong(4)
[12:06:49.354047] {Default Queue} wl_keyboard#21.enter(5, wl_surface#14, array[0])
[12:06:49.354055] {Default Queue} wl_keyboard#21.modifiers(3, 0, 0, 0, 0)
[12:06:49.354059] {Default Queue} wl_data_device#25.selection(nil)
[12:06:49.354066] {Default Queue} zwp_primary_selection_device_v1#24.selection(nil)
[12:06:49.354069] {Default Queue} zwp_text_input_v3#32.enter(wl_surface#14)
[12:06:49.354072] {Default Queue} wl_callback#43.done(384990701)
[12:06:49.354076] {Default Queue} xdg_toplevel#30.configure(1400, 948, array[4])
[12:06:49.354079] {Default Queue} xdg_surface#29.configure(7)
[12:06:49.354086] {Default Queue}  -> xdg_surface#29.ack_configure(7)
[12:06:49.354266] {Default Queue}  -> wl_surface#14.frame(new id wl_callback#43)
[12:06:49.354272] {Default Queue}  -> wl_surface#14.commit()
[12:06:49.372695] {Display Queue} wl_display#1.delete_id(43)
[12:06:49.372711] {Default Queue} wl_callback#43.done(384991334)
[12:06:49.428557] {Default Queue}  -> wl_shm#7.create_pool(new id wl_shm_pool#43, fd 73, 6186480)
[12:06:49.428577] {Default Queue}  -> wl_shm_pool#43.create_buffer(new id wl_buffer#42, 0, 1490, 1038, 5960, 0)
PROOF_PREVIEW_REPORT snapshot: denied
[12:06:49.432963] {Default Queue}  -> wl_surface#14.set_buffer_scale(1)
[12:06:49.432983] {mesa egl surface queue}  -> zwp_linux_dmabuf_v1#37.get_surface_feedback(new id zwp_linux_dmabuf_feedback_v1#41, wl_surface#14)
[12:06:49.433000] {mesa egl display queue}  -> wl_display#1.sync(new id wl_callback#44)
[12:06:49.433112] {Display Queue} wl_display#1.delete_id(44)
[12:06:49.433126] {mesa egl display queue} wl_callback#44.done(7)
[12:06:49.433143] {mesa egl surface queue} zwp_linux_dmabuf_feedback_v1#41.format_table(fd 72, 2496)
[12:06:49.433156] {mesa egl surface queue} zwp_linux_dmabuf_feedback_v1#41.main_device(array[8])
[12:06:49.433160] {mesa egl surface queue} zwp_linux_dmabuf_feedback_v1#41.tranche_target_device(array[8])
[12:06:49.433163] {mesa egl surface queue} zwp_linux_dmabuf_feedback_v1#41.tranche_formats(array[48])
[12:06:49.433169] {mesa egl surface queue} zwp_linux_dmabuf_feedback_v1#41.tranche_flags(0)
[12:06:49.433172] {mesa egl surface queue} zwp_linux_dmabuf_feedback_v1#41.tranche_done()
[12:06:49.433176] {mesa egl surface queue} zwp_linux_dmabuf_feedback_v1#41.tranche_target_device(array[8])
[12:06:49.433179] {mesa egl surface queue} zwp_linux_dmabuf_feedback_v1#41.tranche_formats(array[48])
[12:06:49.433181] {mesa egl surface queue} zwp_linux_dmabuf_feedback_v1#41.tranche_flags(0)
[12:06:49.433184] {mesa egl surface queue} zwp_linux_dmabuf_feedback_v1#41.tranche_done()
[12:06:49.433188] {mesa egl surface queue} zwp_linux_dmabuf_feedback_v1#41.tranche_target_device(array[8])
[12:06:49.433190] {mesa egl surface queue} zwp_linux_dmabuf_feedback_v1#41.tranche_formats(array[216])
[12:06:49.433193] {mesa egl surface queue} zwp_linux_dmabuf_feedback_v1#41.tranche_flags(0)
[12:06:49.433196] {mesa egl surface queue} zwp_linux_dmabuf_feedback_v1#41.tranche_done()
[12:06:49.433199] {mesa egl surface queue} zwp_linux_dmabuf_feedback_v1#41.done()
[12:06:49.451548] {Default Queue}  -> wl_surface#14.attach(wl_buffer#42, 0, 0)
[12:06:49.451567] {Default Queue}  -> wl_surface#14.set_buffer_scale(1)
[12:06:49.451570] {Default Queue}  -> wl_surface#14.damage(45, 93, 1400, 900)
[12:06:49.451573] {Default Queue}  -> xdg_toplevel#30.set_min_size(1400, 948)
[12:06:49.451575] {Default Queue}  -> xdg_toplevel#30.set_max_size(0, 0)
[12:06:49.451577] {Default Queue}  -> xdg_surface#29.set_window_geometry(45, 45, 1400, 948)
[12:06:49.451942] {Default Queue}  -> wl_surface#14.frame(new id wl_callback#44)
[12:06:49.451950] {Default Queue}  -> wl_surface#14.commit()
[12:06:49.452215] {Default Queue} wl_buffer#40.release()
[12:06:49.452228] {Default Queue}  -> wl_buffer#40.destroy()
[12:06:49.452230] {Default Queue}  -> wl_shm_pool#34.destroy()
PROOF_PREVIEW_REPORT stop_ptys: denied
[12:06:49.457680] {Display Queue} wl_display#1.delete_id(40)
[12:06:49.457694] {Display Queue} wl_display#1.delete_id(34)
[12:06:49.457696] {Display Queue} wl_display#1.delete_id(44)
[12:06:49.457697] {Default Queue} wl_callback#44.done(384991417)
[12:06:49.461683] {Default Queue}  -> xdg_toplevel#30.set_min_size(1400, 948)
[12:06:49.461696] {Default Queue}  -> xdg_toplevel#30.set_max_size(0, 0)
[12:06:49.461698] {Default Queue}  -> xdg_surface#29.set_window_geometry(45, 45, 1400, 948)
[12:06:49.464539] {mesa egl display queue}  -> zwp_linux_dmabuf_v1#37.create_params(new id zwp_linux_buffer_params_v1#44)
[12:06:49.464566] {mesa egl surface queue}  -> zwp_linux_buffer_params_v1#44.add(fd 61, 0, 0, 6144, 16777216, 8)
[12:06:49.464571] {mesa egl surface queue}  -> zwp_linux_buffer_params_v1#44.add(fd 62, 1, 6488064, 768, 16777216, 8)
[12:06:49.464577] {mesa egl surface queue}  -> zwp_linux_buffer_params_v1#44.add(fd 63, 2, 6516736, 64, 16777216, 8)
[12:06:49.464580] {mesa egl surface queue}  -> zwp_linux_buffer_params_v1#44.create_immed(new id wl_buffer#34, 1490, 1038, 875713089, 0)
[12:06:49.464584] {mesa egl surface queue}  -> zwp_linux_buffer_params_v1#44.destroy()
[12:06:49.464587] {mesa egl surface queue}  -> wl_surface#14.attach(wl_buffer#34, 0, 0)
[12:06:49.464590] {mesa egl surface queue}  -> wl_surface#14.damage(0, 0, 2147483647, 2147483647)
[12:06:49.464592] {mesa egl surface queue}  -> wl_surface#14.commit()
[12:06:49.464595] {mesa egl surface queue}  -> wl_display#1.sync(new id wl_callback#40)
[12:06:49.464815] {Display Queue} wl_display#1.delete_id(44)
[12:06:49.464826] {Display Queue} wl_display#1.delete_id(40)
[12:06:49.465222] {Default Queue} wl_buffer#42.release()
[12:06:49.471930] {mesa egl surface queue} wl_callback#40.done(7)
[12:06:49.472655] {Default Queue}  -> wl_buffer#42.destroy()
[12:06:49.472662] {Default Queue}  -> wl_shm_pool#43.destroy()
[12:06:49.475010] {Default Queue}  -> xdg_toplevel#30.set_min_size(1400, 948)
[12:06:49.475023] {Default Queue}  -> xdg_toplevel#30.set_max_size(0, 0)
[12:06:49.475026] {Default Queue}  -> xdg_surface#29.set_window_geometry(45, 45, 1400, 948)
[12:06:49.475602] {mesa egl display queue}  -> zwp_linux_dmabuf_v1#37.create_params(new id zwp_linux_buffer_params_v1#40)
[12:06:49.475619] {mesa egl surface queue}  -> zwp_linux_buffer_params_v1#40.add(fd 61, 0, 0, 6144, 16777216, 8)
[12:06:49.475625] {mesa egl surface queue}  -> zwp_linux_buffer_params_v1#40.add(fd 62, 1, 6488064, 768, 16777216, 8)
[12:06:49.475629] {mesa egl surface queue}  -> zwp_linux_buffer_params_v1#40.add(fd 63, 2, 6516736, 64, 16777216, 8)
[12:06:49.475633] {mesa egl surface queue}  -> zwp_linux_buffer_params_v1#40.create_immed(new id wl_buffer#44, 1490, 1038, 875713089, 0)
[12:06:49.475638] {mesa egl surface queue}  -> zwp_linux_buffer_params_v1#40.destroy()
[12:06:49.475642] {mesa egl surface queue}  -> wl_surface#14.attach(wl_buffer#44, 0, 0)
[12:06:49.475645] {mesa egl surface queue}  -> wl_surface#14.damage(0, 0, 2147483647, 2147483647)
[12:06:49.475647] {mesa egl surface queue}  -> wl_surface#14.commit()
[12:06:49.475650] {mesa egl surface queue}  -> wl_display#1.sync(new id wl_callback#45)
[12:06:49.476109] {Display Queue} wl_display#1.delete_id(42)
[12:06:49.476113] {Display Queue} wl_display#1.delete_id(43)
[12:06:49.476114] {Display Queue} wl_display#1.delete_id(40)
[12:06:49.476116] {Display Queue} wl_display#1.delete_id(45)
[12:06:49.487861] {mesa egl surface queue} wl_callback#45.done(7)
[12:06:49.487878] {mesa egl surface queue} wl_buffer#34.release()
[12:06:49.487881] {mesa egl surface queue}  -> wl_buffer#34.destroy()
[12:06:49.490392] {Default Queue}  -> xdg_toplevel#30.set_min_size(1400, 948)
[12:06:49.490405] {Default Queue}  -> xdg_toplevel#30.set_max_size(0, 0)
[12:06:49.490408] {Default Queue}  -> xdg_surface#29.set_window_geometry(45, 45, 1400, 948)
[12:06:49.490880] {mesa egl display queue}  -> zwp_linux_dmabuf_v1#37.create_params(new id zwp_linux_buffer_params_v1#45)
[12:06:49.490894] {mesa egl surface queue}  -> zwp_linux_buffer_params_v1#45.add(fd 60, 0, 0, 6144, 16777216, 8)
[12:06:49.490898] {mesa egl surface queue}  -> zwp_linux_buffer_params_v1#45.add(fd 61, 1, 6488064, 768, 16777216, 8)
[12:06:49.490901] {mesa egl surface queue}  -> zwp_linux_buffer_params_v1#45.add(fd 62, 2, 6516736, 64, 16777216, 8)
[12:06:49.490903] {mesa egl surface queue}  -> zwp_linux_buffer_params_v1#45.create_immed(new id wl_buffer#40, 1490, 1038, 875713089, 0)
[12:06:49.490906] {mesa egl surface queue}  -> zwp_linux_buffer_params_v1#45.destroy()
[12:06:49.490908] {mesa egl surface queue}  -> wl_surface#14.attach(wl_buffer#40, 0, 0)
[12:06:49.490910] {mesa egl surface queue}  -> wl_surface#14.damage(0, 0, 2147483647, 2147483647)
[12:06:49.490912] {mesa egl surface queue}  -> wl_surface#14.commit()
[12:06:49.490914] {mesa egl surface queue}  -> wl_display#1.sync(new id wl_callback#43)
[12:06:49.491025] {Display Queue} wl_display#1.delete_id(34)
[12:06:49.491029] {Display Queue} wl_display#1.delete_id(45)
[12:06:49.491030] {Display Queue} wl_display#1.delete_id(43)
[12:06:49.656850] {mesa egl surface queue} wl_callback#43.done(7)
[12:06:49.656868] {mesa egl surface queue} wl_buffer#44.release()
[12:06:49.657780] {Default Queue}  -> xdg_toplevel#30.set_min_size(1400, 948)
[12:06:49.657788] {Default Queue}  -> xdg_toplevel#30.set_max_size(0, 0)
[12:06:49.657790] {Default Queue}  -> xdg_surface#29.set_window_geometry(45, 45, 1400, 948)
[12:06:49.657838] {mesa egl surface queue}  -> wl_surface#14.attach(wl_buffer#44, 0, 0)
[12:06:49.657841] {mesa egl surface queue}  -> wl_surface#14.damage(0, 0, 2147483647, 2147483647)
[12:06:49.657843] {mesa egl surface queue}  -> wl_surface#14.commit()
[12:06:49.657849] {mesa egl surface queue}  -> wl_display#1.sync(new id wl_callback#43)
[12:06:49.657937] {Display Queue} wl_display#1.delete_id(43)
[12:06:49.671268] {mesa egl surface queue} wl_callback#43.done(7)
[12:06:49.671285] {mesa egl surface queue} wl_buffer#40.release()
[12:06:49.672168] {Default Queue}  -> xdg_toplevel#30.set_min_size(1400, 948)
[12:06:49.672176] {Default Queue}  -> xdg_toplevel#30.set_max_size(0, 0)
[12:06:49.672178] {Default Queue}  -> xdg_surface#29.set_window_geometry(45, 45, 1400, 948)
[12:06:49.672228] {mesa egl surface queue}  -> wl_surface#14.attach(wl_buffer#40, 0, 0)
[12:06:49.672232] {mesa egl surface queue}  -> wl_surface#14.damage(0, 0, 2147483647, 2147483647)
[12:06:49.672234] {mesa egl surface queue}  -> wl_surface#14.commit()
[12:06:49.672236] {mesa egl surface queue}  -> wl_display#1.sync(new id wl_callback#43)
[12:06:49.672323] {Display Queue} wl_display#1.delete_id(43)
[12:06:49.688043] {mesa egl surface queue} wl_callback#43.done(7)
[12:06:49.688062] {mesa egl surface queue} wl_buffer#44.release()
[12:06:49.688998] {Default Queue}  -> xdg_toplevel#30.set_min_size(1400, 948)
[12:06:49.689008] {Default Queue}  -> xdg_toplevel#30.set_max_size(0, 0)
[12:06:49.689011] {Default Queue}  -> xdg_surface#29.set_window_geometry(45, 45, 1400, 948)
[12:06:49.689058] {mesa egl surface queue}  -> wl_surface#14.attach(wl_buffer#44, 0, 0)
[12:06:49.689061] {mesa egl surface queue}  -> wl_surface#14.damage(0, 0, 2147483647, 2147483647)
[12:06:49.689063] {mesa egl surface queue}  -> wl_surface#14.commit()
[12:06:49.689065] {mesa egl surface queue}  -> wl_display#1.sync(new id wl_callback#43)
[12:06:49.689167] {Display Queue} wl_display#1.delete_id(43)
[12:06:49.704650] {mesa egl surface queue} wl_callback#43.done(7)
[12:06:49.704668] {mesa egl surface queue} wl_buffer#40.release()
[12:06:49.705575] {Default Queue}  -> xdg_toplevel#30.set_min_size(1400, 948)
[12:06:49.705584] {Default Queue}  -> xdg_toplevel#30.set_max_size(0, 0)
[12:06:49.705586] {Default Queue}  -> xdg_surface#29.set_window_geometry(45, 45, 1400, 948)
[12:06:49.705635] {mesa egl surface queue}  -> wl_surface#14.attach(wl_buffer#40, 0, 0)
[12:06:49.705637] {mesa egl surface queue}  -> wl_surface#14.damage(0, 0, 2147483647, 2147483647)
[12:06:49.705639] {mesa egl surface queue}  -> wl_surface#14.commit()
[12:06:49.705641] {mesa egl surface queue}  -> wl_display#1.sync(new id wl_callback#43)
[12:06:49.705746] {Display Queue} wl_display#1.delete_id(43)
[12:06:49.721609] {mesa egl surface queue} wl_callback#43.done(7)
[12:06:49.721621] {mesa egl surface queue} wl_buffer#44.release()
[12:06:49.722383] {Default Queue}  -> xdg_toplevel#30.set_min_size(1400, 948)
[12:06:49.722391] {Default Queue}  -> xdg_toplevel#30.set_max_size(0, 0)
[12:06:49.722394] {Default Queue}  -> xdg_surface#29.set_window_geometry(45, 45, 1400, 948)
[12:06:49.722450] {mesa egl surface queue}  -> wl_surface#14.attach(wl_buffer#44, 0, 0)
[12:06:49.722458] {mesa egl surface queue}  -> wl_surface#14.damage(0, 0, 2147483647, 2147483647)
[12:06:49.722464] {mesa egl surface queue}  -> wl_surface#14.commit()
[12:06:49.722470] {mesa egl surface queue}  -> wl_display#1.sync(new id wl_callback#43)
[12:06:49.722543] {Display Queue} wl_display#1.delete_id(43)
[12:06:49.738380] {mesa egl surface queue} wl_callback#43.done(7)
[12:06:49.738397] {mesa egl surface queue} wl_buffer#40.release()
[12:06:49.739246] {Default Queue}  -> xdg_toplevel#30.set_min_size(1400, 948)
[12:06:49.739253] {Default Queue}  -> xdg_toplevel#30.set_max_size(0, 0)
[12:06:49.739256] {Default Queue}  -> xdg_surface#29.set_window_geometry(45, 45, 1400, 948)
[12:06:49.739298] {mesa egl surface queue}  -> wl_surface#14.attach(wl_buffer#40, 0, 0)
[12:06:49.739301] {mesa egl surface queue}  -> wl_surface#14.damage(0, 0, 2147483647, 2147483647)
[12:06:49.739303] {mesa egl surface queue}  -> wl_surface#14.commit()
[12:06:49.739305] {mesa egl surface queue}  -> wl_display#1.sync(new id wl_callback#43)
[12:06:49.739356] {Display Queue} wl_display#1.delete_id(43)
[12:06:49.755132] {mesa egl surface queue} wl_callback#43.done(7)
[12:06:49.755155] {mesa egl surface queue} wl_buffer#44.release()
[12:06:49.756077] {Default Queue}  -> xdg_toplevel#30.set_min_size(1400, 948)
[12:06:49.756085] {Default Queue}  -> xdg_toplevel#30.set_max_size(0, 0)
[12:06:49.756087] {Default Queue}  -> xdg_surface#29.set_window_geometry(45, 45, 1400, 948)
[12:06:49.756130] {mesa egl surface queue}  -> wl_surface#14.attach(wl_buffer#44, 0, 0)
[12:06:49.756133] {mesa egl surface queue}  -> wl_surface#14.damage(0, 0, 2147483647, 2147483647)
[12:06:49.756135] {mesa egl surface queue}  -> wl_surface#14.commit()
[12:06:49.756137] {mesa egl surface queue}  -> wl_display#1.sync(new id wl_callback#43)
[12:06:49.756194] {Display Queue} wl_display#1.delete_id(43)
[12:06:49.771906] {mesa egl surface queue} wl_callback#43.done(7)
[12:06:49.771917] {mesa egl surface queue} wl_buffer#40.release()
[12:06:49.772703] {Default Queue}  -> xdg_toplevel#30.set_min_size(1400, 948)
[12:06:49.772709] {Default Queue}  -> xdg_toplevel#30.set_max_size(0, 0)
[12:06:49.772711] {Default Queue}  -> xdg_surface#29.set_window_geometry(45, 45, 1400, 948)
[12:06:49.772758] {mesa egl surface queue}  -> wl_surface#14.attach(wl_buffer#40, 0, 0)
[12:06:49.772761] {mesa egl surface queue}  -> wl_surface#14.damage(0, 0, 2147483647, 2147483647)
[12:06:49.772763] {mesa egl surface queue}  -> wl_surface#14.commit()
[12:06:49.772765] {mesa egl surface queue}  -> wl_display#1.sync(new id wl_callback#43)
[12:06:49.772810] {Display Queue} wl_display#1.delete_id(43)
[12:06:49.788413] {mesa egl surface queue} wl_callback#43.done(7)
[12:06:49.788437] {mesa egl surface queue} wl_buffer#44.release()
[12:06:49.789234] {Default Queue}  -> xdg_toplevel#30.set_min_size(1400, 948)
[12:06:49.789243] {Default Queue}  -> xdg_toplevel#30.set_max_size(0, 0)
[12:06:49.789246] {Default Queue}  -> xdg_surface#29.set_window_geometry(45, 45, 1400, 948)
[12:06:49.789293] {mesa egl surface queue}  -> wl_surface#14.attach(wl_buffer#44, 0, 0)
[12:06:49.789297] {mesa egl surface queue}  -> wl_surface#14.damage(0, 0, 2147483647, 2147483647)
[12:06:49.789300] {mesa egl surface queue}  -> wl_surface#14.commit()
[12:06:49.789302] {mesa egl surface queue}  -> wl_display#1.sync(new id wl_callback#43)
[12:06:49.789401] {Display Queue} wl_display#1.delete_id(43)
[12:06:49.804890] {mesa egl surface queue} wl_callback#43.done(7)
[12:06:49.804905] {mesa egl surface queue} wl_buffer#40.release()
[12:06:49.805679] {Default Queue}  -> xdg_toplevel#30.set_min_size(1400, 948)
[12:06:49.805686] {Default Queue}  -> xdg_toplevel#30.set_max_size(0, 0)
[12:06:49.805688] {Default Queue}  -> xdg_surface#29.set_window_geometry(45, 45, 1400, 948)
[12:06:49.805730] {mesa egl surface queue}  -> wl_surface#14.attach(wl_buffer#40, 0, 0)
[12:06:49.805733] {mesa egl surface queue}  -> wl_surface#14.damage(0, 0, 2147483647, 2147483647)
[12:06:49.805735] {mesa egl surface queue}  -> wl_surface#14.commit()
[12:06:49.805737] {mesa egl surface queue}  -> wl_display#1.sync(new id wl_callback#43)
[12:06:49.805783] {Display Queue} wl_display#1.delete_id(43)
[12:06:49.821619] {mesa egl surface queue} wl_callback#43.done(7)
[12:06:49.821630] {mesa egl surface queue} wl_buffer#44.release()
[12:06:49.822281] {Default Queue}  -> xdg_toplevel#30.set_min_size(1400, 948)
[12:06:49.822287] {Default Queue}  -> xdg_toplevel#30.set_max_size(0, 0)
[12:06:49.822290] {Default Queue}  -> xdg_surface#29.set_window_geometry(45, 45, 1400, 948)
[12:06:49.822324] {mesa egl surface queue}  -> wl_surface#14.attach(wl_buffer#44, 0, 0)
[12:06:49.822326] {mesa egl surface queue}  -> wl_surface#14.damage(0, 0, 2147483647, 2147483647)
[12:06:49.822328] {mesa egl surface queue}  -> wl_surface#14.commit()
[12:06:49.822330] {mesa egl surface queue}  -> wl_display#1.sync(new id wl_callback#43)
[12:06:49.822373] {Display Queue} wl_display#1.delete_id(43)
[12:06:49.877289] {mesa egl surface queue} wl_callback#43.done(7)
[12:06:49.877310] {mesa egl surface queue} wl_buffer#40.release()
[12:06:49.878145] {Default Queue}  -> xdg_toplevel#30.set_min_size(1400, 948)
[12:06:49.878160] {Default Queue}  -> xdg_toplevel#30.set_max_size(0, 0)
[12:06:49.878170] {Default Queue}  -> xdg_surface#29.set_window_geometry(45, 45, 1400, 948)
[12:06:49.878216] {mesa egl surface queue}  -> wl_surface#14.attach(wl_buffer#40, 0, 0)
[12:06:49.878219] {mesa egl surface queue}  -> wl_surface#14.damage(0, 0, 2147483647, 2147483647)
[12:06:49.878221] {mesa egl surface queue}  -> wl_surface#14.commit()
[12:06:49.878223] {mesa egl surface queue}  -> wl_display#1.sync(new id wl_callback#43)
[12:06:49.878291] {Display Queue} wl_display#1.delete_id(43)
[12:06:49.941755] {mesa egl surface queue} wl_callback#43.done(7)
[12:06:49.941780] {mesa egl surface queue} wl_buffer#44.release()
[12:06:49.942622] {Default Queue}  -> xdg_toplevel#30.set_min_size(1400, 948)
[12:06:49.942629] {Default Queue}  -> xdg_toplevel#30.set_max_size(0, 0)
[12:06:49.942631] {Default Queue}  -> xdg_surface#29.set_window_geometry(45, 45, 1400, 948)
[12:06:49.942676] {mesa egl surface queue}  -> wl_surface#14.attach(wl_buffer#44, 0, 0)
[12:06:49.942678] {mesa egl surface queue}  -> wl_surface#14.damage(0, 0, 2147483647, 2147483647)
[12:06:49.942680] {mesa egl surface queue}  -> wl_surface#14.commit()
[12:06:49.942682] {mesa egl surface queue}  -> wl_display#1.sync(new id wl_callback#43)
[12:06:49.942781] {Display Queue} wl_display#1.delete_id(43)
[12:06:49.974112] {mesa egl surface queue} wl_callback#43.done(7)
[12:06:49.974128] {mesa egl surface queue} wl_buffer#40.release()
[12:06:49.974957] {Default Queue}  -> xdg_toplevel#30.set_min_size(1400, 948)
[12:06:49.974964] {Default Queue}  -> xdg_toplevel#30.set_max_size(0, 0)
[12:06:49.974967] {Default Queue}  -> xdg_surface#29.set_window_geometry(45, 45, 1400, 948)
[12:06:49.975009] {mesa egl surface queue}  -> wl_surface#14.attach(wl_buffer#40, 0, 0)
[12:06:49.975012] {mesa egl surface queue}  -> wl_surface#14.damage(0, 0, 2147483647, 2147483647)
[12:06:49.975014] {mesa egl surface queue}  -> wl_surface#14.commit()
[12:06:49.975016] {mesa egl surface queue}  -> wl_display#1.sync(new id wl_callback#43)
[12:06:49.975145] {Display Queue} wl_display#1.delete_id(43)
[12:06:50.070168] {mesa egl surface queue} wl_callback#43.done(7)
[12:06:50.070185] {mesa egl surface queue} wl_buffer#44.release()
[12:06:50.071006] {Default Queue}  -> xdg_toplevel#30.set_min_size(1400, 948)
[12:06:50.071013] {Default Queue}  -> xdg_toplevel#30.set_max_size(0, 0)
[12:06:50.071015] {Default Queue}  -> xdg_surface#29.set_window_geometry(45, 45, 1400, 948)
[12:06:50.071062] {mesa egl surface queue}  -> wl_surface#14.attach(wl_buffer#44, 0, 0)
[12:06:50.071065] {mesa egl surface queue}  -> wl_surface#14.damage(0, 0, 2147483647, 2147483647)
[12:06:50.071067] {mesa egl surface queue}  -> wl_surface#14.commit()
[12:06:50.071069] {mesa egl surface queue}  -> wl_display#1.sync(new id wl_callback#43)
[12:06:50.071211] {Display Queue} wl_display#1.delete_id(43)
[12:06:50.166766] {mesa egl surface queue} wl_callback#43.done(7)
[12:06:50.166783] {mesa egl surface queue} wl_buffer#40.release()
[12:06:50.167613] {Default Queue}  -> xdg_toplevel#30.set_min_size(1400, 948)
[12:06:50.167620] {Default Queue}  -> xdg_toplevel#30.set_max_size(0, 0)
[12:06:50.167623] {Default Queue}  -> xdg_surface#29.set_window_geometry(45, 45, 1400, 948)
[12:06:50.167667] {mesa egl surface queue}  -> wl_surface#14.attach(wl_buffer#40, 0, 0)
[12:06:50.167669] {mesa egl surface queue}  -> wl_surface#14.damage(0, 0, 2147483647, 2147483647)
[12:06:50.167671] {mesa egl surface queue}  -> wl_surface#14.commit()
[12:06:50.167673] {mesa egl surface queue}  -> wl_display#1.sync(new id wl_callback#43)
[12:06:50.167781] {Display Queue} wl_display#1.delete_id(43)
[12:06:50.187883] {mesa egl surface queue} wl_callback#43.done(7)
[12:06:50.187900] {mesa egl surface queue} wl_buffer#44.release()
[12:06:50.188738] {Default Queue}  -> xdg_toplevel#30.set_min_size(1400, 948)
[12:06:50.188752] {Default Queue}  -> xdg_toplevel#30.set_max_size(0, 0)
[12:06:50.188755] {Default Queue}  -> xdg_surface#29.set_window_geometry(45, 45, 1400, 948)
[12:06:50.188798] {mesa egl surface queue}  -> wl_surface#14.attach(wl_buffer#44, 0, 0)
[12:06:50.188806] {mesa egl surface queue}  -> wl_surface#14.damage(0, 0, 2147483647, 2147483647)
[12:06:50.188814] {mesa egl surface queue}  -> wl_surface#14.commit()
[12:06:50.188816] {mesa egl surface queue}  -> wl_display#1.sync(new id wl_callback#43)
[12:06:50.188878] {Display Queue} wl_display#1.delete_id(43)
[12:06:50.205390] {mesa egl surface queue} wl_callback#43.done(7)
[12:06:50.205402] {mesa egl surface queue} wl_buffer#40.release()
[12:06:50.206156] {Default Queue}  -> xdg_toplevel#30.set_min_size(1400, 948)
[12:06:50.206165] {Default Queue}  -> xdg_toplevel#30.set_max_size(0, 0)
[12:06:50.206167] {Default Queue}  -> xdg_surface#29.set_window_geometry(45, 45, 1400, 948)
[12:06:50.206209] {mesa egl surface queue}  -> wl_surface#14.attach(wl_buffer#40, 0, 0)
[12:06:50.206211] {mesa egl surface queue}  -> wl_surface#14.damage(0, 0, 2147483647, 2147483647)
[12:06:50.206214] {mesa egl surface queue}  -> wl_surface#14.commit()
[12:06:50.206216] {mesa egl surface queue}  -> wl_display#1.sync(new id wl_callback#43)
[12:06:50.206263] {Display Queue} wl_display#1.delete_id(43)
[12:06:50.221758] {mesa egl surface queue} wl_callback#43.done(7)
[12:06:50.221766] {mesa egl surface queue} wl_buffer#44.release()
[12:06:50.222388] {Default Queue}  -> xdg_toplevel#30.set_min_size(1400, 948)
[12:06:50.222394] {Default Queue}  -> xdg_toplevel#30.set_max_size(0, 0)
[12:06:50.222396] {Default Queue}  -> xdg_surface#29.set_window_geometry(45, 45, 1400, 948)
[12:06:50.222432] {mesa egl surface queue}  -> wl_surface#14.attach(wl_buffer#44, 0, 0)
[12:06:50.222435] {mesa egl surface queue}  -> wl_surface#14.damage(0, 0, 2147483647, 2147483647)
[12:06:50.222437] {mesa egl surface queue}  -> wl_surface#14.commit()
[12:06:50.222439] {mesa egl surface queue}  -> wl_display#1.sync(new id wl_callback#43)
[12:06:50.222519] {Display Queue} wl_display#1.delete_id(43)
[12:06:50.238134] {mesa egl surface queue} wl_callback#43.done(7)
[12:06:50.238145] {mesa egl surface queue} wl_buffer#40.release()
[12:06:50.238975] {Default Queue}  -> xdg_toplevel#30.set_min_size(1400, 948)
[12:06:50.238985] {Default Queue}  -> xdg_toplevel#30.set_max_size(0, 0)
[12:06:50.238987] {Default Queue}  -> xdg_surface#29.set_window_geometry(45, 45, 1400, 948)
[12:06:50.239028] {mesa egl surface queue}  -> wl_surface#14.attach(wl_buffer#40, 0, 0)
[12:06:50.239030] {mesa egl surface queue}  -> wl_surface#14.damage(0, 0, 2147483647, 2147483647)
[12:06:50.239032] {mesa egl surface queue}  -> wl_surface#14.commit()
[12:06:50.239034] {mesa egl surface queue}  -> wl_display#1.sync(new id wl_callback#43)
[12:06:50.239145] {Display Queue} wl_display#1.delete_id(43)
[12:06:50.254617] {mesa egl surface queue} wl_callback#43.done(7)
[12:06:50.254635] {mesa egl surface queue} wl_buffer#44.release()
[12:06:50.255495] {Default Queue}  -> xdg_toplevel#30.set_min_size(1400, 948)
[12:06:50.255502] {Default Queue}  -> xdg_toplevel#30.set_max_size(0, 0)
[12:06:50.255505] {Default Queue}  -> xdg_surface#29.set_window_geometry(45, 45, 1400, 948)
[12:06:50.255560] {mesa egl surface queue}  -> wl_surface#14.attach(wl_buffer#44, 0, 0)
[12:06:50.255563] {mesa egl surface queue}  -> wl_surface#14.damage(0, 0, 2147483647, 2147483647)
[12:06:50.255570] {mesa egl surface queue}  -> wl_surface#14.commit()
[12:06:50.255572] {mesa egl surface queue}  -> wl_display#1.sync(new id wl_callback#43)
[12:06:50.255639] {Display Queue} wl_display#1.delete_id(43)
[12:06:50.271130] {mesa egl surface queue} wl_callback#43.done(7)
[12:06:50.271145] {mesa egl surface queue} wl_buffer#40.release()
[12:06:50.272012] {Default Queue}  -> xdg_toplevel#30.set_min_size(1400, 948)
[12:06:50.272019] {Default Queue}  -> xdg_toplevel#30.set_max_size(0, 0)
[12:06:50.272021] {Default Queue}  -> xdg_surface#29.set_window_geometry(45, 45, 1400, 948)
[12:06:50.272064] {mesa egl surface queue}  -> wl_surface#14.attach(wl_buffer#40, 0, 0)
[12:06:50.272067] {mesa egl surface queue}  -> wl_surface#14.damage(0, 0, 2147483647, 2147483647)
[12:06:50.272069] {mesa egl surface queue}  -> wl_surface#14.commit()
[12:06:50.272075] {mesa egl surface queue}  -> wl_display#1.sync(new id wl_callback#43)
[12:06:50.272169] {Display Queue} wl_display#1.delete_id(43)
[12:06:50.288677] {mesa egl surface queue} wl_callback#43.done(7)
[12:06:50.288694] {mesa egl surface queue} wl_buffer#44.release()
[12:06:50.289575] {Default Queue}  -> xdg_toplevel#30.set_min_size(1400, 948)
[12:06:50.289584] {Default Queue}  -> xdg_toplevel#30.set_max_size(0, 0)
[12:06:50.289587] {Default Queue}  -> xdg_surface#29.set_window_geometry(45, 45, 1400, 948)
[12:06:50.289633] {mesa egl surface queue}  -> wl_surface#14.attach(wl_buffer#44, 0, 0)
[12:06:50.289635] {mesa egl surface queue}  -> wl_surface#14.damage(0, 0, 2147483647, 2147483647)
[12:06:50.289637] {mesa egl surface queue}  -> wl_surface#14.commit()
[12:06:50.289639] {mesa egl surface queue}  -> wl_display#1.sync(new id wl_callback#43)
[12:06:50.289767] {Display Queue} wl_display#1.delete_id(43)
[12:06:50.305286] {mesa egl surface queue} wl_callback#43.done(7)
[12:06:50.305302] {mesa egl surface queue} wl_buffer#40.release()
[12:06:50.306174] {Default Queue}  -> xdg_toplevel#30.set_min_size(1400, 948)
[12:06:50.306182] {Default Queue}  -> xdg_toplevel#30.set_max_size(0, 0)
[12:06:50.306184] {Default Queue}  -> xdg_surface#29.set_window_geometry(45, 45, 1400, 948)
[12:06:50.306230] {mesa egl surface queue}  -> wl_surface#14.attach(wl_buffer#40, 0, 0)
[12:06:50.306232] {mesa egl surface queue}  -> wl_surface#14.damage(0, 0, 2147483647, 2147483647)
[12:06:50.306234] {mesa egl surface queue}  -> wl_surface#14.commit()
[12:06:50.306236] {mesa egl surface queue}  -> wl_display#1.sync(new id wl_callback#43)
[12:06:50.306303] {Display Queue} wl_display#1.delete_id(43)
[12:06:50.321879] {mesa egl surface queue} wl_callback#43.done(7)
[12:06:50.321888] {mesa egl surface queue} wl_buffer#44.release()
[12:06:50.322719] {Default Queue}  -> xdg_toplevel#30.set_min_size(1400, 948)
[12:06:50.322726] {Default Queue}  -> xdg_toplevel#30.set_max_size(0, 0)
[12:06:50.322728] {Default Queue}  -> xdg_surface#29.set_window_geometry(45, 45, 1400, 948)
[12:06:50.322777] {mesa egl surface queue}  -> wl_surface#14.attach(wl_buffer#44, 0, 0)
[12:06:50.322780] {mesa egl surface queue}  -> wl_surface#14.damage(0, 0, 2147483647, 2147483647)
[12:06:50.322782] {mesa egl surface queue}  -> wl_surface#14.commit()
[12:06:50.322784] {mesa egl surface queue}  -> wl_display#1.sync(new id wl_callback#43)
[12:06:50.322842] {Display Queue} wl_display#1.delete_id(43)
[12:06:50.338400] {mesa egl surface queue} wl_callback#43.done(7)
[12:06:50.338411] {mesa egl surface queue} wl_buffer#40.release()
[12:06:50.339286] {Default Queue}  -> xdg_toplevel#30.set_min_size(1400, 948)
[12:06:50.339294] {Default Queue}  -> xdg_toplevel#30.set_max_size(0, 0)
[12:06:50.339296] {Default Queue}  -> xdg_surface#29.set_window_geometry(45, 45, 1400, 948)
[12:06:50.339349] {mesa egl surface queue}  -> wl_surface#14.attach(wl_buffer#40, 0, 0)
[12:06:50.339353] {mesa egl surface queue}  -> wl_surface#14.damage(0, 0, 2147483647, 2147483647)
[12:06:50.339355] {mesa egl surface queue}  -> wl_surface#14.commit()
[12:06:50.339357] {mesa egl surface queue}  -> wl_display#1.sync(new id wl_callback#43)
[12:06:50.339446] {Display Queue} wl_display#1.delete_id(43)
[12:06:50.355126] {mesa egl surface queue} wl_callback#43.done(7)
[12:06:50.355143] {mesa egl surface queue} wl_buffer#44.release()
[12:06:50.356088] {Default Queue}  -> xdg_toplevel#30.set_min_size(1400, 948)
[12:06:50.356098] {Default Queue}  -> xdg_toplevel#30.set_max_size(0, 0)
[12:06:50.356100] {Default Queue}  -> xdg_surface#29.set_window_geometry(45, 45, 1400, 948)
[12:06:50.356153] {mesa egl surface queue}  -> wl_surface#14.attach(wl_buffer#44, 0, 0)
[12:06:50.356156] {mesa egl surface queue}  -> wl_surface#14.damage(0, 0, 2147483647, 2147483647)
[12:06:50.356158] {mesa egl surface queue}  -> wl_surface#14.commit()
[12:06:50.356160] {mesa egl surface queue}  -> wl_display#1.sync(new id wl_callback#43)
[12:06:50.356235] {Display Queue} wl_display#1.delete_id(43)
[12:06:50.371121] {mesa egl surface queue} wl_callback#43.done(7)
[12:06:50.371148] {mesa egl surface queue} wl_buffer#40.release()
[12:06:50.372416] {Default Queue}  -> xdg_toplevel#30.set_min_size(1400, 948)
[12:06:50.372429] {Default Queue}  -> xdg_toplevel#30.set_max_size(0, 0)
[12:06:50.372431] {Default Queue}  -> xdg_surface#29.set_window_geometry(45, 45, 1400, 948)
[12:06:50.372488] {mesa egl surface queue}  -> wl_surface#14.attach(wl_buffer#40, 0, 0)
[12:06:50.372491] {mesa egl surface queue}  -> wl_surface#14.damage(0, 0, 2147483647, 2147483647)
[12:06:50.372493] {mesa egl surface queue}  -> wl_surface#14.commit()
[12:06:50.372495] {mesa egl surface queue}  -> wl_display#1.sync(new id wl_callback#43)
[12:06:50.372578] {Display Queue} wl_display#1.delete_id(43)
[12:06:50.388755] {mesa egl surface queue} wl_callback#43.done(7)
[12:06:50.388771] {mesa egl surface queue} wl_buffer#44.release()
[12:06:50.389628] {Default Queue}  -> xdg_toplevel#30.set_min_size(1400, 948)
[12:06:50.389636] {Default Queue}  -> xdg_toplevel#30.set_max_size(0, 0)
[12:06:50.389638] {Default Queue}  -> xdg_surface#29.set_window_geometry(45, 45, 1400, 948)
[12:06:50.389681] {mesa egl surface queue}  -> wl_surface#14.attach(wl_buffer#44, 0, 0)
[12:06:50.389684] {mesa egl surface queue}  -> wl_surface#14.damage(0, 0, 2147483647, 2147483647)
[12:06:50.389686] {mesa egl surface queue}  -> wl_surface#14.commit()
[12:06:50.389688] {mesa egl surface queue}  -> wl_display#1.sync(new id wl_callback#43)
[12:06:50.389786] {Display Queue} wl_display#1.delete_id(43)
[12:06:50.404462] {mesa egl surface queue} wl_callback#43.done(7)
[12:06:50.404475] {mesa egl surface queue} wl_buffer#40.release()
[12:06:50.405319] {Default Queue}  -> xdg_toplevel#30.set_min_size(1400, 948)
[12:06:50.405327] {Default Queue}  -> xdg_toplevel#30.set_max_size(0, 0)
[12:06:50.405330] {Default Queue}  -> xdg_surface#29.set_window_geometry(45, 45, 1400, 948)
[12:06:50.405387] {mesa egl surface queue}  -> wl_surface#14.attach(wl_buffer#40, 0, 0)
[12:06:50.405392] {mesa egl surface queue}  -> wl_surface#14.damage(0, 0, 2147483647, 2147483647)
[12:06:50.405395] {mesa egl surface queue}  -> wl_surface#14.commit()
[12:06:50.405397] {mesa egl surface queue}  -> wl_display#1.sync(new id wl_callback#43)
[12:06:50.405471] {Display Queue} wl_display#1.delete_id(43)
[12:06:50.421904] {mesa egl surface queue} wl_callback#43.done(7)
[12:06:50.421909] {mesa egl surface queue} wl_buffer#44.release()
[12:06:50.422542] {Default Queue}  -> xdg_toplevel#30.set_min_size(1400, 948)
[12:06:50.422547] {Default Queue}  -> xdg_toplevel#30.set_max_size(0, 0)
[12:06:50.422549] {Default Queue}  -> xdg_surface#29.set_window_geometry(45, 45, 1400, 948)
[12:06:50.422585] {mesa egl surface queue}  -> wl_surface#14.attach(wl_buffer#44, 0, 0)
[12:06:50.422587] {mesa egl surface queue}  -> wl_surface#14.damage(0, 0, 2147483647, 2147483647)
[12:06:50.422589] {mesa egl surface queue}  -> wl_surface#14.commit()
[12:06:50.422591] {mesa egl surface queue}  -> wl_display#1.sync(new id wl_callback#43)
[12:06:50.422641] {Display Queue} wl_display#1.delete_id(43)
[12:06:50.438388] {mesa egl surface queue} wl_callback#43.done(7)
[12:06:50.438403] {mesa egl surface queue} wl_buffer#40.release()
[12:06:50.439219] {Default Queue}  -> xdg_toplevel#30.set_min_size(1400, 948)
[12:06:50.439226] {Default Queue}  -> xdg_toplevel#30.set_max_size(0, 0)
[12:06:50.439228] {Default Queue}  -> xdg_surface#29.set_window_geometry(45, 45, 1400, 948)
[12:06:50.439274] {mesa egl surface queue}  -> wl_surface#14.attach(wl_buffer#40, 0, 0)
[12:06:50.439277] {mesa egl surface queue}  -> wl_surface#14.damage(0, 0, 2147483647, 2147483647)
[12:06:50.439279] {mesa egl surface queue}  -> wl_surface#14.commit()
[12:06:50.439281] {mesa egl surface queue}  -> wl_display#1.sync(new id wl_callback#43)
[12:06:50.439348] {Display Queue} wl_display#1.delete_id(43)
[12:06:50.454860] {mesa egl surface queue} wl_callback#43.done(7)
[12:06:50.454876] {mesa egl surface queue} wl_buffer#44.release()
[12:06:50.455761] {Default Queue}  -> xdg_toplevel#30.set_min_size(1400, 948)
[12:06:50.455777] {Default Queue}  -> xdg_toplevel#30.set_max_size(0, 0)
[12:06:50.455787] {Default Queue}  -> xdg_surface#29.set_window_geometry(45, 45, 1400, 948)
[12:06:50.455843] {mesa egl surface queue}  -> wl_surface#14.attach(wl_buffer#44, 0, 0)
[12:06:50.455847] {mesa egl surface queue}  -> wl_surface#14.damage(0, 0, 2147483647, 2147483647)
[12:06:50.455849] {mesa egl surface queue}  -> wl_surface#14.commit()
[12:06:50.455852] {mesa egl surface queue}  -> wl_display#1.sync(new id wl_callback#43)
[12:06:50.455920] {Display Queue} wl_display#1.delete_id(43)
[12:06:50.471545] {mesa egl surface queue} wl_callback#43.done(7)
[12:06:50.471555] {mesa egl surface queue} wl_buffer#40.release()
[12:06:50.472194] {Default Queue}  -> xdg_toplevel#30.set_min_size(1400, 948)
[12:06:50.472201] {Default Queue}  -> xdg_toplevel#30.set_max_size(0, 0)
[12:06:50.472204] {Default Queue}  -> xdg_surface#29.set_window_geometry(45, 45, 1400, 948)
[12:06:50.472254] {mesa egl surface queue}  -> wl_surface#14.attach(wl_buffer#40, 0, 0)
[12:06:50.472259] {mesa egl surface queue}  -> wl_surface#14.damage(0, 0, 2147483647, 2147483647)
[12:06:50.472263] {mesa egl surface queue}  -> wl_surface#14.commit()
[12:06:50.472266] {mesa egl surface queue}  -> wl_display#1.sync(new id wl_callback#43)
[12:06:50.472309] {Display Queue} wl_display#1.delete_id(43)
[12:06:50.488033] {mesa egl surface queue} wl_callback#43.done(7)
[12:06:50.488045] {mesa egl surface queue} wl_buffer#44.release()
[12:06:50.489001] {Default Queue}  -> xdg_toplevel#30.set_min_size(1400, 948)
[12:06:50.489012] {Default Queue}  -> xdg_toplevel#30.set_max_size(0, 0)
[12:06:50.489015] {Default Queue}  -> xdg_surface#29.set_window_geometry(45, 45, 1400, 948)
[12:06:50.489070] {mesa egl surface queue}  -> wl_surface#14.attach(wl_buffer#44, 0, 0)
[12:06:50.489074] {mesa egl surface queue}  -> wl_surface#14.damage(0, 0, 2147483647, 2147483647)
[12:06:50.489077] {mesa egl surface queue}  -> wl_surface#14.commit()
[12:06:50.489080] {mesa egl surface queue}  -> wl_display#1.sync(new id wl_callback#43)
[12:06:50.489168] {Display Queue} wl_display#1.delete_id(43)
[12:06:50.504877] {mesa egl surface queue} wl_callback#43.done(7)
[12:06:50.504893] {mesa egl surface queue} wl_buffer#40.release()
[12:06:50.505687] {Default Queue}  -> xdg_toplevel#30.set_min_size(1400, 948)
[12:06:50.505693] {Default Queue}  -> xdg_toplevel#30.set_max_size(0, 0)
[12:06:50.505697] {Default Queue}  -> xdg_surface#29.set_window_geometry(45, 45, 1400, 948)
[12:06:50.505772] {mesa egl surface queue}  -> wl_surface#14.attach(wl_buffer#40, 0, 0)
[12:06:50.505789] {mesa egl surface queue}  -> wl_surface#14.damage(0, 0, 2147483647, 2147483647)
[12:06:50.505794] {mesa egl surface queue}  -> wl_surface#14.commit()
[12:06:50.505796] {mesa egl surface queue}  -> wl_display#1.sync(new id wl_callback#43)
[12:06:50.505861] {Display Queue} wl_display#1.delete_id(43)
[12:06:50.521504] {mesa egl surface queue} wl_callback#43.done(7)
[12:06:50.521513] {mesa egl surface queue} wl_buffer#44.release()
[12:06:50.522200] {Default Queue}  -> xdg_toplevel#30.set_min_size(1400, 948)
[12:06:50.522207] {Default Queue}  -> xdg_toplevel#30.set_max_size(0, 0)
[12:06:50.522209] {Default Queue}  -> xdg_surface#29.set_window_geometry(45, 45, 1400, 948)
[12:06:50.522245] {mesa egl surface queue}  -> wl_surface#14.attach(wl_buffer#44, 0, 0)
[12:06:50.522248] {mesa egl surface queue}  -> wl_surface#14.damage(0, 0, 2147483647, 2147483647)
[12:06:50.522249] {mesa egl surface queue}  -> wl_surface#14.commit()
[12:06:50.522251] {mesa egl surface queue}  -> wl_display#1.sync(new id wl_callback#43)
[12:06:50.522293] {Display Queue} wl_display#1.delete_id(43)
[12:06:50.537804] {mesa egl surface queue} wl_callback#43.done(7)
[12:06:50.537816] {mesa egl surface queue} wl_buffer#40.release()
[12:06:50.538512] {Default Queue}  -> xdg_toplevel#30.set_min_size(1400, 948)
[12:06:50.538518] {Default Queue}  -> xdg_toplevel#30.set_max_size(0, 0)
[12:06:50.538520] {Default Queue}  -> xdg_surface#29.set_window_geometry(45, 45, 1400, 948)
[12:06:50.538566] {mesa egl surface queue}  -> wl_surface#14.attach(wl_buffer#40, 0, 0)
[12:06:50.538574] {mesa egl surface queue}  -> wl_surface#14.damage(0, 0, 2147483647, 2147483647)
[12:06:50.538582] {mesa egl surface queue}  -> wl_surface#14.commit()
[12:06:50.538584] {mesa egl surface queue}  -> wl_display#1.sync(new id wl_callback#43)
[12:06:50.538645] {Display Queue} wl_display#1.delete_id(43)
[12:06:50.555092] {mesa egl surface queue} wl_callback#43.done(7)
[12:06:50.555106] {mesa egl surface queue} wl_buffer#44.release()
[12:06:50.556148] {Default Queue}  -> xdg_toplevel#30.set_min_size(1400, 948)
[12:06:50.556157] {Default Queue}  -> xdg_toplevel#30.set_max_size(0, 0)
[12:06:50.556159] {Default Queue}  -> xdg_surface#29.set_window_geometry(45, 45, 1400, 948)
[12:06:50.556202] {mesa egl surface queue}  -> wl_surface#14.attach(wl_buffer#44, 0, 0)
[12:06:50.556205] {mesa egl surface queue}  -> wl_surface#14.damage(0, 0, 2147483647, 2147483647)
[12:06:50.556207] {mesa egl surface queue}  -> wl_surface#14.commit()
[12:06:50.556209] {mesa egl surface queue}  -> wl_display#1.sync(new id wl_callback#43)
[12:06:50.556293] {Display Queue} wl_display#1.delete_id(43)
[12:06:50.571963] {mesa egl surface queue} wl_callback#43.done(7)
[12:06:50.571977] {mesa egl surface queue} wl_buffer#40.release()
[12:06:50.572692] {Default Queue}  -> xdg_toplevel#30.set_min_size(1400, 948)
[12:06:50.572698] {Default Queue}  -> xdg_toplevel#30.set_max_size(0, 0)
[12:06:50.572700] {Default Queue}  -> xdg_surface#29.set_window_geometry(45, 45, 1400, 948)
[12:06:50.572748] {mesa egl surface queue}  -> wl_surface#14.attach(wl_buffer#40, 0, 0)
[12:06:50.572751] {mesa egl surface queue}  -> wl_surface#14.damage(0, 0, 2147483647, 2147483647)
[12:06:50.572753] {mesa egl surface queue}  -> wl_surface#14.commit()
[12:06:50.572754] {mesa egl surface queue}  -> wl_display#1.sync(new id wl_callback#43)
[12:06:50.572814] {Display Queue} wl_display#1.delete_id(43)
[12:06:50.588377] {mesa egl surface queue} wl_callback#43.done(7)
[12:06:50.588392] {mesa egl surface queue} wl_buffer#44.release()
[12:06:50.589200] {Default Queue}  -> xdg_toplevel#30.set_min_size(1400, 948)
[12:06:50.589207] {Default Queue}  -> xdg_toplevel#30.set_max_size(0, 0)
[12:06:50.589209] {Default Queue}  -> xdg_surface#29.set_window_geometry(45, 45, 1400, 948)
[12:06:50.589253] {mesa egl surface queue}  -> wl_surface#14.attach(wl_buffer#44, 0, 0)
[12:06:50.589256] {mesa egl surface queue}  -> wl_surface#14.damage(0, 0, 2147483647, 2147483647)
[12:06:50.589258] {mesa egl surface queue}  -> wl_surface#14.commit()
[12:06:50.589260] {mesa egl surface queue}  -> wl_display#1.sync(new id wl_callback#43)
[12:06:50.589327] {Display Queue} wl_display#1.delete_id(43)
[12:06:50.605085] {mesa egl surface queue} wl_callback#43.done(7)
[12:06:50.605095] {mesa egl surface queue} wl_buffer#40.release()
[12:06:50.605769] {Default Queue}  -> xdg_toplevel#30.set_min_size(1400, 948)
[12:06:50.605775] {Default Queue}  -> xdg_toplevel#30.set_max_size(0, 0)
[12:06:50.605777] {Default Queue}  -> xdg_surface#29.set_window_geometry(45, 45, 1400, 948)
[12:06:50.605818] {mesa egl surface queue}  -> wl_surface#14.attach(wl_buffer#40, 0, 0)
[12:06:50.605820] {mesa egl surface queue}  -> wl_surface#14.damage(0, 0, 2147483647, 2147483647)
[12:06:50.605822] {mesa egl surface queue}  -> wl_surface#14.commit()
[12:06:50.605824] {mesa egl surface queue}  -> wl_display#1.sync(new id wl_callback#43)
[12:06:50.605878] {Display Queue} wl_display#1.delete_id(43)
[12:06:50.621550] {mesa egl surface queue} wl_callback#43.done(7)
[12:06:50.621565] {mesa egl surface queue} wl_buffer#44.release()
[12:06:50.622386] {Default Queue}  -> xdg_toplevel#30.set_min_size(1400, 948)
[12:06:50.622394] {Default Queue}  -> xdg_toplevel#30.set_max_size(0, 0)
[12:06:50.622396] {Default Queue}  -> xdg_surface#29.set_window_geometry(45, 45, 1400, 948)
[12:06:50.622445] {mesa egl surface queue}  -> wl_surface#14.attach(wl_buffer#44, 0, 0)
[12:06:50.622449] {mesa egl surface queue}  -> wl_surface#14.damage(0, 0, 2147483647, 2147483647)
[12:06:50.622451] {mesa egl surface queue}  -> wl_surface#14.commit()
[12:06:50.622458] {mesa egl surface queue}  -> wl_display#1.sync(new id wl_callback#43)
[12:06:50.622527] {Display Queue} wl_display#1.delete_id(43)
[12:06:50.637985] {mesa egl surface queue} wl_callback#43.done(7)
[12:06:50.638011] {mesa egl surface queue} wl_buffer#40.release()
[12:06:50.639096] {Default Queue}  -> xdg_toplevel#30.set_min_size(1400, 948)
[12:06:50.639106] {Default Queue}  -> xdg_toplevel#30.set_max_size(0, 0)
[12:06:50.639109] {Default Queue}  -> xdg_surface#29.set_window_geometry(45, 45, 1400, 948)
[12:06:50.639165] {mesa egl surface queue}  -> wl_surface#14.attach(wl_buffer#40, 0, 0)
[12:06:50.639170] {mesa egl surface queue}  -> wl_surface#14.damage(0, 0, 2147483647, 2147483647)
[12:06:50.639173] {mesa egl surface queue}  -> wl_surface#14.commit()
[12:06:50.639176] {mesa egl surface queue}  -> wl_display#1.sync(new id wl_callback#43)
[12:06:50.639281] {Display Queue} wl_display#1.delete_id(43)
[12:06:50.654903] {mesa egl surface queue} wl_callback#43.done(7)
[12:06:50.654925] {mesa egl surface queue} wl_buffer#44.release()
[12:06:50.655780] {Default Queue}  -> xdg_toplevel#30.set_min_size(1400, 948)
[12:06:50.655787] {Default Queue}  -> xdg_toplevel#30.set_max_size(0, 0)
[12:06:50.655789] {Default Queue}  -> xdg_surface#29.set_window_geometry(45, 45, 1400, 948)
[12:06:50.655840] {mesa egl surface queue}  -> wl_surface#14.attach(wl_buffer#44, 0, 0)
[12:06:50.655844] {mesa egl surface queue}  -> wl_surface#14.damage(0, 0, 2147483647, 2147483647)
[12:06:50.655847] {mesa egl surface queue}  -> wl_surface#14.commit()
[12:06:50.655849] {mesa egl surface queue}  -> wl_display#1.sync(new id wl_callback#43)
[12:06:50.655982] {Display Queue} wl_display#1.delete_id(43)
[12:06:50.671521] {mesa egl surface queue} wl_callback#43.done(7)
[12:06:50.671531] {mesa egl surface queue} wl_buffer#40.release()
[12:06:50.672293] {Default Queue}  -> xdg_toplevel#30.set_min_size(1400, 948)
[12:06:50.672300] {Default Queue}  -> xdg_toplevel#30.set_max_size(0, 0)
[12:06:50.672302] {Default Queue}  -> xdg_surface#29.set_window_geometry(45, 45, 1400, 948)
[12:06:50.672349] {mesa egl surface queue}  -> wl_surface#14.attach(wl_buffer#40, 0, 0)
[12:06:50.672354] {mesa egl surface queue}  -> wl_surface#14.damage(0, 0, 2147483647, 2147483647)
[12:06:50.672358] {mesa egl surface queue}  -> wl_surface#14.commit()
[12:06:50.672361] {mesa egl surface queue}  -> wl_display#1.sync(new id wl_callback#43)
[12:06:50.672424] {Display Queue} wl_display#1.delete_id(43)
[12:06:50.687904] {mesa egl surface queue} wl_callback#43.done(7)
[12:06:50.687920] {mesa egl surface queue} wl_buffer#44.release()
[12:06:50.688783] {Default Queue}  -> xdg_toplevel#30.set_min_size(1400, 948)
[12:06:50.688790] {Default Queue}  -> xdg_toplevel#30.set_max_size(0, 0)
[12:06:50.688792] {Default Queue}  -> xdg_surface#29.set_window_geometry(45, 45, 1400, 948)
[12:06:50.688835] {mesa egl surface queue}  -> wl_surface#14.attach(wl_buffer#44, 0, 0)
[12:06:50.688838] {mesa egl surface queue}  -> wl_surface#14.damage(0, 0, 2147483647, 2147483647)
[12:06:50.688840] {mesa egl surface queue}  -> wl_surface#14.commit()
[12:06:50.688842] {mesa egl surface queue}  -> wl_display#1.sync(new id wl_callback#43)
[12:06:50.688928] {Display Queue} wl_display#1.delete_id(43)
[12:06:50.704645] {mesa egl surface queue} wl_callback#43.done(7)
[12:06:50.704661] {mesa egl surface queue} wl_buffer#40.release()
[12:06:50.705472] {Default Queue}  -> xdg_toplevel#30.set_min_size(1400, 948)
[12:06:50.705479] {Default Queue}  -> xdg_toplevel#30.set_max_size(0, 0)
[12:06:50.705481] {Default Queue}  -> xdg_surface#29.set_window_geometry(45, 45, 1400, 948)
[12:06:50.705525] {mesa egl surface queue}  -> wl_surface#14.attach(wl_buffer#40, 0, 0)
[12:06:50.705528] {mesa egl surface queue}  -> wl_surface#14.damage(0, 0, 2147483647, 2147483647)
[12:06:50.705530] {mesa egl surface queue}  -> wl_surface#14.commit()
[12:06:50.705532] {mesa egl surface queue}  -> wl_display#1.sync(new id wl_callback#43)
[12:06:50.705618] {Display Queue} wl_display#1.delete_id(43)
[12:06:50.721236] {mesa egl surface queue} wl_callback#43.done(7)
[12:06:50.721249] {mesa egl surface queue} wl_buffer#44.release()
[12:06:50.721928] {Default Queue}  -> xdg_toplevel#30.set_min_size(1400, 948)
[12:06:50.721935] {Default Queue}  -> xdg_toplevel#30.set_max_size(0, 0)
[12:06:50.721937] {Default Queue}  -> xdg_surface#29.set_window_geometry(45, 45, 1400, 948)
[12:06:50.721977] {mesa egl surface queue}  -> wl_surface#14.attach(wl_buffer#44, 0, 0)
[12:06:50.721980] {mesa egl surface queue}  -> wl_surface#14.damage(0, 0, 2147483647, 2147483647)
[12:06:50.721982] {mesa egl surface queue}  -> wl_surface#14.commit()
[12:06:50.721984] {mesa egl surface queue}  -> wl_display#1.sync(new id wl_callback#43)
[12:06:50.722017] {Display Queue} wl_display#1.delete_id(43)
[12:06:50.737906] {mesa egl surface queue} wl_callback#43.done(7)
[12:06:50.737923] {mesa egl surface queue} wl_buffer#40.release()
[12:06:50.738795] {Default Queue}  -> xdg_toplevel#30.set_min_size(1400, 948)
[12:06:50.738802] {Default Queue}  -> xdg_toplevel#30.set_max_size(0, 0)
[12:06:50.738804] {Default Queue}  -> xdg_surface#29.set_window_geometry(45, 45, 1400, 948)
[12:06:50.738851] {mesa egl surface queue}  -> wl_surface#14.attach(wl_buffer#40, 0, 0)
[12:06:50.738854] {mesa egl surface queue}  -> wl_surface#14.damage(0, 0, 2147483647, 2147483647)
[12:06:50.738856] {mesa egl surface queue}  -> wl_surface#14.commit()
[12:06:50.738858] {mesa egl surface queue}  -> wl_display#1.sync(new id wl_callback#43)
[12:06:50.738939] {Display Queue} wl_display#1.delete_id(43)
[12:06:50.754530] {mesa egl surface queue} wl_callback#43.done(7)
[12:06:50.754544] {mesa egl surface queue} wl_buffer#44.release()
[12:06:50.755341] {Default Queue}  -> xdg_toplevel#30.set_min_size(1400, 948)
[12:06:50.755348] {Default Queue}  -> xdg_toplevel#30.set_max_size(0, 0)
[12:06:50.755350] {Default Queue}  -> xdg_surface#29.set_window_geometry(45, 45, 1400, 948)
[12:06:50.755395] {mesa egl surface queue}  -> wl_surface#14.attach(wl_buffer#44, 0, 0)
[12:06:50.755397] {mesa egl surface queue}  -> wl_surface#14.damage(0, 0, 2147483647, 2147483647)
[12:06:50.755399] {mesa egl surface queue}  -> wl_surface#14.commit()
[12:06:50.755401] {mesa egl surface queue}  -> wl_display#1.sync(new id wl_callback#43)
[12:06:50.755490] {Display Queue} wl_display#1.delete_id(43)
[12:06:50.771072] {mesa egl surface queue} wl_callback#43.done(7)
[12:06:50.771085] {mesa egl surface queue} wl_buffer#40.release()
[12:06:50.771816] {Default Queue}  -> xdg_toplevel#30.set_min_size(1400, 948)
[12:06:50.771823] {Default Queue}  -> xdg_toplevel#30.set_max_size(0, 0)
[12:06:50.771825] {Default Queue}  -> xdg_surface#29.set_window_geometry(45, 45, 1400, 948)
[12:06:50.771863] {mesa egl surface queue}  -> wl_surface#14.attach(wl_buffer#40, 0, 0)
[12:06:50.771866] {mesa egl surface queue}  -> wl_surface#14.damage(0, 0, 2147483647, 2147483647)
[12:06:50.771868] {mesa egl surface queue}  -> wl_surface#14.commit()
[12:06:50.771870] {mesa egl surface queue}  -> wl_display#1.sync(new id wl_callback#43)
[12:06:50.771917] {Display Queue} wl_display#1.delete_id(43)
[12:06:50.788564] {mesa egl surface queue} wl_callback#43.done(7)
[12:06:50.788575] {mesa egl surface queue} wl_buffer#44.release()
[12:06:50.789287] {Default Queue}  -> xdg_toplevel#30.set_min_size(1400, 948)
[12:06:50.789293] {Default Queue}  -> xdg_toplevel#30.set_max_size(0, 0)
[12:06:50.789296] {Default Queue}  -> xdg_surface#29.set_window_geometry(45, 45, 1400, 948)
[12:06:50.789335] {mesa egl surface queue}  -> wl_surface#14.attach(wl_buffer#44, 0, 0)
[12:06:50.789338] {mesa egl surface queue}  -> wl_surface#14.damage(0, 0, 2147483647, 2147483647)
[12:06:50.789340] {mesa egl surface queue}  -> wl_surface#14.commit()
[12:06:50.789341] {mesa egl surface queue}  -> wl_display#1.sync(new id wl_callback#43)
[12:06:50.789411] {Display Queue} wl_display#1.delete_id(43)
[12:06:50.804969] {mesa egl surface queue} wl_callback#43.done(7)
[12:06:50.804984] {mesa egl surface queue} wl_buffer#40.release()
[12:06:50.805751] {Default Queue}  -> xdg_toplevel#30.set_min_size(1400, 948)
[12:06:50.805764] {Default Queue}  -> xdg_toplevel#30.set_max_size(0, 0)
[12:06:50.805773] {Default Queue}  -> xdg_surface#29.set_window_geometry(45, 45, 1400, 948)
[12:06:50.805814] {mesa egl surface queue}  -> wl_surface#14.attach(wl_buffer#40, 0, 0)
[12:06:50.805817] {mesa egl surface queue}  -> wl_surface#14.damage(0, 0, 2147483647, 2147483647)
[12:06:50.805819] {mesa egl surface queue}  -> wl_surface#14.commit()
[12:06:50.805821] {mesa egl surface queue}  -> wl_display#1.sync(new id wl_callback#43)
[12:06:50.805899] {Display Queue} wl_display#1.delete_id(43)
[12:06:50.821849] {mesa egl surface queue} wl_callback#43.done(7)
[12:06:50.821867] {mesa egl surface queue} wl_buffer#44.release()
[12:06:50.822506] {Default Queue}  -> xdg_toplevel#30.set_min_size(1400, 948)
[12:06:50.822512] {Default Queue}  -> xdg_toplevel#30.set_max_size(0, 0)
[12:06:50.822514] {Default Queue}  -> xdg_surface#29.set_window_geometry(45, 45, 1400, 948)
[12:06:50.822550] {mesa egl surface queue}  -> wl_surface#14.attach(wl_buffer#44, 0, 0)
[12:06:50.822553] {mesa egl surface queue}  -> wl_surface#14.damage(0, 0, 2147483647, 2147483647)
[12:06:50.822554] {mesa egl surface queue}  -> wl_surface#14.commit()
[12:06:50.822556] {mesa egl surface queue}  -> wl_display#1.sync(new id wl_callback#43)
[12:06:50.822637] {Display Queue} wl_display#1.delete_id(43)
[12:06:50.838266] {mesa egl surface queue} wl_callback#43.done(7)
[12:06:50.838281] {mesa egl surface queue} wl_buffer#40.release()
[12:06:50.839013] {Default Queue}  -> xdg_toplevel#30.set_min_size(1400, 948)
[12:06:50.839020] {Default Queue}  -> xdg_toplevel#30.set_max_size(0, 0)
[12:06:50.839022] {Default Queue}  -> xdg_surface#29.set_window_geometry(45, 45, 1400, 948)
[12:06:50.839066] {mesa egl surface queue}  -> wl_surface#14.attach(wl_buffer#40, 0, 0)
[12:06:50.839069] {mesa egl surface queue}  -> wl_surface#14.damage(0, 0, 2147483647, 2147483647)
[12:06:50.839071] {mesa egl surface queue}  -> wl_surface#14.commit()
[12:06:50.839073] {mesa egl surface queue}  -> wl_display#1.sync(new id wl_callback#43)
[12:06:50.839134] {Display Queue} wl_display#1.delete_id(43)
[12:06:50.854813] {mesa egl surface queue} wl_callback#43.done(7)
[12:06:50.854828] {mesa egl surface queue} wl_buffer#44.release()
[12:06:50.855668] {Default Queue}  -> xdg_toplevel#30.set_min_size(1400, 948)
[12:06:50.855676] {Default Queue}  -> xdg_toplevel#30.set_max_size(0, 0)
[12:06:50.855678] {Default Queue}  -> xdg_surface#29.set_window_geometry(45, 45, 1400, 948)
[12:06:50.855720] {mesa egl surface queue}  -> wl_surface#14.attach(wl_buffer#44, 0, 0)
[12:06:50.855723] {mesa egl surface queue}  -> wl_surface#14.damage(0, 0, 2147483647, 2147483647)
[12:06:50.855725] {mesa egl surface queue}  -> wl_surface#14.commit()
[12:06:50.855727] {mesa egl surface queue}  -> wl_display#1.sync(new id wl_callback#43)
[12:06:50.855819] {Display Queue} wl_display#1.delete_id(43)
[12:06:50.871410] {mesa egl surface queue} wl_callback#43.done(7)
[12:06:50.871414] {mesa egl surface queue} wl_buffer#40.release()
[12:06:50.872074] {Default Queue}  -> xdg_toplevel#30.set_min_size(1400, 948)
[12:06:50.872091] {Default Queue}  -> xdg_toplevel#30.set_max_size(0, 0)
[12:06:50.872094] {Default Queue}  -> xdg_surface#29.set_window_geometry(45, 45, 1400, 948)
[12:06:50.872137] {mesa egl surface queue}  -> wl_surface#14.attach(wl_buffer#40, 0, 0)
[12:06:50.872141] {mesa egl surface queue}  -> wl_surface#14.damage(0, 0, 2147483647, 2147483647)
[12:06:50.872144] {mesa egl surface queue}  -> wl_surface#14.commit()
[12:06:50.872146] {mesa egl surface queue}  -> wl_display#1.sync(new id wl_callback#43)
[12:06:50.872203] {Display Queue} wl_display#1.delete_id(43)
[12:06:50.888010] {mesa egl surface queue} wl_callback#43.done(7)
[12:06:50.888022] {mesa egl surface queue} wl_buffer#44.release()
[12:06:50.888710] {Default Queue}  -> xdg_toplevel#30.set_min_size(1400, 948)
[12:06:50.888715] {Default Queue}  -> xdg_toplevel#30.set_max_size(0, 0)
[12:06:50.888717] {Default Queue}  -> xdg_surface#29.set_window_geometry(45, 45, 1400, 948)
[12:06:50.888756] {mesa egl surface queue}  -> wl_surface#14.attach(wl_buffer#44, 0, 0)
[12:06:50.888764] {mesa egl surface queue}  -> wl_surface#14.damage(0, 0, 2147483647, 2147483647)
[12:06:50.888773] {mesa egl surface queue}  -> wl_surface#14.commit()
[12:06:50.888775] {mesa egl surface queue}  -> wl_display#1.sync(new id wl_callback#43)
[12:06:50.888920] {Display Queue} wl_display#1.delete_id(43)
[12:06:50.904763] {mesa egl surface queue} wl_callback#43.done(7)
[12:06:50.904777] {mesa egl surface queue} wl_buffer#40.release()
[12:06:50.905557] {Default Queue}  -> xdg_toplevel#30.set_min_size(1400, 948)
[12:06:50.905566] {Default Queue}  -> xdg_toplevel#30.set_max_size(0, 0)
[12:06:50.905569] {Default Queue}  -> xdg_surface#29.set_window_geometry(45, 45, 1400, 948)
[12:06:50.905620] {mesa egl surface queue}  -> wl_surface#14.attach(wl_buffer#40, 0, 0)
[12:06:50.905624] {mesa egl surface queue}  -> wl_surface#14.damage(0, 0, 2147483647, 2147483647)
[12:06:50.905627] {mesa egl surface queue}  -> wl_surface#14.commit()
[12:06:50.905630] {mesa egl surface queue}  -> wl_display#1.sync(new id wl_callback#43)
[12:06:50.905697] {Display Queue} wl_display#1.delete_id(43)
[12:06:50.921384] {mesa egl surface queue} wl_callback#43.done(7)
[12:06:50.921397] {mesa egl surface queue} wl_buffer#44.release()
[12:06:50.922137] {Default Queue}  -> xdg_toplevel#30.set_min_size(1400, 948)
[12:06:50.922145] {Default Queue}  -> xdg_toplevel#30.set_max_size(0, 0)
[12:06:50.922148] {Default Queue}  -> xdg_surface#29.set_window_geometry(45, 45, 1400, 948)
[12:06:50.922193] {mesa egl surface queue}  -> wl_surface#14.attach(wl_buffer#44, 0, 0)
[12:06:50.922198] {mesa egl surface queue}  -> wl_surface#14.damage(0, 0, 2147483647, 2147483647)
[12:06:50.922200] {mesa egl surface queue}  -> wl_surface#14.commit()
[12:06:50.922203] {mesa egl surface queue}  -> wl_display#1.sync(new id wl_callback#43)
[12:06:50.922257] {Display Queue} wl_display#1.delete_id(43)
[12:06:50.938038] {mesa egl surface queue} wl_callback#43.done(7)
[12:06:50.938055] {mesa egl surface queue} wl_buffer#40.release()
[12:06:50.938931] {Default Queue}  -> xdg_toplevel#30.set_min_size(1400, 948)
[12:06:50.938940] {Default Queue}  -> xdg_toplevel#30.set_max_size(0, 0)
[12:06:50.938942] {Default Queue}  -> xdg_surface#29.set_window_geometry(45, 45, 1400, 948)
[12:06:50.939000] {mesa egl surface queue}  -> wl_surface#14.attach(wl_buffer#40, 0, 0)
[12:06:50.939004] {mesa egl surface queue}  -> wl_surface#14.damage(0, 0, 2147483647, 2147483647)
[12:06:50.939007] {mesa egl surface queue}  -> wl_surface#14.commit()
[12:06:50.939010] {mesa egl surface queue}  -> wl_display#1.sync(new id wl_callback#43)
[12:06:50.939101] {Display Queue} wl_display#1.delete_id(43)
[12:06:50.954869] {mesa egl surface queue} wl_callback#43.done(7)
[12:06:50.954885] {mesa egl surface queue} wl_buffer#44.release()
[12:06:50.955791] {Default Queue}  -> xdg_toplevel#30.set_min_size(1400, 948)
[12:06:50.955800] {Default Queue}  -> xdg_toplevel#30.set_max_size(0, 0)
[12:06:50.955802] {Default Queue}  -> xdg_surface#29.set_window_geometry(45, 45, 1400, 948)
[12:06:50.955850] {mesa egl surface queue}  -> wl_surface#14.attach(wl_buffer#44, 0, 0)
[12:06:50.955853] {mesa egl surface queue}  -> wl_surface#14.damage(0, 0, 2147483647, 2147483647)
[12:06:50.955855] {mesa egl surface queue}  -> wl_surface#14.commit()
[12:06:50.955857] {mesa egl surface queue}  -> wl_display#1.sync(new id wl_callback#43)
[12:06:50.955934] {Display Queue} wl_display#1.delete_id(43)
[12:06:50.971675] {mesa egl surface queue} wl_callback#43.done(7)
[12:06:50.971687] {mesa egl surface queue} wl_buffer#40.release()
[12:06:50.972408] {Default Queue}  -> xdg_toplevel#30.set_min_size(1400, 948)
[12:06:50.972414] {Default Queue}  -> xdg_toplevel#30.set_max_size(0, 0)
[12:06:50.972416] {Default Queue}  -> xdg_surface#29.set_window_geometry(45, 45, 1400, 948)
[12:06:50.972456] {mesa egl surface queue}  -> wl_surface#14.attach(wl_buffer#40, 0, 0)
[12:06:50.972459] {mesa egl surface queue}  -> wl_surface#14.damage(0, 0, 2147483647, 2147483647)
[12:06:50.972461] {mesa egl surface queue}  -> wl_surface#14.commit()
[12:06:50.972468] {mesa egl surface queue}  -> wl_display#1.sync(new id wl_callback#43)
[12:06:50.972562] {Display Queue} wl_display#1.delete_id(43)
[12:06:50.988483] {mesa egl surface queue} wl_callback#43.done(7)
[12:06:50.988492] {mesa egl surface queue} wl_buffer#44.release()
[12:06:50.989228] {Default Queue}  -> xdg_toplevel#30.set_min_size(1400, 948)
[12:06:50.989234] {Default Queue}  -> xdg_toplevel#30.set_max_size(0, 0)
[12:06:50.989236] {Default Queue}  -> xdg_surface#29.set_window_geometry(45, 45, 1400, 948)
[12:06:50.989280] {mesa egl surface queue}  -> wl_surface#14.attach(wl_buffer#44, 0, 0)
[12:06:50.989283] {mesa egl surface queue}  -> wl_surface#14.damage(0, 0, 2147483647, 2147483647)
[12:06:50.989285] {mesa egl surface queue}  -> wl_surface#14.commit()
[12:06:50.989286] {mesa egl surface queue}  -> wl_display#1.sync(new id wl_callback#43)
[12:06:50.989372] {Display Queue} wl_display#1.delete_id(43)
[12:06:51.004997] {mesa egl surface queue} wl_callback#43.done(7)
[12:06:51.005011] {mesa egl surface queue} wl_buffer#40.release()
[12:06:51.005803] {Default Queue}  -> xdg_toplevel#30.set_min_size(1400, 948)
[12:06:51.005809] {Default Queue}  -> xdg_toplevel#30.set_max_size(0, 0)
[12:06:51.005811] {Default Queue}  -> xdg_surface#29.set_window_geometry(45, 45, 1400, 948)
[12:06:51.005853] {mesa egl surface queue}  -> wl_surface#14.attach(wl_buffer#40, 0, 0)
[12:06:51.005856] {mesa egl surface queue}  -> wl_surface#14.damage(0, 0, 2147483647, 2147483647)
[12:06:51.005858] {mesa egl surface queue}  -> wl_surface#14.commit()
[12:06:51.005860] {mesa egl surface queue}  -> wl_display#1.sync(new id wl_callback#43)
[12:06:51.005927] {Display Queue} wl_display#1.delete_id(43)
[12:06:51.021724] {mesa egl surface queue} wl_callback#43.done(7)
[12:06:51.021731] {mesa egl surface queue} wl_buffer#44.release()
[12:06:51.022380] {Default Queue}  -> xdg_toplevel#30.set_min_size(1400, 948)
[12:06:51.022384] {Default Queue}  -> xdg_toplevel#30.set_max_size(0, 0)
[12:06:51.022386] {Default Queue}  -> xdg_surface#29.set_window_geometry(45, 45, 1400, 948)
[12:06:51.022423] {mesa egl surface queue}  -> wl_surface#14.attach(wl_buffer#44, 0, 0)
[12:06:51.022426] {mesa egl surface queue}  -> wl_surface#14.damage(0, 0, 2147483647, 2147483647)
[12:06:51.022428] {mesa egl surface queue}  -> wl_surface#14.commit()
[12:06:51.022429] {mesa egl surface queue}  -> wl_display#1.sync(new id wl_callback#43)
[12:06:51.022521] {Display Queue} wl_display#1.delete_id(43)
[12:06:51.102655] {mesa egl surface queue} wl_callback#43.done(7)
[12:06:51.102672] {mesa egl surface queue} wl_buffer#40.release()
[12:06:51.103539] {Default Queue}  -> xdg_toplevel#30.set_min_size(1400, 948)
[12:06:51.103545] {Default Queue}  -> xdg_toplevel#30.set_max_size(0, 0)
[12:06:51.103547] {Default Queue}  -> xdg_surface#29.set_window_geometry(45, 45, 1400, 948)
[12:06:51.103707] {mesa egl surface queue}  -> wl_surface#14.attach(wl_buffer#40, 0, 0)
[12:06:51.103711] {mesa egl surface queue}  -> wl_surface#14.damage(0, 0, 2147483647, 2147483647)
[12:06:51.103713] {mesa egl surface queue}  -> wl_surface#14.commit()
[12:06:51.103715] {mesa egl surface queue}  -> wl_display#1.sync(new id wl_callback#43)
[12:06:51.103791] {Display Queue} wl_display#1.delete_id(43)
[12:06:51.199417] {mesa egl surface queue} wl_callback#43.done(7)
[12:06:51.199438] {mesa egl surface queue} wl_buffer#44.release()
[12:06:51.200288] {Default Queue}  -> xdg_toplevel#30.set_min_size(1400, 948)
[12:06:51.200297] {Default Queue}  -> xdg_toplevel#30.set_max_size(0, 0)
[12:06:51.200300] {Default Queue}  -> xdg_surface#29.set_window_geometry(45, 45, 1400, 948)
[12:06:51.200347] {mesa egl surface queue}  -> wl_surface#14.attach(wl_buffer#44, 0, 0)
[12:06:51.200350] {mesa egl surface queue}  -> wl_surface#14.damage(0, 0, 2147483647, 2147483647)
[12:06:51.200351] {mesa egl surface queue}  -> wl_surface#14.commit()
[12:06:51.200353] {mesa egl surface queue}  -> wl_display#1.sync(new id wl_callback#43)
[12:06:51.200433] {Display Queue} wl_display#1.delete_id(43)
[12:06:51.221159] {mesa egl surface queue} wl_callback#43.done(7)
[12:06:51.221179] {mesa egl surface queue} wl_buffer#40.release()
[12:06:51.222016] {Default Queue}  -> xdg_toplevel#30.set_min_size(1400, 948)
[12:06:51.222023] {Default Queue}  -> xdg_toplevel#30.set_max_size(0, 0)
[12:06:51.222025] {Default Queue}  -> xdg_surface#29.set_window_geometry(45, 45, 1400, 948)
[12:06:51.222065] {mesa egl surface queue}  -> wl_surface#14.attach(wl_buffer#40, 0, 0)
[12:06:51.222068] {mesa egl surface queue}  -> wl_surface#14.damage(0, 0, 2147483647, 2147483647)
[12:06:51.222070] {mesa egl surface queue}  -> wl_surface#14.commit()
[12:06:51.222072] {mesa egl surface queue}  -> wl_display#1.sync(new id wl_callback#43)
[12:06:51.222168] {Display Queue} wl_display#1.delete_id(43)
[12:06:51.312005] {mesa egl surface queue} wl_callback#43.done(7)
[12:06:51.312021] {mesa egl surface queue} wl_buffer#44.release()
[12:06:51.312831] {Default Queue}  -> xdg_toplevel#30.set_min_size(1400, 948)
[12:06:51.312838] {Default Queue}  -> xdg_toplevel#30.set_max_size(0, 0)
[12:06:51.312840] {Default Queue}  -> xdg_surface#29.set_window_geometry(45, 45, 1400, 948)
[12:06:51.312888] {mesa egl surface queue}  -> wl_surface#14.attach(wl_buffer#44, 0, 0)
[12:06:51.312891] {mesa egl surface queue}  -> wl_surface#14.damage(0, 0, 2147483647, 2147483647)
[12:06:51.312894] {mesa egl surface queue}  -> wl_surface#14.commit()
[12:06:51.312895] {mesa egl surface queue}  -> wl_display#1.sync(new id wl_callback#43)
[12:06:51.312997] {Display Queue} wl_display#1.delete_id(43)
[12:06:51.424687] {mesa egl surface queue} wl_callback#43.done(7)
[12:06:51.424706] {mesa egl surface queue} wl_buffer#40.release()
[12:06:51.425569] {Default Queue}  -> xdg_toplevel#30.set_min_size(1400, 948)
[12:06:51.425576] {Default Queue}  -> xdg_toplevel#30.set_max_size(0, 0)
[12:06:51.425579] {Default Queue}  -> xdg_surface#29.set_window_geometry(45, 45, 1400, 948)
[12:06:51.425619] {mesa egl surface queue}  -> wl_surface#14.attach(wl_buffer#40, 0, 0)
[12:06:51.425623] {mesa egl surface queue}  -> wl_surface#14.damage(0, 0, 2147483647, 2147483647)
[12:06:51.425625] {mesa egl surface queue}  -> wl_surface#14.commit()
[12:06:51.425627] {mesa egl surface queue}  -> wl_display#1.sync(new id wl_callback#43)
[12:06:51.425750] {Display Queue} wl_display#1.delete_id(43)
[12:06:51.441868] {mesa egl surface queue} wl_callback#43.done(7)
[12:06:51.441889] {mesa egl surface queue} wl_buffer#44.release()
[12:06:51.443056] {Default Queue}  -> xdg_toplevel#30.set_min_size(1400, 948)
[12:06:51.443066] {Default Queue}  -> xdg_toplevel#30.set_max_size(0, 0)
[12:06:51.443069] {Default Queue}  -> xdg_surface#29.set_window_geometry(45, 45, 1400, 948)
[12:06:51.443112] {mesa egl surface queue}  -> wl_surface#14.attach(wl_buffer#44, 0, 0)
[12:06:51.443116] {mesa egl surface queue}  -> wl_surface#14.damage(0, 0, 2147483647, 2147483647)
[12:06:51.443118] {mesa egl surface queue}  -> wl_surface#14.commit()
[12:06:51.443120] {mesa egl surface queue}  -> wl_display#1.sync(new id wl_callback#43)
[12:06:51.443216] {Display Queue} wl_display#1.delete_id(43)
[12:06:51.521528] {mesa egl surface queue} wl_callback#43.done(7)
[12:06:51.521548] {mesa egl surface queue} wl_buffer#40.release()
[12:06:51.522372] {Default Queue}  -> xdg_toplevel#30.set_min_size(1400, 948)
[12:06:51.522379] {Default Queue}  -> xdg_toplevel#30.set_max_size(0, 0)
[12:06:51.522385] {Default Queue}  -> xdg_surface#29.set_window_geometry(45, 45, 1400, 948)
[12:06:51.522431] {mesa egl surface queue}  -> wl_surface#14.attach(wl_buffer#40, 0, 0)
[12:06:51.522434] {mesa egl surface queue}  -> wl_surface#14.damage(0, 0, 2147483647, 2147483647)
[12:06:51.522436] {mesa egl surface queue}  -> wl_surface#14.commit()
[12:06:51.522438] {mesa egl surface queue}  -> wl_display#1.sync(new id wl_callback#43)
[12:06:51.522535] {Display Queue} wl_display#1.delete_id(43)
[12:06:51.634157] {mesa egl surface queue} wl_callback#43.done(7)
[12:06:51.634175] {mesa egl surface queue} wl_buffer#44.release()
[12:06:51.635036] {Default Queue}  -> xdg_toplevel#30.set_min_size(1400, 948)
[12:06:51.635049] {Default Queue}  -> xdg_toplevel#30.set_max_size(0, 0)
[12:06:51.635059] {Default Queue}  -> xdg_surface#29.set_window_geometry(45, 45, 1400, 948)
[12:06:51.635104] {mesa egl surface queue}  -> wl_surface#14.attach(wl_buffer#44, 0, 0)
[12:06:51.635107] {mesa egl surface queue}  -> wl_surface#14.damage(0, 0, 2147483647, 2147483647)
[12:06:51.635109] {mesa egl surface queue}  -> wl_surface#14.commit()
[12:06:51.635111] {mesa egl surface queue}  -> wl_display#1.sync(new id wl_callback#43)
[12:06:51.635212] {Display Queue} wl_display#1.delete_id(43)
[12:06:51.698882] {mesa egl surface queue} wl_callback#43.done(7)
[12:06:51.698900] {mesa egl surface queue} wl_buffer#40.release()
[12:06:51.699726] {Default Queue}  -> xdg_toplevel#30.set_min_size(1400, 948)
[12:06:51.699734] {Default Queue}  -> xdg_toplevel#30.set_max_size(0, 0)
[12:06:51.699737] {Default Queue}  -> xdg_surface#29.set_window_geometry(45, 45, 1400, 948)
[12:06:51.699790] {mesa egl surface queue}  -> wl_surface#14.attach(wl_buffer#40, 0, 0)
[12:06:51.699793] {mesa egl surface queue}  -> wl_surface#14.damage(0, 0, 2147483647, 2147483647)
[12:06:51.699795] {mesa egl surface queue}  -> wl_surface#14.commit()
[12:06:51.699797] {mesa egl surface queue}  -> wl_display#1.sync(new id wl_callback#43)
[12:06:51.699875] {Display Queue} wl_display#1.delete_id(43)
[12:06:51.730932] {mesa egl surface queue} wl_callback#43.done(7)
[12:06:51.730944] {mesa egl surface queue} wl_buffer#44.release()
[12:06:51.731755] {Default Queue}  -> xdg_toplevel#30.set_min_size(1400, 948)
[12:06:51.731764] {Default Queue}  -> xdg_toplevel#30.set_max_size(0, 0)
[12:06:51.731767] {Default Queue}  -> xdg_surface#29.set_window_geometry(45, 45, 1400, 948)
[12:06:51.731812] {mesa egl surface queue}  -> wl_surface#14.attach(wl_buffer#44, 0, 0)
[12:06:51.731815] {mesa egl surface queue}  -> wl_surface#14.damage(0, 0, 2147483647, 2147483647)
[12:06:51.731817] {mesa egl surface queue}  -> wl_surface#14.commit()
[12:06:51.731819] {mesa egl surface queue}  -> wl_display#1.sync(new id wl_callback#43)
[12:06:51.731891] {Display Queue} wl_display#1.delete_id(43)
[12:06:51.843360] {mesa egl surface queue} wl_callback#43.done(7)
[12:06:51.843377] {mesa egl surface queue} wl_buffer#40.release()
[12:06:51.844238] {Default Queue}  -> xdg_toplevel#30.set_min_size(1400, 948)
[12:06:51.844246] {Default Queue}  -> xdg_toplevel#30.set_max_size(0, 0)
[12:06:51.844249] {Default Queue}  -> xdg_surface#29.set_window_geometry(45, 45, 1400, 948)
[12:06:51.844294] {mesa egl surface queue}  -> wl_surface#14.attach(wl_buffer#40, 0, 0)
[12:06:51.844297] {mesa egl surface queue}  -> wl_surface#14.damage(0, 0, 2147483647, 2147483647)
[12:06:51.844299] {mesa egl surface queue}  -> wl_surface#14.commit()
[12:06:51.844301] {mesa egl surface queue}  -> wl_display#1.sync(new id wl_callback#43)
[12:06:51.844408] {Display Queue} wl_display#1.delete_id(43)
[12:06:51.939673] {mesa egl surface queue} wl_callback#43.done(7)
[12:06:51.939691] {mesa egl surface queue} wl_buffer#44.release()
[12:06:51.940568] {Default Queue}  -> xdg_toplevel#30.set_min_size(1400, 948)
[12:06:51.940576] {Default Queue}  -> xdg_toplevel#30.set_max_size(0, 0)
[12:06:51.940579] {Default Queue}  -> xdg_surface#29.set_window_geometry(45, 45, 1400, 948)
[12:06:51.940628] {mesa egl surface queue}  -> wl_surface#14.attach(wl_buffer#44, 0, 0)
[12:06:51.940631] {mesa egl surface queue}  -> wl_surface#14.damage(0, 0, 2147483647, 2147483647)
[12:06:51.940633] {mesa egl surface queue}  -> wl_surface#14.commit()
[12:06:51.940635] {mesa egl surface queue}  -> wl_display#1.sync(new id wl_callback#43)
[12:06:51.940704] {Display Queue} wl_display#1.delete_id(43)
[12:06:51.956277] {mesa egl surface queue} wl_callback#43.done(7)
[12:06:51.956295] {mesa egl surface queue} wl_buffer#40.release()
[12:06:51.957146] {Default Queue}  -> xdg_toplevel#30.set_min_size(1400, 948)
[12:06:51.957153] {Default Queue}  -> xdg_toplevel#30.set_max_size(0, 0)
[12:06:51.957156] {Default Queue}  -> xdg_surface#29.set_window_geometry(45, 45, 1400, 948)
[12:06:51.957202] {mesa egl surface queue}  -> wl_surface#14.attach(wl_buffer#40, 0, 0)
[12:06:51.957210] {mesa egl surface queue}  -> wl_surface#14.damage(0, 0, 2147483647, 2147483647)
[12:06:51.957218] {mesa egl surface queue}  -> wl_surface#14.commit()
[12:06:51.957220] {mesa egl surface queue}  -> wl_display#1.sync(new id wl_callback#43)
[12:06:51.957295] {Display Queue} wl_display#1.delete_id(43)
[12:06:52.052447] {mesa egl surface queue} wl_callback#43.done(7)
[12:06:52.052464] {mesa egl surface queue} wl_buffer#44.release()
[12:06:52.053628] {Default Queue}  -> xdg_toplevel#30.set_min_size(1400, 948)
[12:06:52.053637] {Default Queue}  -> xdg_toplevel#30.set_max_size(0, 0)
[12:06:52.053639] {Default Queue}  -> xdg_surface#29.set_window_geometry(45, 45, 1400, 948)
[12:06:52.053687] {mesa egl surface queue}  -> wl_surface#14.attach(wl_buffer#44, 0, 0)
[12:06:52.053690] {mesa egl surface queue}  -> wl_surface#14.damage(0, 0, 2147483647, 2147483647)
[12:06:52.053692] {mesa egl surface queue}  -> wl_surface#14.commit()
[12:06:52.053694] {mesa egl surface queue}  -> wl_display#1.sync(new id wl_callback#43)
[12:06:52.053806] {Display Queue} wl_display#1.delete_id(43)
[12:06:52.149179] {mesa egl surface queue} wl_callback#43.done(7)
[12:06:52.149192] {mesa egl surface queue} wl_buffer#40.release()
[12:06:52.150099] {Default Queue}  -> xdg_toplevel#30.set_min_size(1400, 948)
[12:06:52.150108] {Default Queue}  -> xdg_toplevel#30.set_max_size(0, 0)
[12:06:52.150111] {Default Queue}  -> xdg_surface#29.set_window_geometry(45, 45, 1400, 948)
[12:06:52.150158] {mesa egl surface queue}  -> wl_surface#14.attach(wl_buffer#40, 0, 0)
[12:06:52.150161] {mesa egl surface queue}  -> wl_surface#14.damage(0, 0, 2147483647, 2147483647)
[12:06:52.150163] {mesa egl surface queue}  -> wl_surface#14.commit()
[12:06:52.150164] {mesa egl surface queue}  -> wl_display#1.sync(new id wl_callback#43)
[12:06:52.150238] {Display Queue} wl_display#1.delete_id(43)
[12:06:52.197534] {mesa egl surface queue} wl_callback#43.done(7)
[12:06:52.197550] {mesa egl surface queue} wl_buffer#44.release()
[12:06:52.198366] {Default Queue}  -> xdg_toplevel#30.set_min_size(1400, 948)
[12:06:52.198376] {Default Queue}  -> xdg_toplevel#30.set_max_size(0, 0)
[12:06:52.198378] {Default Queue}  -> xdg_surface#29.set_window_geometry(45, 45, 1400, 948)
[12:06:52.198423] {mesa egl surface queue}  -> wl_surface#14.attach(wl_buffer#44, 0, 0)
[12:06:52.198427] {mesa egl surface queue}  -> wl_surface#14.damage(0, 0, 2147483647, 2147483647)
[12:06:52.198429] {mesa egl surface queue}  -> wl_surface#14.commit()
[12:06:52.198430] {mesa egl surface queue}  -> wl_display#1.sync(new id wl_callback#43)
[12:06:52.198543] {Display Queue} wl_display#1.delete_id(43)
[12:06:52.245783] {mesa egl surface queue} wl_callback#43.done(7)
[12:06:52.245800] {mesa egl surface queue} wl_buffer#40.release()
[12:06:52.246632] {Default Queue}  -> xdg_toplevel#30.set_min_size(1400, 948)
[12:06:52.246640] {Default Queue}  -> xdg_toplevel#30.set_max_size(0, 0)
[12:06:52.246642] {Default Queue}  -> xdg_surface#29.set_window_geometry(45, 45, 1400, 948)
[12:06:52.246686] {mesa egl surface queue}  -> wl_surface#14.attach(wl_buffer#40, 0, 0)
[12:06:52.246689] {mesa egl surface queue}  -> wl_surface#14.damage(0, 0, 2147483647, 2147483647)
[12:06:52.246691] {mesa egl surface queue}  -> wl_surface#14.commit()
[12:06:52.246693] {mesa egl surface queue}  -> wl_display#1.sync(new id wl_callback#43)
[12:06:52.246768] {Display Queue} wl_display#1.delete_id(43)
[12:06:52.358215] {mesa egl surface queue} wl_callback#43.done(7)
[12:06:52.358234] {mesa egl surface queue} wl_buffer#44.release()
[12:06:52.359131] {Default Queue}  -> xdg_toplevel#30.set_min_size(1400, 948)
[12:06:52.359140] {Default Queue}  -> xdg_toplevel#30.set_max_size(0, 0)
[12:06:52.359142] {Default Queue}  -> xdg_surface#29.set_window_geometry(45, 45, 1400, 948)
[12:06:52.359184] {mesa egl surface queue}  -> wl_surface#14.attach(wl_buffer#44, 0, 0)
[12:06:52.359187] {mesa egl surface queue}  -> wl_surface#14.damage(0, 0, 2147483647, 2147483647)
[12:06:52.359189] {mesa egl surface queue}  -> wl_surface#14.commit()
[12:06:52.359196] {mesa egl surface queue}  -> wl_display#1.sync(new id wl_callback#43)
[12:06:52.359275] {Display Queue} wl_display#1.delete_id(43)
[12:06:52.455338] {mesa egl surface queue} wl_callback#43.done(7)
[12:06:52.455354] {mesa egl surface queue} wl_buffer#40.release()
[12:06:52.456445] {Default Queue}  -> xdg_toplevel#30.set_min_size(1400, 948)
[12:06:52.456455] {Default Queue}  -> xdg_toplevel#30.set_max_size(0, 0)
[12:06:52.456457] {Default Queue}  -> xdg_surface#29.set_window_geometry(45, 45, 1400, 948)
[12:06:52.456500] {mesa egl surface queue}  -> wl_surface#14.attach(wl_buffer#40, 0, 0)
[12:06:52.456503] {mesa egl surface queue}  -> wl_surface#14.damage(0, 0, 2147483647, 2147483647)
[12:06:52.456505] {mesa egl surface queue}  -> wl_surface#14.commit()
[12:06:52.456507] {mesa egl surface queue}  -> wl_display#1.sync(new id wl_callback#43)
[12:06:52.456601] {Display Queue} wl_display#1.delete_id(43)
[12:06:52.471588] {mesa egl surface queue} wl_callback#43.done(7)
[12:06:52.471602] {mesa egl surface queue} wl_buffer#44.release()
[12:06:52.472322] {Default Queue}  -> xdg_toplevel#30.set_min_size(1400, 948)
[12:06:52.472328] {Default Queue}  -> xdg_toplevel#30.set_max_size(0, 0)
[12:06:52.472331] {Default Queue}  -> xdg_surface#29.set_window_geometry(45, 45, 1400, 948)
[12:06:52.472369] {mesa egl surface queue}  -> wl_surface#14.attach(wl_buffer#44, 0, 0)
[12:06:52.472372] {mesa egl surface queue}  -> wl_surface#14.damage(0, 0, 2147483647, 2147483647)
[12:06:52.472374] {mesa egl surface queue}  -> wl_surface#14.commit()
[12:06:52.472376] {mesa egl surface queue}  -> wl_display#1.sync(new id wl_callback#43)
[12:06:52.472456] {Display Queue} wl_display#1.delete_id(43)
[12:06:52.567492] {mesa egl surface queue} wl_callback#43.done(7)
[12:06:52.567509] {mesa egl surface queue} wl_buffer#40.release()
[12:06:52.568321] {Default Queue}  -> xdg_toplevel#30.set_min_size(1400, 948)
[12:06:52.568329] {Default Queue}  -> xdg_toplevel#30.set_max_size(0, 0)
[12:06:52.568331] {Default Queue}  -> xdg_surface#29.set_window_geometry(45, 45, 1400, 948)
[12:06:52.568375] {mesa egl surface queue}  -> wl_surface#14.attach(wl_buffer#40, 0, 0)
[12:06:52.568378] {mesa egl surface queue}  -> wl_surface#14.damage(0, 0, 2147483647, 2147483647)
[12:06:52.568380] {mesa egl surface queue}  -> wl_surface#14.commit()
[12:06:52.568382] {mesa egl surface queue}  -> wl_display#1.sync(new id wl_callback#43)
[12:06:52.568480] {Display Queue} wl_display#1.delete_id(43)
[12:06:52.664009] {mesa egl surface queue} wl_callback#43.done(7)
[12:06:52.664026] {mesa egl surface queue} wl_buffer#44.release()
[12:06:52.664859] {Default Queue}  -> xdg_toplevel#30.set_min_size(1400, 948)
[12:06:52.664871] {Default Queue}  -> xdg_toplevel#30.set_max_size(0, 0)
[12:06:52.664873] {Default Queue}  -> xdg_surface#29.set_window_geometry(45, 45, 1400, 948)
[12:06:52.664918] {mesa egl surface queue}  -> wl_surface#14.attach(wl_buffer#44, 0, 0)
[12:06:52.664921] {mesa egl surface queue}  -> wl_surface#14.damage(0, 0, 2147483647, 2147483647)
[12:06:52.664923] {mesa egl surface queue}  -> wl_surface#14.commit()
[12:06:52.664925] {mesa egl surface queue}  -> wl_display#1.sync(new id wl_callback#43)
[12:06:52.664994] {Display Queue} wl_display#1.delete_id(43)
[12:06:52.696434] {mesa egl surface queue} wl_callback#43.done(7)
[12:06:52.696448] {mesa egl surface queue} wl_buffer#40.release()
[12:06:52.697247] {Default Queue}  -> xdg_toplevel#30.set_min_size(1400, 948)
[12:06:52.697255] {Default Queue}  -> xdg_toplevel#30.set_max_size(0, 0)
[12:06:52.697257] {Default Queue}  -> xdg_surface#29.set_window_geometry(45, 45, 1400, 948)
[12:06:52.697298] {mesa egl surface queue}  -> wl_surface#14.attach(wl_buffer#40, 0, 0)
[12:06:52.697301] {mesa egl surface queue}  -> wl_surface#14.damage(0, 0, 2147483647, 2147483647)
[12:06:52.697303] {mesa egl surface queue}  -> wl_surface#14.commit()
[12:06:52.697305] {mesa egl surface queue}  -> wl_display#1.sync(new id wl_callback#43)
[12:06:52.697370] {Display Queue} wl_display#1.delete_id(43)
[12:06:52.712592] {mesa egl surface queue} wl_callback#43.done(7)
[12:06:52.712612] {mesa egl surface queue} wl_buffer#44.release()
[12:06:52.713405] {Default Queue}  -> xdg_toplevel#30.set_min_size(1400, 948)
[12:06:52.713412] {Default Queue}  -> xdg_toplevel#30.set_max_size(0, 0)
[12:06:52.713414] {Default Queue}  -> xdg_surface#29.set_window_geometry(45, 45, 1400, 948)
[12:06:52.713455] {mesa egl surface queue}  -> wl_surface#14.attach(wl_buffer#44, 0, 0)
[12:06:52.713458] {mesa egl surface queue}  -> wl_surface#14.damage(0, 0, 2147483647, 2147483647)
[12:06:52.713460] {mesa egl surface queue}  -> wl_surface#14.commit()
[12:06:52.713462] {mesa egl surface queue}  -> wl_display#1.sync(new id wl_callback#43)
[12:06:52.713541] {Display Queue} wl_display#1.delete_id(43)
[12:06:52.727763] {mesa egl surface queue} wl_callback#43.done(7)
[12:06:52.727785] {mesa egl surface queue} wl_buffer#40.release()
[12:06:52.728487] {Default Queue}  -> xdg_toplevel#30.set_min_size(1400, 948)
[12:06:52.728495] {Default Queue}  -> xdg_toplevel#30.set_max_size(0, 0)
[12:06:52.728497] {Default Queue}  -> xdg_surface#29.set_window_geometry(45, 45, 1400, 948)
[12:06:52.728535] {mesa egl surface queue}  -> wl_surface#14.attach(wl_buffer#40, 0, 0)
[12:06:52.728538] {mesa egl surface queue}  -> wl_surface#14.damage(0, 0, 2147483647, 2147483647)
[12:06:52.728540] {mesa egl surface queue}  -> wl_surface#14.commit()
[12:06:52.728541] {mesa egl surface queue}  -> wl_display#1.sync(new id wl_callback#43)
[12:06:52.728606] {Display Queue} wl_display#1.delete_id(43)
[12:06:52.744035] {mesa egl surface queue} wl_callback#43.done(7)
[12:06:52.744046] {mesa egl surface queue} wl_buffer#44.release()
[12:06:52.744800] {Default Queue}  -> xdg_toplevel#30.set_min_size(1400, 948)
[12:06:52.744806] {Default Queue}  -> xdg_toplevel#30.set_max_size(0, 0)
[12:06:52.744808] {Default Queue}  -> xdg_surface#29.set_window_geometry(45, 45, 1400, 948)
[12:06:52.744846] {mesa egl surface queue}  -> wl_surface#14.attach(wl_buffer#44, 0, 0)
[12:06:52.744849] {mesa egl surface queue}  -> wl_surface#14.damage(0, 0, 2147483647, 2147483647)
[12:06:52.744851] {mesa egl surface queue}  -> wl_surface#14.commit()
[12:06:52.744854] {mesa egl surface queue}  -> wl_display#1.sync(new id wl_callback#43)
[12:06:52.744927] {Display Queue} wl_display#1.delete_id(43)
[12:06:52.760021] {mesa egl surface queue} wl_callback#43.done(7)
[12:06:52.760026] {mesa egl surface queue} wl_buffer#40.release()
[12:06:52.760771] {Default Queue}  -> xdg_toplevel#30.set_min_size(1400, 948)
[12:06:52.760776] {Default Queue}  -> xdg_toplevel#30.set_max_size(0, 0)
[12:06:52.760778] {Default Queue}  -> xdg_surface#29.set_window_geometry(45, 45, 1400, 948)
[12:06:52.760814] {mesa egl surface queue}  -> wl_surface#14.attach(wl_buffer#40, 0, 0)
[12:06:52.760817] {mesa egl surface queue}  -> wl_surface#14.damage(0, 0, 2147483647, 2147483647)
[12:06:52.760819] {mesa egl surface queue}  -> wl_surface#14.commit()
[12:06:52.760820] {mesa egl surface queue}  -> wl_display#1.sync(new id wl_callback#43)
[12:06:52.760876] {Display Queue} wl_display#1.delete_id(43)
[12:06:52.777027] {mesa egl surface queue} wl_callback#43.done(7)
[12:06:52.777037] {mesa egl surface queue} wl_buffer#44.release()
[12:06:52.777788] {Default Queue}  -> xdg_toplevel#30.set_min_size(1400, 948)
[12:06:52.777793] {Default Queue}  -> xdg_toplevel#30.set_max_size(0, 0)
[12:06:52.777795] {Default Queue}  -> xdg_surface#29.set_window_geometry(45, 45, 1400, 948)
[12:06:52.777833] {mesa egl surface queue}  -> wl_surface#14.attach(wl_buffer#44, 0, 0)
[12:06:52.777836] {mesa egl surface queue}  -> wl_surface#14.damage(0, 0, 2147483647, 2147483647)
[12:06:52.777838] {mesa egl surface queue}  -> wl_surface#14.commit()
[12:06:52.777840] {mesa egl surface queue}  -> wl_display#1.sync(new id wl_callback#43)
[12:06:52.777950] {Display Queue} wl_display#1.delete_id(43)
[12:06:52.792365] {mesa egl surface queue} wl_callback#43.done(7)
[12:06:52.792372] {mesa egl surface queue} wl_buffer#40.release()
[12:06:52.793050] {Default Queue}  -> xdg_toplevel#30.set_min_size(1400, 948)
[12:06:52.793062] {Default Queue}  -> xdg_toplevel#30.set_max_size(0, 0)
[12:06:52.793075] {Default Queue}  -> xdg_surface#29.set_window_geometry(45, 45, 1400, 948)
[12:06:52.793110] {mesa egl surface queue}  -> wl_surface#14.attach(wl_buffer#40, 0, 0)
[12:06:52.793113] {mesa egl surface queue}  -> wl_surface#14.damage(0, 0, 2147483647, 2147483647)
[12:06:52.793115] {mesa egl surface queue}  -> wl_surface#14.commit()
[12:06:52.793116] {mesa egl surface queue}  -> wl_display#1.sync(new id wl_callback#43)
[12:06:52.793176] {Display Queue} wl_display#1.delete_id(43)
[12:06:52.808388] {mesa egl surface queue} wl_callback#43.done(7)
[12:06:52.808396] {mesa egl surface queue} wl_buffer#44.release()
[12:06:52.809060] {Default Queue}  -> xdg_toplevel#30.set_min_size(1400, 948)
[12:06:52.809067] {Default Queue}  -> xdg_toplevel#30.set_max_size(0, 0)
[12:06:52.809069] {Default Queue}  -> xdg_surface#29.set_window_geometry(45, 45, 1400, 948)
[12:06:52.809104] {mesa egl surface queue}  -> wl_surface#14.attach(wl_buffer#44, 0, 0)
[12:06:52.809107] {mesa egl surface queue}  -> wl_surface#14.damage(0, 0, 2147483647, 2147483647)
[12:06:52.809109] {mesa egl surface queue}  -> wl_surface#14.commit()
[12:06:52.809111] {mesa egl surface queue}  -> wl_display#1.sync(new id wl_callback#43)
[12:06:52.809210] {Display Queue} wl_display#1.delete_id(43)
[12:06:52.824501] {mesa egl surface queue} wl_callback#43.done(7)
[12:06:52.824506] {mesa egl surface queue} wl_buffer#40.release()
[12:06:52.825499] {Default Queue}  -> xdg_toplevel#30.set_min_size(1400, 948)
[12:06:52.825509] {Default Queue}  -> xdg_toplevel#30.set_max_size(0, 0)
[12:06:52.825512] {Default Queue}  -> xdg_surface#29.set_window_geometry(45, 45, 1400, 948)
[12:06:52.825550] {mesa egl surface queue}  -> wl_surface#14.attach(wl_buffer#40, 0, 0)
[12:06:52.825553] {mesa egl surface queue}  -> wl_surface#14.damage(0, 0, 2147483647, 2147483647)
[12:06:52.825555] {mesa egl surface queue}  -> wl_surface#14.commit()
[12:06:52.825557] {mesa egl surface queue}  -> wl_display#1.sync(new id wl_callback#43)
[12:06:52.825643] {Display Queue} wl_display#1.delete_id(43)
[12:06:52.840825] {mesa egl surface queue} wl_callback#43.done(7)
[12:06:52.840840] {mesa egl surface queue} wl_buffer#44.release()
[12:06:52.841588] {Default Queue}  -> xdg_toplevel#30.set_min_size(1400, 948)
[12:06:52.841594] {Default Queue}  -> xdg_toplevel#30.set_max_size(0, 0)
[12:06:52.841596] {Default Queue}  -> xdg_surface#29.set_window_geometry(45, 45, 1400, 948)
[12:06:52.841637] {mesa egl surface queue}  -> wl_surface#14.attach(wl_buffer#44, 0, 0)
[12:06:52.841640] {mesa egl surface queue}  -> wl_surface#14.damage(0, 0, 2147483647, 2147483647)
[12:06:52.841642] {mesa egl surface queue}  -> wl_surface#14.commit()
[12:06:52.841644] {mesa egl surface queue}  -> wl_display#1.sync(new id wl_callback#43)
[12:06:52.841727] {Display Queue} wl_display#1.delete_id(43)
[12:06:52.856907] {mesa egl surface queue} wl_callback#43.done(7)
[12:06:52.856922] {mesa egl surface queue} wl_buffer#40.release()
[12:06:52.857721] {Default Queue}  -> xdg_toplevel#30.set_min_size(1400, 948)
[12:06:52.857728] {Default Queue}  -> xdg_toplevel#30.set_max_size(0, 0)
[12:06:52.857731] {Default Queue}  -> xdg_surface#29.set_window_geometry(45, 45, 1400, 948)
[12:06:52.857776] {mesa egl surface queue}  -> wl_surface#14.attach(wl_buffer#40, 0, 0)
[12:06:52.857779] {mesa egl surface queue}  -> wl_surface#14.damage(0, 0, 2147483647, 2147483647)
[12:06:52.857781] {mesa egl surface queue}  -> wl_surface#14.commit()
[12:06:52.857783] {mesa egl surface queue}  -> wl_display#1.sync(new id wl_callback#43)
[12:06:52.857845] {Display Queue} wl_display#1.delete_id(43)
[12:06:52.873606] {mesa egl surface queue} wl_callback#43.done(7)
[12:06:52.873620] {mesa egl surface queue} wl_buffer#44.release()
[12:06:52.874396] {Default Queue}  -> xdg_toplevel#30.set_min_size(1400, 948)
[12:06:52.874403] {Default Queue}  -> xdg_toplevel#30.set_max_size(0, 0)
[12:06:52.874405] {Default Queue}  -> xdg_surface#29.set_window_geometry(45, 45, 1400, 948)
[12:06:52.874444] {mesa egl surface queue}  -> wl_surface#14.attach(wl_buffer#44, 0, 0)
[12:06:52.874452] {mesa egl surface queue}  -> wl_surface#14.damage(0, 0, 2147483647, 2147483647)
[12:06:52.874461] {mesa egl surface queue}  -> wl_surface#14.commit()
[12:06:52.874463] {mesa egl surface queue}  -> wl_display#1.sync(new id wl_callback#43)
[12:06:52.874523] {Display Queue} wl_display#1.delete_id(43)
[12:06:52.888898] {mesa egl surface queue} wl_callback#43.done(7)
[12:06:52.888908] {mesa egl surface queue} wl_buffer#40.release()
[12:06:52.889841] {Default Queue}  -> xdg_toplevel#30.set_min_size(1400, 948)
[12:06:52.889848] {Default Queue}  -> xdg_toplevel#30.set_max_size(0, 0)
[12:06:52.889850] {Default Queue}  -> xdg_surface#29.set_window_geometry(45, 45, 1400, 948)
[12:06:52.889886] {mesa egl surface queue}  -> wl_surface#14.attach(wl_buffer#40, 0, 0)
[12:06:52.889889] {mesa egl surface queue}  -> wl_surface#14.damage(0, 0, 2147483647, 2147483647)
[12:06:52.889891] {mesa egl surface queue}  -> wl_surface#14.commit()
[12:06:52.889893] {mesa egl surface queue}  -> wl_display#1.sync(new id wl_callback#43)
[12:06:52.889933] {Display Queue} wl_display#1.delete_id(43)
[12:06:52.904984] {mesa egl surface queue} wl_callback#43.done(7)
[12:06:52.904998] {mesa egl surface queue} wl_buffer#44.release()
[12:06:52.905700] {Default Queue}  -> xdg_toplevel#30.set_min_size(1400, 948)
[12:06:52.905707] {Default Queue}  -> xdg_toplevel#30.set_max_size(0, 0)
[12:06:52.905709] {Default Queue}  -> xdg_surface#29.set_window_geometry(45, 45, 1400, 948)
[12:06:52.905753] {mesa egl surface queue}  -> wl_surface#14.attach(wl_buffer#44, 0, 0)
[12:06:52.905756] {mesa egl surface queue}  -> wl_surface#14.damage(0, 0, 2147483647, 2147483647)
[12:06:52.905757] {mesa egl surface queue}  -> wl_surface#14.commit()
[12:06:52.905759] {mesa egl surface queue}  -> wl_display#1.sync(new id wl_callback#43)
[12:06:52.905805] {Display Queue} wl_display#1.delete_id(43)
[12:06:52.922045] {mesa egl surface queue} wl_callback#43.done(7)
[12:06:52.922058] {mesa egl surface queue} wl_buffer#40.release()
[12:06:52.922747] {Default Queue}  -> xdg_toplevel#30.set_min_size(1400, 948)
[12:06:52.922754] {Default Queue}  -> xdg_toplevel#30.set_max_size(0, 0)
[12:06:52.922756] {Default Queue}  -> xdg_surface#29.set_window_geometry(45, 45, 1400, 948)
[12:06:52.922792] {mesa egl surface queue}  -> wl_surface#14.attach(wl_buffer#40, 0, 0)
[12:06:52.922794] {mesa egl surface queue}  -> wl_surface#14.damage(0, 0, 2147483647, 2147483647)
[12:06:52.922797] {mesa egl surface queue}  -> wl_surface#14.commit()
[12:06:52.922798] {mesa egl surface queue}  -> wl_display#1.sync(new id wl_callback#43)
[12:06:52.922852] {Display Queue} wl_display#1.delete_id(43)
[12:06:52.938262] {mesa egl surface queue} wl_callback#43.done(7)
[12:06:52.938275] {mesa egl surface queue} wl_buffer#44.release()
[12:06:52.938971] {Default Queue}  -> xdg_toplevel#30.set_min_size(1400, 948)
[12:06:52.938979] {Default Queue}  -> xdg_toplevel#30.set_max_size(0, 0)
[12:06:52.938981] {Default Queue}  -> xdg_surface#29.set_window_geometry(45, 45, 1400, 948)
[12:06:52.939019] {mesa egl surface queue}  -> wl_surface#14.attach(wl_buffer#44, 0, 0)
[12:06:52.939022] {mesa egl surface queue}  -> wl_surface#14.damage(0, 0, 2147483647, 2147483647)
[12:06:52.939024] {mesa egl surface queue}  -> wl_surface#14.commit()
[12:06:52.939026] {mesa egl surface queue}  -> wl_display#1.sync(new id wl_callback#43)
[12:06:52.939112] {Display Queue} wl_display#1.delete_id(43)
[12:06:52.955191] {mesa egl surface queue} wl_callback#43.done(7)
[12:06:52.955208] {mesa egl surface queue} wl_buffer#40.release()
[12:06:52.956048] {Default Queue}  -> xdg_toplevel#30.set_min_size(1400, 948)
[12:06:52.956055] {Default Queue}  -> xdg_toplevel#30.set_max_size(0, 0)
[12:06:52.956058] {Default Queue}  -> xdg_surface#29.set_window_geometry(45, 45, 1400, 948)
[12:06:52.956098] {mesa egl surface queue}  -> wl_surface#14.attach(wl_buffer#40, 0, 0)
[12:06:52.956101] {mesa egl surface queue}  -> wl_surface#14.damage(0, 0, 2147483647, 2147483647)
[12:06:52.956103] {mesa egl surface queue}  -> wl_surface#14.commit()
[12:06:52.956110] {mesa egl surface queue}  -> wl_display#1.sync(new id wl_callback#43)
[12:06:52.956211] {Display Queue} wl_display#1.delete_id(43)
[12:06:52.971553] {mesa egl surface queue} wl_callback#43.done(7)
[12:06:52.971569] {mesa egl surface queue} wl_buffer#44.release()
[12:06:52.972374] {Default Queue}  -> xdg_toplevel#30.set_min_size(1400, 948)
[12:06:52.972382] {Default Queue}  -> xdg_toplevel#30.set_max_size(0, 0)
[12:06:52.972384] {Default Queue}  -> xdg_surface#29.set_window_geometry(45, 45, 1400, 948)
[12:06:52.972427] {mesa egl surface queue}  -> wl_surface#14.attach(wl_buffer#44, 0, 0)
[12:06:52.972430] {mesa egl surface queue}  -> wl_surface#14.damage(0, 0, 2147483647, 2147483647)
[12:06:52.972432] {mesa egl surface queue}  -> wl_surface#14.commit()
[12:06:52.972433] {mesa egl surface queue}  -> wl_display#1.sync(new id wl_callback#43)
[12:06:52.972567] {Display Queue} wl_display#1.delete_id(43)
[12:06:52.988766] {mesa egl surface queue} wl_callback#43.done(7)
[12:06:52.988784] {mesa egl surface queue} wl_buffer#40.release()
[12:06:52.989566] {Default Queue}  -> xdg_toplevel#30.set_min_size(1400, 948)
[12:06:52.989587] {Default Queue}  -> xdg_toplevel#30.set_max_size(0, 0)
[12:06:52.989590] {Default Queue}  -> xdg_surface#29.set_window_geometry(45, 45, 1400, 948)
[12:06:52.989630] {mesa egl surface queue}  -> wl_surface#14.attach(wl_buffer#40, 0, 0)
[12:06:52.989633] {mesa egl surface queue}  -> wl_surface#14.damage(0, 0, 2147483647, 2147483647)
[12:06:52.989635] {mesa egl surface queue}  -> wl_surface#14.commit()
[12:06:52.989637] {mesa egl surface queue}  -> wl_display#1.sync(new id wl_callback#43)
[12:06:52.989695] {Display Queue} wl_display#1.delete_id(43)
[12:06:53.004853] {mesa egl surface queue} wl_callback#43.done(7)
[12:06:53.004865] {mesa egl surface queue} wl_buffer#44.release()
[12:06:53.005539] {Default Queue}  -> xdg_toplevel#30.set_min_size(1400, 948)
[12:06:53.005545] {Default Queue}  -> xdg_toplevel#30.set_max_size(0, 0)
[12:06:53.005548] {Default Queue}  -> xdg_surface#29.set_window_geometry(45, 45, 1400, 948)
[12:06:53.005585] {mesa egl surface queue}  -> wl_surface#14.attach(wl_buffer#44, 0, 0)
[12:06:53.005588] {mesa egl surface queue}  -> wl_surface#14.damage(0, 0, 2147483647, 2147483647)
[12:06:53.005590] {mesa egl surface queue}  -> wl_surface#14.commit()
[12:06:53.005591] {mesa egl surface queue}  -> wl_display#1.sync(new id wl_callback#43)
[12:06:53.005637] {Display Queue} wl_display#1.delete_id(43)
[12:06:53.021717] {mesa egl surface queue} wl_callback#43.done(7)
[12:06:53.021730] {mesa egl surface queue} wl_buffer#40.release()
[12:06:53.022416] {Default Queue}  -> xdg_toplevel#30.set_min_size(1400, 948)
[12:06:53.022422] {Default Queue}  -> xdg_toplevel#30.set_max_size(0, 0)
[12:06:53.022425] {Default Queue}  -> xdg_surface#29.set_window_geometry(45, 45, 1400, 948)
[12:06:53.022465] {mesa egl surface queue}  -> wl_surface#14.attach(wl_buffer#40, 0, 0)
[12:06:53.022468] {mesa egl surface queue}  -> wl_surface#14.damage(0, 0, 2147483647, 2147483647)
[12:06:53.022470] {mesa egl surface queue}  -> wl_surface#14.commit()
[12:06:53.022471] {mesa egl surface queue}  -> wl_display#1.sync(new id wl_callback#43)
[12:06:53.022520] {Display Queue} wl_display#1.delete_id(43)
[12:06:53.038758] {mesa egl surface queue} wl_callback#43.done(7)
[12:06:53.038772] {mesa egl surface queue} wl_buffer#44.release()
[12:06:53.039732] {Default Queue}  -> xdg_toplevel#30.set_min_size(1400, 948)
[12:06:53.039744] {Default Queue}  -> xdg_toplevel#30.set_max_size(0, 0)
[12:06:53.039748] {Default Queue}  -> xdg_surface#29.set_window_geometry(45, 45, 1400, 948)
[12:06:53.039792] {mesa egl surface queue}  -> wl_surface#14.attach(wl_buffer#44, 0, 0)
[12:06:53.039795] {mesa egl surface queue}  -> wl_surface#14.damage(0, 0, 2147483647, 2147483647)
[12:06:53.039796] {mesa egl surface queue}  -> wl_surface#14.commit()
[12:06:53.039798] {mesa egl surface queue}  -> wl_display#1.sync(new id wl_callback#43)
[12:06:53.039872] {Display Queue} wl_display#1.delete_id(43)
[12:06:53.066030] {mesa egl surface queue} wl_callback#43.done(7)
[12:06:53.066051] {mesa egl surface queue} wl_buffer#40.release()
[12:06:53.066923] {Default Queue}  -> xdg_toplevel#30.set_min_size(1400, 948)
[12:06:53.066931] {Default Queue}  -> xdg_toplevel#30.set_max_size(0, 0)
[12:06:53.066933] {Default Queue}  -> xdg_surface#29.set_window_geometry(45, 45, 1400, 948)
[12:06:53.066973] {mesa egl surface queue}  -> wl_surface#14.attach(wl_buffer#40, 0, 0)
[12:06:53.066976] {mesa egl surface queue}  -> wl_surface#14.damage(0, 0, 2147483647, 2147483647)
[12:06:53.066978] {mesa egl surface queue}  -> wl_surface#14.commit()
[12:06:53.066980] {mesa egl surface queue}  -> wl_display#1.sync(new id wl_callback#43)
[12:06:53.067041] {Display Queue} wl_display#1.delete_id(43)
[12:06:53.087935] {mesa egl surface queue} wl_callback#43.done(7)
[12:06:53.087949] {mesa egl surface queue} wl_buffer#44.release()
[12:06:53.088707] {Default Queue}  -> xdg_toplevel#30.set_min_size(1400, 948)
[12:06:53.088714] {Default Queue}  -> xdg_toplevel#30.set_max_size(0, 0)
[12:06:53.088716] {Default Queue}  -> xdg_surface#29.set_window_geometry(45, 45, 1400, 948)
[12:06:53.088761] {mesa egl surface queue}  -> wl_surface#14.attach(wl_buffer#44, 0, 0)
[12:06:53.088768] {mesa egl surface queue}  -> wl_surface#14.damage(0, 0, 2147483647, 2147483647)
[12:06:53.088770] {mesa egl surface queue}  -> wl_surface#14.commit()
[12:06:53.088772] {mesa egl surface queue}  -> wl_display#1.sync(new id wl_callback#43)
[12:06:53.088842] {Display Queue} wl_display#1.delete_id(43)
[12:06:53.104738] {mesa egl surface queue} wl_callback#43.done(7)
[12:06:53.104753] {mesa egl surface queue} wl_buffer#40.release()
[12:06:53.105479] {Default Queue}  -> xdg_toplevel#30.set_min_size(1400, 948)
[12:06:53.105487] {Default Queue}  -> xdg_toplevel#30.set_max_size(0, 0)
[12:06:53.105489] {Default Queue}  -> xdg_surface#29.set_window_geometry(45, 45, 1400, 948)
[12:06:53.105525] {mesa egl surface queue}  -> wl_surface#14.attach(wl_buffer#40, 0, 0)
[12:06:53.105527] {mesa egl surface queue}  -> wl_surface#14.damage(0, 0, 2147483647, 2147483647)
[12:06:53.105529] {mesa egl surface queue}  -> wl_surface#14.commit()
[12:06:53.105531] {mesa egl surface queue}  -> wl_display#1.sync(new id wl_callback#43)
[12:06:53.105578] {Display Queue} wl_display#1.delete_id(43)
[12:06:53.121482] {mesa egl surface queue} wl_callback#43.done(7)
[12:06:53.121496] {mesa egl surface queue} wl_buffer#44.release()
[12:06:53.122260] {Default Queue}  -> xdg_toplevel#30.set_min_size(1400, 948)
[12:06:53.122269] {Default Queue}  -> xdg_toplevel#30.set_max_size(0, 0)
[12:06:53.122271] {Default Queue}  -> xdg_surface#29.set_window_geometry(45, 45, 1400, 948)
[12:06:53.122311] {mesa egl surface queue}  -> wl_surface#14.attach(wl_buffer#44, 0, 0)
[12:06:53.122313] {mesa egl surface queue}  -> wl_surface#14.damage(0, 0, 2147483647, 2147483647)
[12:06:53.122315] {mesa egl surface queue}  -> wl_surface#14.commit()
[12:06:53.122317] {mesa egl surface queue}  -> wl_display#1.sync(new id wl_callback#43)
[12:06:53.122371] {Display Queue} wl_display#1.delete_id(43)
[12:06:53.138676] {mesa egl surface queue} wl_callback#43.done(7)
[12:06:53.138691] {mesa egl surface queue} wl_buffer#40.release()
[12:06:53.139460] {Default Queue}  -> xdg_toplevel#30.set_min_size(1400, 948)
[12:06:53.139468] {Default Queue}  -> xdg_toplevel#30.set_max_size(0, 0)
[12:06:53.139470] {Default Queue}  -> xdg_surface#29.set_window_geometry(45, 45, 1400, 948)
[12:06:53.139512] {mesa egl surface queue}  -> wl_surface#14.attach(wl_buffer#40, 0, 0)
[12:06:53.139515] {mesa egl surface queue}  -> wl_surface#14.damage(0, 0, 2147483647, 2147483647)
[12:06:53.139517] {mesa egl surface queue}  -> wl_surface#14.commit()
[12:06:53.139519] {mesa egl surface queue}  -> wl_display#1.sync(new id wl_callback#43)
[12:06:53.139581] {Display Queue} wl_display#1.delete_id(43)
[12:06:53.155137] {mesa egl surface queue} wl_callback#43.done(7)
[12:06:53.155153] {mesa egl surface queue} wl_buffer#44.release()
[12:06:53.156113] {Default Queue}  -> xdg_toplevel#30.set_min_size(1400, 948)
[12:06:53.156128] {Default Queue}  -> xdg_toplevel#30.set_max_size(0, 0)
[12:06:53.156137] {Default Queue}  -> xdg_surface#29.set_window_geometry(45, 45, 1400, 948)
[12:06:53.156183] {mesa egl surface queue}  -> wl_surface#14.attach(wl_buffer#44, 0, 0)
[12:06:53.156186] {mesa egl surface queue}  -> wl_surface#14.damage(0, 0, 2147483647, 2147483647)
[12:06:53.156188] {mesa egl surface queue}  -> wl_surface#14.commit()
[12:06:53.156190] {mesa egl surface queue}  -> wl_display#1.sync(new id wl_callback#43)
[12:06:53.156270] {Display Queue} wl_display#1.delete_id(43)
[12:06:53.171515] {mesa egl surface queue} wl_callback#43.done(7)
[12:06:53.171531] {mesa egl surface queue} wl_buffer#40.release()
[12:06:53.172218] {Default Queue}  -> xdg_toplevel#30.set_min_size(1400, 948)
[12:06:53.172225] {Default Queue}  -> xdg_toplevel#30.set_max_size(0, 0)
[12:06:53.172227] {Default Queue}  -> xdg_surface#29.set_window_geometry(45, 45, 1400, 948)
[12:06:53.172265] {mesa egl surface queue}  -> wl_surface#14.attach(wl_buffer#40, 0, 0)
[12:06:53.172268] {mesa egl surface queue}  -> wl_surface#14.damage(0, 0, 2147483647, 2147483647)
[12:06:53.172271] {mesa egl surface queue}  -> wl_surface#14.commit()
[12:06:53.172273] {mesa egl surface queue}  -> wl_display#1.sync(new id wl_callback#43)
[12:06:53.172341] {Display Queue} wl_display#1.delete_id(43)
[12:06:53.188861] {mesa egl surface queue} wl_callback#43.done(7)
[12:06:53.188874] {mesa egl surface queue} wl_buffer#44.release()
[12:06:53.189602] {Default Queue}  -> xdg_toplevel#30.set_min_size(1400, 948)
[12:06:53.189609] {Default Queue}  -> xdg_toplevel#30.set_max_size(0, 0)
[12:06:53.189611] {Default Queue}  -> xdg_surface#29.set_window_geometry(45, 45, 1400, 948)
[12:06:53.189656] {mesa egl surface queue}  -> wl_surface#14.attach(wl_buffer#44, 0, 0)
[12:06:53.189660] {mesa egl surface queue}  -> wl_surface#14.damage(0, 0, 2147483647, 2147483647)
[12:06:53.189662] {mesa egl surface queue}  -> wl_surface#14.commit()
[12:06:53.189663] {mesa egl surface queue}  -> wl_display#1.sync(new id wl_callback#43)
[12:06:53.189725] {Display Queue} wl_display#1.delete_id(43)
[12:06:53.205098] {mesa egl surface queue} wl_callback#43.done(7)
[12:06:53.205110] {mesa egl surface queue} wl_buffer#40.release()
[12:06:53.205817] {Default Queue}  -> xdg_toplevel#30.set_min_size(1400, 948)
[12:06:53.205824] {Default Queue}  -> xdg_toplevel#30.set_max_size(0, 0)
[12:06:53.205826] {Default Queue}  -> xdg_surface#29.set_window_geometry(45, 45, 1400, 948)
[12:06:53.205866] {mesa egl surface queue}  -> wl_surface#14.attach(wl_buffer#40, 0, 0)
[12:06:53.205869] {mesa egl surface queue}  -> wl_surface#14.damage(0, 0, 2147483647, 2147483647)
[12:06:53.205870] {mesa egl surface queue}  -> wl_surface#14.commit()
[12:06:53.205873] {mesa egl surface queue}  -> wl_display#1.sync(new id wl_callback#43)
[12:06:53.205939] {Display Queue} wl_display#1.delete_id(43)
[12:06:53.221861] {mesa egl surface queue} wl_callback#43.done(7)
[12:06:53.221875] {mesa egl surface queue} wl_buffer#44.release()
[12:06:53.222927] {Default Queue}  -> xdg_toplevel#30.set_min_size(1400, 948)
[12:06:53.222936] {Default Queue}  -> xdg_toplevel#30.set_max_size(0, 0)
[12:06:53.222939] {Default Queue}  -> xdg_surface#29.set_window_geometry(45, 45, 1400, 948)
[12:06:53.222979] {mesa egl surface queue}  -> wl_surface#14.attach(wl_buffer#44, 0, 0)
[12:06:53.222982] {mesa egl surface queue}  -> wl_surface#14.damage(0, 0, 2147483647, 2147483647)
[12:06:53.222984] {mesa egl surface queue}  -> wl_surface#14.commit()
[12:06:53.222986] {mesa egl surface queue}  -> wl_display#1.sync(new id wl_callback#43)
[12:06:53.223039] {Display Queue} wl_display#1.delete_id(43)
[12:06:53.238455] {mesa egl surface queue} wl_callback#43.done(7)
[12:06:53.238468] {mesa egl surface queue} wl_buffer#40.release()
[12:06:53.239322] {Default Queue}  -> xdg_toplevel#30.set_min_size(1400, 948)
[12:06:53.239330] {Default Queue}  -> xdg_toplevel#30.set_max_size(0, 0)
[12:06:53.239332] {Default Queue}  -> xdg_surface#29.set_window_geometry(45, 45, 1400, 948)
[12:06:53.239377] {mesa egl surface queue}  -> wl_surface#14.attach(wl_buffer#40, 0, 0)
[12:06:53.239385] {mesa egl surface queue}  -> wl_surface#14.damage(0, 0, 2147483647, 2147483647)
[12:06:53.239394] {mesa egl surface queue}  -> wl_surface#14.commit()
[12:06:53.239396] {mesa egl surface queue}  -> wl_display#1.sync(new id wl_callback#43)
[12:06:53.239465] {Display Queue} wl_display#1.delete_id(43)
[12:06:53.254681] {mesa egl surface queue} wl_callback#43.done(7)
[12:06:53.254697] {mesa egl surface queue} wl_buffer#44.release()
[12:06:53.255503] {Default Queue}  -> xdg_toplevel#30.set_min_size(1400, 948)
[12:06:53.255510] {Default Queue}  -> xdg_toplevel#30.set_max_size(0, 0)
[12:06:53.255513] {Default Queue}  -> xdg_surface#29.set_window_geometry(45, 45, 1400, 948)
[12:06:53.255557] {mesa egl surface queue}  -> wl_surface#14.attach(wl_buffer#44, 0, 0)
[12:06:53.255559] {mesa egl surface queue}  -> wl_surface#14.damage(0, 0, 2147483647, 2147483647)
[12:06:53.255561] {mesa egl surface queue}  -> wl_surface#14.commit()
[12:06:53.255563] {mesa egl surface queue}  -> wl_display#1.sync(new id wl_callback#43)
[12:06:53.255635] {Display Queue} wl_display#1.delete_id(43)
[12:06:53.271664] {mesa egl surface queue} wl_callback#43.done(7)
[12:06:53.271676] {mesa egl surface queue} wl_buffer#40.release()
[12:06:53.272443] {Default Queue}  -> xdg_toplevel#30.set_min_size(1400, 948)
[12:06:53.272454] {Default Queue}  -> xdg_toplevel#30.set_max_size(0, 0)
[12:06:53.272457] {Default Queue}  -> xdg_surface#29.set_window_geometry(45, 45, 1400, 948)
[12:06:53.272494] {mesa egl surface queue}  -> wl_surface#14.attach(wl_buffer#40, 0, 0)
[12:06:53.272496] {mesa egl surface queue}  -> wl_surface#14.damage(0, 0, 2147483647, 2147483647)
[12:06:53.272498] {mesa egl surface queue}  -> wl_surface#14.commit()
[12:06:53.272500] {mesa egl surface queue}  -> wl_display#1.sync(new id wl_callback#43)
[12:06:53.272564] {Display Queue} wl_display#1.delete_id(43)
[12:06:53.288755] {mesa egl surface queue} wl_callback#43.done(7)
[12:06:53.288766] {mesa egl surface queue} wl_buffer#44.release()
[12:06:53.289493] {Default Queue}  -> xdg_toplevel#30.set_min_size(1400, 948)
[12:06:53.289500] {Default Queue}  -> xdg_toplevel#30.set_max_size(0, 0)
[12:06:53.289502] {Default Queue}  -> xdg_surface#29.set_window_geometry(45, 45, 1400, 948)
[12:06:53.289546] {mesa egl surface queue}  -> wl_surface#14.attach(wl_buffer#44, 0, 0)
[12:06:53.289549] {mesa egl surface queue}  -> wl_surface#14.damage(0, 0, 2147483647, 2147483647)
[12:06:53.289551] {mesa egl surface queue}  -> wl_surface#14.commit()
[12:06:53.289553] {mesa egl surface queue}  -> wl_display#1.sync(new id wl_callback#43)
[12:06:53.289616] {Display Queue} wl_display#1.delete_id(43)
[12:06:53.304923] {mesa egl surface queue} wl_callback#43.done(7)
[12:06:53.304933] {mesa egl surface queue} wl_buffer#40.release()
[12:06:53.305594] {Default Queue}  -> xdg_toplevel#30.set_min_size(1400, 948)
[12:06:53.305599] {Default Queue}  -> xdg_toplevel#30.set_max_size(0, 0)
[12:06:53.305605] {Default Queue}  -> xdg_surface#29.set_window_geometry(45, 45, 1400, 948)
[12:06:53.305641] {mesa egl surface queue}  -> wl_surface#14.attach(wl_buffer#40, 0, 0)
[12:06:53.305643] {mesa egl surface queue}  -> wl_surface#14.damage(0, 0, 2147483647, 2147483647)
[12:06:53.305645] {mesa egl surface queue}  -> wl_surface#14.commit()
[12:06:53.305647] {mesa egl surface queue}  -> wl_display#1.sync(new id wl_callback#43)
[12:06:53.305703] {Display Queue} wl_display#1.delete_id(43)
[12:06:53.321845] {mesa egl surface queue} wl_callback#43.done(7)
[12:06:53.321861] {mesa egl surface queue} wl_buffer#44.release()
[12:06:53.322709] {Default Queue}  -> xdg_toplevel#30.set_min_size(1400, 948)
[12:06:53.322718] {Default Queue}  -> xdg_toplevel#30.set_max_size(0, 0)
[12:06:53.322720] {Default Queue}  -> xdg_surface#29.set_window_geometry(45, 45, 1400, 948)
[12:06:53.322765] {mesa egl surface queue}  -> wl_surface#14.attach(wl_buffer#44, 0, 0)
[12:06:53.322767] {mesa egl surface queue}  -> wl_surface#14.damage(0, 0, 2147483647, 2147483647)
[12:06:53.322769] {mesa egl surface queue}  -> wl_surface#14.commit()
[12:06:53.322777] {mesa egl surface queue}  -> wl_display#1.sync(new id wl_callback#43)
[12:06:53.322836] {Display Queue} wl_display#1.delete_id(43)
[12:06:53.338489] {mesa egl surface queue} wl_callback#43.done(7)
[12:06:53.338504] {mesa egl surface queue} wl_buffer#40.release()
[12:06:53.339294] {Default Queue}  -> xdg_toplevel#30.set_min_size(1400, 948)
[12:06:53.339304] {Default Queue}  -> xdg_toplevel#30.set_max_size(0, 0)
[12:06:53.339306] {Default Queue}  -> xdg_surface#29.set_window_geometry(45, 45, 1400, 948)
[12:06:53.339347] {mesa egl surface queue}  -> wl_surface#14.attach(wl_buffer#40, 0, 0)
[12:06:53.339349] {mesa egl surface queue}  -> wl_surface#14.damage(0, 0, 2147483647, 2147483647)
[12:06:53.339351] {mesa egl surface queue}  -> wl_surface#14.commit()
[12:06:53.339353] {mesa egl surface queue}  -> wl_display#1.sync(new id wl_callback#43)
[12:06:53.339428] {Display Queue} wl_display#1.delete_id(43)
[12:06:53.354544] {mesa egl surface queue} wl_callback#43.done(7)
[12:06:53.354565] {mesa egl surface queue} wl_buffer#44.release()
[12:06:53.355669] {Default Queue}  -> xdg_toplevel#30.set_min_size(1400, 948)
[12:06:53.355679] {Default Queue}  -> xdg_toplevel#30.set_max_size(0, 0)
[12:06:53.355682] {Default Queue}  -> xdg_surface#29.set_window_geometry(45, 45, 1400, 948)
[12:06:53.355737] {mesa egl surface queue}  -> wl_surface#14.attach(wl_buffer#44, 0, 0)
[12:06:53.355745] {mesa egl surface queue}  -> wl_surface#14.damage(0, 0, 2147483647, 2147483647)
[12:06:53.355748] {mesa egl surface queue}  -> wl_surface#14.commit()
[12:06:53.355750] {mesa egl surface queue}  -> wl_display#1.sync(new id wl_callback#43)
[12:06:53.355832] {Display Queue} wl_display#1.delete_id(43)
[12:06:53.371619] {mesa egl surface queue} wl_callback#43.done(7)
[12:06:53.371632] {mesa egl surface queue} wl_buffer#40.release()
[12:06:53.372400] {Default Queue}  -> xdg_toplevel#30.set_min_size(1400, 948)
[12:06:53.372406] {Default Queue}  -> xdg_toplevel#30.set_max_size(0, 0)
[12:06:53.372409] {Default Queue}  -> xdg_surface#29.set_window_geometry(45, 45, 1400, 948)
[12:06:53.372450] {mesa egl surface queue}  -> wl_surface#14.attach(wl_buffer#40, 0, 0)
[12:06:53.372452] {mesa egl surface queue}  -> wl_surface#14.damage(0, 0, 2147483647, 2147483647)
[12:06:53.372454] {mesa egl surface queue}  -> wl_surface#14.commit()
[12:06:53.372456] {mesa egl surface queue}  -> wl_display#1.sync(new id wl_callback#43)
[12:06:53.372525] {Display Queue} wl_display#1.delete_id(43)
[12:06:53.388209] {mesa egl surface queue} wl_callback#43.done(7)
[12:06:53.388225] {mesa egl surface queue} wl_buffer#44.release()
[12:06:53.389038] {Default Queue}  -> xdg_toplevel#30.set_min_size(1400, 948)
[12:06:53.389045] {Default Queue}  -> xdg_toplevel#30.set_max_size(0, 0)
[12:06:53.389047] {Default Queue}  -> xdg_surface#29.set_window_geometry(45, 45, 1400, 948)
[12:06:53.389090] {mesa egl surface queue}  -> wl_surface#14.attach(wl_buffer#44, 0, 0)
[12:06:53.389093] {mesa egl surface queue}  -> wl_surface#14.damage(0, 0, 2147483647, 2147483647)
[12:06:53.389095] {mesa egl surface queue}  -> wl_surface#14.commit()
[12:06:53.389097] {mesa egl surface queue}  -> wl_display#1.sync(new id wl_callback#43)
[12:06:53.389183] {Display Queue} wl_display#1.delete_id(43)
[12:06:53.405156] {mesa egl surface queue} wl_callback#43.done(7)
[12:06:53.405167] {mesa egl surface queue} wl_buffer#40.release()
[12:06:53.405856] {Default Queue}  -> xdg_toplevel#30.set_min_size(1400, 948)
[12:06:53.405863] {Default Queue}  -> xdg_toplevel#30.set_max_size(0, 0)
[12:06:53.405865] {Default Queue}  -> xdg_surface#29.set_window_geometry(45, 45, 1400, 948)
[12:06:53.405903] {mesa egl surface queue}  -> wl_surface#14.attach(wl_buffer#40, 0, 0)
[12:06:53.405906] {mesa egl surface queue}  -> wl_surface#14.damage(0, 0, 2147483647, 2147483647)
[12:06:53.405908] {mesa egl surface queue}  -> wl_surface#14.commit()
[12:06:53.405910] {mesa egl surface queue}  -> wl_display#1.sync(new id wl_callback#43)
[12:06:53.405973] {Display Queue} wl_display#1.delete_id(43)
[12:06:53.421828] {mesa egl surface queue} wl_callback#43.done(7)
[12:06:53.421844] {mesa egl surface queue} wl_buffer#44.release()
[12:06:53.422586] {Default Queue}  -> xdg_toplevel#30.set_min_size(1400, 948)
[12:06:53.422596] {Default Queue}  -> xdg_toplevel#30.set_max_size(0, 0)
[12:06:53.422599] {Default Queue}  -> xdg_surface#29.set_window_geometry(45, 45, 1400, 948)
[12:06:53.422645] {mesa egl surface queue}  -> wl_surface#14.attach(wl_buffer#44, 0, 0)
[12:06:53.422650] {mesa egl surface queue}  -> wl_surface#14.damage(0, 0, 2147483647, 2147483647)
[12:06:53.422653] {mesa egl surface queue}  -> wl_surface#14.commit()
[12:06:53.422655] {mesa egl surface queue}  -> wl_display#1.sync(new id wl_callback#43)
[12:06:53.422728] {Display Queue} wl_display#1.delete_id(43)
[12:06:53.438756] {mesa egl surface queue} wl_callback#43.done(7)
[12:06:53.438767] {mesa egl surface queue} wl_buffer#40.release()
[12:06:53.439454] {Default Queue}  -> xdg_toplevel#30.set_min_size(1400, 948)
[12:06:53.439461] {Default Queue}  -> xdg_toplevel#30.set_max_size(0, 0)
[12:06:53.439463] {Default Queue}  -> xdg_surface#29.set_window_geometry(45, 45, 1400, 948)
[12:06:53.439503] {mesa egl surface queue}  -> wl_surface#14.attach(wl_buffer#40, 0, 0)
[12:06:53.439506] {mesa egl surface queue}  -> wl_surface#14.damage(0, 0, 2147483647, 2147483647)
[12:06:53.439508] {mesa egl surface queue}  -> wl_surface#14.commit()
[12:06:53.439509] {mesa egl surface queue}  -> wl_display#1.sync(new id wl_callback#43)
[12:06:53.439573] {Display Queue} wl_display#1.delete_id(43)
[12:06:53.455275] {mesa egl surface queue} wl_callback#43.done(7)
[12:06:53.455291] {mesa egl surface queue} wl_buffer#44.release()
[12:06:53.456228] {Default Queue}  -> xdg_toplevel#30.set_min_size(1400, 948)
[12:06:53.456239] {Default Queue}  -> xdg_toplevel#30.set_max_size(0, 0)
[12:06:53.456242] {Default Queue}  -> xdg_surface#29.set_window_geometry(45, 45, 1400, 948)
[12:06:53.456297] {mesa egl surface queue}  -> wl_surface#14.attach(wl_buffer#44, 0, 0)
[12:06:53.456303] {mesa egl surface queue}  -> wl_surface#14.damage(0, 0, 2147483647, 2147483647)
[12:06:53.456305] {mesa egl surface queue}  -> wl_surface#14.commit()
[12:06:53.456308] {mesa egl surface queue}  -> wl_display#1.sync(new id wl_callback#43)
[12:06:53.456519] {Display Queue} wl_display#1.delete_id(43)
[12:06:53.471196] {mesa egl surface queue} wl_callback#43.done(7)
[12:06:53.471210] {mesa egl surface queue} wl_buffer#40.release()
[12:06:53.471908] {Default Queue}  -> xdg_toplevel#30.set_min_size(1400, 948)
[12:06:53.471915] {Default Queue}  -> xdg_toplevel#30.set_max_size(0, 0)
[12:06:53.471917] {Default Queue}  -> xdg_surface#29.set_window_geometry(45, 45, 1400, 948)
[12:06:53.471957] {mesa egl surface queue}  -> wl_surface#14.attach(wl_buffer#40, 0, 0)
[12:06:53.471960] {mesa egl surface queue}  -> wl_surface#14.damage(0, 0, 2147483647, 2147483647)
[12:06:53.471962] {mesa egl surface queue}  -> wl_surface#14.commit()
[12:06:53.471964] {mesa egl surface queue}  -> wl_display#1.sync(new id wl_callback#43)
[12:06:53.472047] {Display Queue} wl_display#1.delete_id(43)
[12:06:53.487896] {mesa egl surface queue} wl_callback#43.done(7)
[12:06:53.487916] {mesa egl surface queue} wl_buffer#44.release()
[12:06:53.489019] {Default Queue}  -> xdg_toplevel#30.set_min_size(1400, 948)
[12:06:53.489030] {Default Queue}  -> xdg_toplevel#30.set_max_size(0, 0)
[12:06:53.489032] {Default Queue}  -> xdg_surface#29.set_window_geometry(45, 45, 1400, 948)
[12:06:53.489076] {mesa egl surface queue}  -> wl_surface#14.attach(wl_buffer#44, 0, 0)
[12:06:53.489079] {mesa egl surface queue}  -> wl_surface#14.damage(0, 0, 2147483647, 2147483647)
[12:06:53.489081] {mesa egl surface queue}  -> wl_surface#14.commit()
[12:06:53.489083] {mesa egl surface queue}  -> wl_display#1.sync(new id wl_callback#43)
[12:06:53.489213] {Display Queue} wl_display#1.delete_id(43)
[12:06:53.504872] {mesa egl surface queue} wl_callback#43.done(7)
[12:06:53.504884] {mesa egl surface queue} wl_buffer#40.release()
[12:06:53.505718] {Default Queue}  -> xdg_toplevel#30.set_min_size(1400, 948)
[12:06:53.505727] {Default Queue}  -> xdg_toplevel#30.set_max_size(0, 0)
[12:06:53.505738] {Default Queue}  -> xdg_surface#29.set_window_geometry(45, 45, 1400, 948)
[12:06:53.505803] {mesa egl surface queue}  -> wl_surface#14.attach(wl_buffer#40, 0, 0)
[12:06:53.505806] {mesa egl surface queue}  -> wl_surface#14.damage(0, 0, 2147483647, 2147483647)
[12:06:53.505808] {mesa egl surface queue}  -> wl_surface#14.commit()
[12:06:53.505810] {mesa egl surface queue}  -> wl_display#1.sync(new id wl_callback#43)
[12:06:53.505880] {Display Queue} wl_display#1.delete_id(43)
[12:06:53.521722] {mesa egl surface queue} wl_callback#43.done(7)
[12:06:53.521735] {mesa egl surface queue} wl_buffer#44.release()
[12:06:53.522480] {Default Queue}  -> xdg_toplevel#30.set_min_size(1400, 948)
[12:06:53.522487] {Default Queue}  -> xdg_toplevel#30.set_max_size(0, 0)
[12:06:53.522489] {Default Queue}  -> xdg_surface#29.set_window_geometry(45, 45, 1400, 948)
[12:06:53.522529] {mesa egl surface queue}  -> wl_surface#14.attach(wl_buffer#44, 0, 0)
[12:06:53.522532] {mesa egl surface queue}  -> wl_surface#14.damage(0, 0, 2147483647, 2147483647)
[12:06:53.522533] {mesa egl surface queue}  -> wl_surface#14.commit()
[12:06:53.522535] {mesa egl surface queue}  -> wl_display#1.sync(new id wl_callback#43)
[12:06:53.522651] {Display Queue} wl_display#1.delete_id(43)
[12:06:53.538340] {mesa egl surface queue} wl_callback#43.done(7)
[12:06:53.538353] {mesa egl surface queue} wl_buffer#40.release()
[12:06:53.539092] {Default Queue}  -> xdg_toplevel#30.set_min_size(1400, 948)
[12:06:53.539101] {Default Queue}  -> xdg_toplevel#30.set_max_size(0, 0)
[12:06:53.539104] {Default Queue}  -> xdg_surface#29.set_window_geometry(45, 45, 1400, 948)
[12:06:53.539144] {mesa egl surface queue}  -> wl_surface#14.attach(wl_buffer#40, 0, 0)
[12:06:53.539147] {mesa egl surface queue}  -> wl_surface#14.damage(0, 0, 2147483647, 2147483647)
[12:06:53.539149] {mesa egl surface queue}  -> wl_surface#14.commit()
[12:06:53.539151] {mesa egl surface queue}  -> wl_display#1.sync(new id wl_callback#43)
[12:06:53.539217] {Display Queue} wl_display#1.delete_id(43)
[12:06:53.554894] {mesa egl surface queue} wl_callback#43.done(7)
[12:06:53.554915] {mesa egl surface queue} wl_buffer#44.release()
[12:06:53.555760] {Default Queue}  -> xdg_toplevel#30.set_min_size(1400, 948)
[12:06:53.555768] {Default Queue}  -> xdg_toplevel#30.set_max_size(0, 0)
[12:06:53.555784] {Default Queue}  -> xdg_surface#29.set_window_geometry(45, 45, 1400, 948)
[12:06:53.556061] {mesa egl surface queue}  -> wl_surface#14.attach(wl_buffer#44, 0, 0)
[12:06:53.556069] {mesa egl surface queue}  -> wl_surface#14.damage(0, 0, 2147483647, 2147483647)
[12:06:53.556071] {mesa egl surface queue}  -> wl_surface#14.commit()
[12:06:53.556073] {mesa egl surface queue}  -> wl_display#1.sync(new id wl_callback#43)
[12:06:53.556197] {Display Queue} wl_display#1.delete_id(43)
[12:06:53.571879] {mesa egl surface queue} wl_callback#43.done(7)
[12:06:53.571898] {mesa egl surface queue} wl_buffer#40.release()
[12:06:53.572776] {Default Queue}  -> xdg_toplevel#30.set_min_size(1400, 948)
[12:06:53.572784] {Default Queue}  -> xdg_toplevel#30.set_max_size(0, 0)
[12:06:53.572786] {Default Queue}  -> xdg_surface#29.set_window_geometry(45, 45, 1400, 948)
[12:06:53.572839] {mesa egl surface queue}  -> wl_surface#14.attach(wl_buffer#40, 0, 0)
[12:06:53.572842] {mesa egl surface queue}  -> wl_surface#14.damage(0, 0, 2147483647, 2147483647)
[12:06:53.572844] {mesa egl surface queue}  -> wl_surface#14.commit()
[12:06:53.572846] {mesa egl surface queue}  -> wl_display#1.sync(new id wl_callback#43)
[12:06:53.572925] {Display Queue} wl_display#1.delete_id(43)
[12:06:53.588647] {mesa egl surface queue} wl_callback#43.done(7)
[12:06:53.588659] {mesa egl surface queue} wl_buffer#44.release()
[12:06:53.589618] {Default Queue}  -> xdg_toplevel#30.set_min_size(1400, 948)
[12:06:53.589627] {Default Queue}  -> xdg_toplevel#30.set_max_size(0, 0)
[12:06:53.589629] {Default Queue}  -> xdg_surface#29.set_window_geometry(45, 45, 1400, 948)
[12:06:53.589675] {mesa egl surface queue}  -> wl_surface#14.attach(wl_buffer#44, 0, 0)
[12:06:53.589683] {mesa egl surface queue}  -> wl_surface#14.damage(0, 0, 2147483647, 2147483647)
[12:06:53.589689] {mesa egl surface queue}  -> wl_surface#14.commit()
[12:06:53.589691] {mesa egl surface queue}  -> wl_display#1.sync(new id wl_callback#43)
[12:06:53.589752] {Display Queue} wl_display#1.delete_id(43)
[12:06:53.604688] {mesa egl surface queue} wl_callback#43.done(7)
[12:06:53.604702] {mesa egl surface queue} wl_buffer#40.release()
[12:06:53.605457] {Default Queue}  -> xdg_toplevel#30.set_min_size(1400, 948)
[12:06:53.605463] {Default Queue}  -> xdg_toplevel#30.set_max_size(0, 0)
[12:06:53.605466] {Default Queue}  -> xdg_surface#29.set_window_geometry(45, 45, 1400, 948)
[12:06:53.605506] {mesa egl surface queue}  -> wl_surface#14.attach(wl_buffer#40, 0, 0)
[12:06:53.605509] {mesa egl surface queue}  -> wl_surface#14.damage(0, 0, 2147483647, 2147483647)
[12:06:53.605511] {mesa egl surface queue}  -> wl_surface#14.commit()
[12:06:53.605513] {mesa egl surface queue}  -> wl_display#1.sync(new id wl_callback#43)
[12:06:53.605611] {Display Queue} wl_display#1.delete_id(43)
[12:06:53.621426] {mesa egl surface queue} wl_callback#43.done(7)
[12:06:53.621442] {mesa egl surface queue} wl_buffer#44.release()
[12:06:53.622231] {Default Queue}  -> xdg_toplevel#30.set_min_size(1400, 948)
[12:06:53.622238] {Default Queue}  -> xdg_toplevel#30.set_max_size(0, 0)
[12:06:53.622240] {Default Queue}  -> xdg_surface#29.set_window_geometry(45, 45, 1400, 948)
[12:06:53.622281] {mesa egl surface queue}  -> wl_surface#14.attach(wl_buffer#44, 0, 0)
[12:06:53.622284] {mesa egl surface queue}  -> wl_surface#14.damage(0, 0, 2147483647, 2147483647)
[12:06:53.622286] {mesa egl surface queue}  -> wl_surface#14.commit()
[12:06:53.622288] {mesa egl surface queue}  -> wl_display#1.sync(new id wl_callback#43)
[12:06:53.622388] {Display Queue} wl_display#1.delete_id(43)
[12:06:53.638041] {mesa egl surface queue} wl_callback#43.done(7)
[12:06:53.638064] {mesa egl surface queue} wl_buffer#40.release()
[12:06:53.639096] {Default Queue}  -> xdg_toplevel#30.set_min_size(1400, 948)
[12:06:53.639106] {Default Queue}  -> xdg_toplevel#30.set_max_size(0, 0)
[12:06:53.639109] {Default Queue}  -> xdg_surface#29.set_window_geometry(45, 45, 1400, 948)
[12:06:53.639165] {mesa egl surface queue}  -> wl_surface#14.attach(wl_buffer#40, 0, 0)
[12:06:53.639169] {mesa egl surface queue}  -> wl_surface#14.damage(0, 0, 2147483647, 2147483647)
[12:06:53.639172] {mesa egl surface queue}  -> wl_surface#14.commit()
[12:06:53.639175] {mesa egl surface queue}  -> wl_display#1.sync(new id wl_callback#43)
[12:06:53.639257] {Display Queue} wl_display#1.delete_id(43)
[12:06:53.654971] {mesa egl surface queue} wl_callback#43.done(7)
[12:06:53.654988] {mesa egl surface queue} wl_buffer#44.release()
[12:06:53.655948] {Default Queue}  -> xdg_toplevel#30.set_min_size(1400, 948)
[12:06:53.655957] {Default Queue}  -> xdg_toplevel#30.set_max_size(0, 0)
[12:06:53.655959] {Default Queue}  -> xdg_surface#29.set_window_geometry(45, 45, 1400, 948)
[12:06:53.656006] {mesa egl surface queue}  -> wl_surface#14.attach(wl_buffer#44, 0, 0)
[12:06:53.656009] {mesa egl surface queue}  -> wl_surface#14.damage(0, 0, 2147483647, 2147483647)
[12:06:53.656011] {mesa egl surface queue}  -> wl_surface#14.commit()
[12:06:53.656013] {mesa egl surface queue}  -> wl_display#1.sync(new id wl_callback#43)
[12:06:53.656084] {Display Queue} wl_display#1.delete_id(43)
[12:06:53.671825] {mesa egl surface queue} wl_callback#43.done(7)
[12:06:53.671838] {mesa egl surface queue} wl_buffer#40.release()
[12:06:53.672586] {Default Queue}  -> xdg_toplevel#30.set_min_size(1400, 948)
[12:06:53.672594] {Default Queue}  -> xdg_toplevel#30.set_max_size(0, 0)
[12:06:53.672596] {Default Queue}  -> xdg_surface#29.set_window_geometry(45, 45, 1400, 948)
[12:06:53.672643] {mesa egl surface queue}  -> wl_surface#14.attach(wl_buffer#40, 0, 0)
[12:06:53.672646] {mesa egl surface queue}  -> wl_surface#14.damage(0, 0, 2147483647, 2147483647)
[12:06:53.672648] {mesa egl surface queue}  -> wl_surface#14.commit()
[12:06:53.672656] {mesa egl surface queue}  -> wl_display#1.sync(new id wl_callback#43)
[12:06:53.672716] {Display Queue} wl_display#1.delete_id(43)
[12:06:53.688712] {mesa egl surface queue} wl_callback#43.done(7)
[12:06:53.688724] {mesa egl surface queue} wl_buffer#44.release()
[12:06:53.689424] {Default Queue}  -> xdg_toplevel#30.set_min_size(1400, 948)
[12:06:53.689431] {Default Queue}  -> xdg_toplevel#30.set_max_size(0, 0)
[12:06:53.689434] {Default Queue}  -> xdg_surface#29.set_window_geometry(45, 45, 1400, 948)
[12:06:53.689478] {mesa egl surface queue}  -> wl_surface#14.attach(wl_buffer#44, 0, 0)
[12:06:53.689481] {mesa egl surface queue}  -> wl_surface#14.damage(0, 0, 2147483647, 2147483647)
[12:06:53.689483] {mesa egl surface queue}  -> wl_surface#14.commit()
[12:06:53.689485] {mesa egl surface queue}  -> wl_display#1.sync(new id wl_callback#43)
[12:06:53.689530] {Display Queue} wl_display#1.delete_id(43)
[12:06:53.705196] {mesa egl surface queue} wl_callback#43.done(7)
[12:06:53.705209] {mesa egl surface queue} wl_buffer#40.release()
[12:06:53.705987] {Default Queue}  -> xdg_toplevel#30.set_min_size(1400, 948)
[12:06:53.705994] {Default Queue}  -> xdg_toplevel#30.set_max_size(0, 0)
[12:06:53.705996] {Default Queue}  -> xdg_surface#29.set_window_geometry(45, 45, 1400, 948)
[12:06:53.706035] {mesa egl surface queue}  -> wl_surface#14.attach(wl_buffer#40, 0, 0)
[12:06:53.706038] {mesa egl surface queue}  -> wl_surface#14.damage(0, 0, 2147483647, 2147483647)
[12:06:53.706040] {mesa egl surface queue}  -> wl_surface#14.commit()
[12:06:53.706042] {mesa egl surface queue}  -> wl_display#1.sync(new id wl_callback#43)
[12:06:53.706144] {Display Queue} wl_display#1.delete_id(43)
[12:06:53.721780] {mesa egl surface queue} wl_callback#43.done(7)
[12:06:53.721795] {mesa egl surface queue} wl_buffer#44.release()
[12:06:53.722576] {Default Queue}  -> xdg_toplevel#30.set_min_size(1400, 948)
[12:06:53.722584] {Default Queue}  -> xdg_toplevel#30.set_max_size(0, 0)
[12:06:53.722586] {Default Queue}  -> xdg_surface#29.set_window_geometry(45, 45, 1400, 948)
[12:06:53.722628] {mesa egl surface queue}  -> wl_surface#14.attach(wl_buffer#44, 0, 0)
[12:06:53.722631] {mesa egl surface queue}  -> wl_surface#14.damage(0, 0, 2147483647, 2147483647)
[12:06:53.722633] {mesa egl surface queue}  -> wl_surface#14.commit()
[12:06:53.722635] {mesa egl surface queue}  -> wl_display#1.sync(new id wl_callback#43)
[12:06:53.722678] {Display Queue} wl_display#1.delete_id(43)
[12:06:53.738547] {mesa egl surface queue} wl_callback#43.done(7)
[12:06:53.738562] {mesa egl surface queue} wl_buffer#40.release()
[12:06:53.739324] {Default Queue}  -> xdg_toplevel#30.set_min_size(1400, 948)
[12:06:53.739331] {Default Queue}  -> xdg_toplevel#30.set_max_size(0, 0)
[12:06:53.739333] {Default Queue}  -> xdg_surface#29.set_window_geometry(45, 45, 1400, 948)
[12:06:53.739376] {mesa egl surface queue}  -> wl_surface#14.attach(wl_buffer#40, 0, 0)
[12:06:53.739379] {mesa egl surface queue}  -> wl_surface#14.damage(0, 0, 2147483647, 2147483647)
[12:06:53.739381] {mesa egl surface queue}  -> wl_surface#14.commit()
[12:06:53.739383] {mesa egl surface queue}  -> wl_display#1.sync(new id wl_callback#43)
[12:06:53.739441] {Display Queue} wl_display#1.delete_id(43)
[12:06:53.755027] {mesa egl surface queue} wl_callback#43.done(7)
[12:06:53.755042] {mesa egl surface queue} wl_buffer#44.release()
[12:06:53.756069] {Default Queue}  -> xdg_toplevel#30.set_min_size(1400, 948)
[12:06:53.756079] {Default Queue}  -> xdg_toplevel#30.set_max_size(0, 0)
[12:06:53.756082] {Default Queue}  -> xdg_surface#29.set_window_geometry(45, 45, 1400, 948)
[12:06:53.756133] {mesa egl surface queue}  -> wl_surface#14.attach(wl_buffer#44, 0, 0)
[12:06:53.756135] {mesa egl surface queue}  -> wl_surface#14.damage(0, 0, 2147483647, 2147483647)
[12:06:53.756137] {mesa egl surface queue}  -> wl_surface#14.commit()
[12:06:53.756139] {mesa egl surface queue}  -> wl_display#1.sync(new id wl_callback#43)
[12:06:53.756235] {Display Queue} wl_display#1.delete_id(43)
[12:06:53.772091] {mesa egl surface queue} wl_callback#43.done(7)
[12:06:53.772108] {mesa egl surface queue} wl_buffer#40.release()
[12:06:53.772817] {Default Queue}  -> xdg_toplevel#30.set_min_size(1400, 948)
[12:06:53.772824] {Default Queue}  -> xdg_toplevel#30.set_max_size(0, 0)
[12:06:53.772826] {Default Queue}  -> xdg_surface#29.set_window_geometry(45, 45, 1400, 948)
[12:06:53.772865] {mesa egl surface queue}  -> wl_surface#14.attach(wl_buffer#40, 0, 0)
[12:06:53.772868] {mesa egl surface queue}  -> wl_surface#14.damage(0, 0, 2147483647, 2147483647)
[12:06:53.772870] {mesa egl surface queue}  -> wl_surface#14.commit()
[12:06:53.772872] {mesa egl surface queue}  -> wl_display#1.sync(new id wl_callback#43)
[12:06:53.772915] {Display Queue} wl_display#1.delete_id(43)
[12:06:53.788669] {mesa egl surface queue} wl_callback#43.done(7)
[12:06:53.788679] {mesa egl surface queue} wl_buffer#44.release()
[12:06:53.789351] {Default Queue}  -> xdg_toplevel#30.set_min_size(1400, 948)
[12:06:53.789357] {Default Queue}  -> xdg_toplevel#30.set_max_size(0, 0)
[12:06:53.789360] {Default Queue}  -> xdg_surface#29.set_window_geometry(45, 45, 1400, 948)
[12:06:53.789397] {mesa egl surface queue}  -> wl_surface#14.attach(wl_buffer#44, 0, 0)
[12:06:53.789400] {mesa egl surface queue}  -> wl_surface#14.damage(0, 0, 2147483647, 2147483647)
[12:06:53.789402] {mesa egl surface queue}  -> wl_surface#14.commit()
[12:06:53.789404] {mesa egl surface queue}  -> wl_display#1.sync(new id wl_callback#43)
[12:06:53.789442] {Display Queue} wl_display#1.delete_id(43)
[12:06:53.805122] {mesa egl surface queue} wl_callback#43.done(7)
[12:06:53.805129] {mesa egl surface queue} wl_buffer#40.release()
[12:06:53.805799] {Default Queue}  -> xdg_toplevel#30.set_min_size(1400, 948)
[12:06:53.805804] {Default Queue}  -> xdg_toplevel#30.set_max_size(0, 0)
[12:06:53.805806] {Default Queue}  -> xdg_surface#29.set_window_geometry(45, 45, 1400, 948)
[12:06:53.805843] {mesa egl surface queue}  -> wl_surface#14.attach(wl_buffer#40, 0, 0)
[12:06:53.805845] {mesa egl surface queue}  -> wl_surface#14.damage(0, 0, 2147483647, 2147483647)
[12:06:53.805847] {mesa egl surface queue}  -> wl_surface#14.commit()
[12:06:53.805849] {mesa egl surface queue}  -> wl_display#1.sync(new id wl_callback#43)
[12:06:53.805912] {Display Queue} wl_display#1.delete_id(43)
[12:06:53.821818] {mesa egl surface queue} wl_callback#43.done(7)
[12:06:53.821829] {mesa egl surface queue} wl_buffer#44.release()
[12:06:53.822538] {Default Queue}  -> xdg_toplevel#30.set_min_size(1400, 948)
[12:06:53.822543] {Default Queue}  -> xdg_toplevel#30.set_max_size(0, 0)
[12:06:53.822545] {Default Queue}  -> xdg_surface#29.set_window_geometry(45, 45, 1400, 948)
[12:06:53.822582] {mesa egl surface queue}  -> wl_surface#14.attach(wl_buffer#44, 0, 0)
[12:06:53.822584] {mesa egl surface queue}  -> wl_surface#14.damage(0, 0, 2147483647, 2147483647)
[12:06:53.822586] {mesa egl surface queue}  -> wl_surface#14.commit()
[12:06:53.822588] {mesa egl surface queue}  -> wl_display#1.sync(new id wl_callback#43)
[12:06:53.822639] {Display Queue} wl_display#1.delete_id(43)
[12:06:53.838486] {mesa egl surface queue} wl_callback#43.done(7)
[12:06:53.838500] {mesa egl surface queue} wl_buffer#40.release()
[12:06:53.839327] {Default Queue}  -> xdg_toplevel#30.set_min_size(1400, 948)
[12:06:53.839334] {Default Queue}  -> xdg_toplevel#30.set_max_size(0, 0)
[12:06:53.839336] {Default Queue}  -> xdg_surface#29.set_window_geometry(45, 45, 1400, 948)
[12:06:53.839377] {mesa egl surface queue}  -> wl_surface#14.attach(wl_buffer#40, 0, 0)
[12:06:53.839379] {mesa egl surface queue}  -> wl_surface#14.damage(0, 0, 2147483647, 2147483647)
[12:06:53.839381] {mesa egl surface queue}  -> wl_surface#14.commit()
[12:06:53.839383] {mesa egl surface queue}  -> wl_display#1.sync(new id wl_callback#43)
[12:06:53.839441] {Display Queue} wl_display#1.delete_id(43)
[12:06:53.855440] {mesa egl surface queue} wl_callback#43.done(7)
[12:06:53.855456] {mesa egl surface queue} wl_buffer#44.release()
[12:06:53.856267] {Default Queue}  -> xdg_toplevel#30.set_min_size(1400, 948)
[12:06:53.856273] {Default Queue}  -> xdg_toplevel#30.set_max_size(0, 0)
[12:06:53.856282] {Default Queue}  -> xdg_surface#29.set_window_geometry(45, 45, 1400, 948)
[12:06:53.856335] {mesa egl surface queue}  -> wl_surface#14.attach(wl_buffer#44, 0, 0)
[12:06:53.856338] {mesa egl surface queue}  -> wl_surface#14.damage(0, 0, 2147483647, 2147483647)
[12:06:53.856340] {mesa egl surface queue}  -> wl_surface#14.commit()
[12:06:53.856342] {mesa egl surface queue}  -> wl_display#1.sync(new id wl_callback#43)
[12:06:53.856405] {Display Queue} wl_display#1.delete_id(43)
[12:06:53.872126] {mesa egl surface queue} wl_callback#43.done(7)
[12:06:53.872137] {mesa egl surface queue} wl_buffer#40.release()
[12:06:53.872816] {Default Queue}  -> xdg_toplevel#30.set_min_size(1400, 948)
[12:06:53.872822] {Default Queue}  -> xdg_toplevel#30.set_max_size(0, 0)
[12:06:53.872824] {Default Queue}  -> xdg_surface#29.set_window_geometry(45, 45, 1400, 948)
[12:06:53.872863] {mesa egl surface queue}  -> wl_surface#14.attach(wl_buffer#40, 0, 0)
[12:06:53.872865] {mesa egl surface queue}  -> wl_surface#14.damage(0, 0, 2147483647, 2147483647)
[12:06:53.872867] {mesa egl surface queue}  -> wl_surface#14.commit()
[12:06:53.872869] {mesa egl surface queue}  -> wl_display#1.sync(new id wl_callback#43)
[12:06:53.872912] {Display Queue} wl_display#1.delete_id(43)
[12:06:53.888636] {mesa egl surface queue} wl_callback#43.done(7)
[12:06:53.888649] {mesa egl surface queue} wl_buffer#44.release()
[12:06:53.889404] {Default Queue}  -> xdg_toplevel#30.set_min_size(1400, 948)
[12:06:53.889410] {Default Queue}  -> xdg_toplevel#30.set_max_size(0, 0)
[12:06:53.889413] {Default Queue}  -> xdg_surface#29.set_window_geometry(45, 45, 1400, 948)
[12:06:53.889462] {mesa egl surface queue}  -> wl_surface#14.attach(wl_buffer#44, 0, 0)
[12:06:53.889467] {mesa egl surface queue}  -> wl_surface#14.damage(0, 0, 2147483647, 2147483647)
[12:06:53.889470] {mesa egl surface queue}  -> wl_surface#14.commit()
[12:06:53.889472] {mesa egl surface queue}  -> wl_display#1.sync(new id wl_callback#43)
[12:06:53.889523] {Display Queue} wl_display#1.delete_id(43)
[12:06:53.905319] {mesa egl surface queue} wl_callback#43.done(7)
[12:06:53.905330] {mesa egl surface queue} wl_buffer#40.release()
[12:06:53.906005] {Default Queue}  -> xdg_toplevel#30.set_min_size(1400, 948)
[12:06:53.906012] {Default Queue}  -> xdg_toplevel#30.set_max_size(0, 0)
[12:06:53.906014] {Default Queue}  -> xdg_surface#29.set_window_geometry(45, 45, 1400, 948)
[12:06:53.906053] {mesa egl surface queue}  -> wl_surface#14.attach(wl_buffer#40, 0, 0)
[12:06:53.906056] {mesa egl surface queue}  -> wl_surface#14.damage(0, 0, 2147483647, 2147483647)
[12:06:53.906058] {mesa egl surface queue}  -> wl_surface#14.commit()
[12:06:53.906060] {mesa egl surface queue}  -> wl_display#1.sync(new id wl_callback#43)
[12:06:53.906169] {Display Queue} wl_display#1.delete_id(43)
[12:06:53.921884] {mesa egl surface queue} wl_callback#43.done(7)
[12:06:53.921892] {mesa egl surface queue} wl_buffer#44.release()
[12:06:53.922617] {Default Queue}  -> xdg_toplevel#30.set_min_size(1400, 948)
[12:06:53.922623] {Default Queue}  -> xdg_toplevel#30.set_max_size(0, 0)
[12:06:53.922625] {Default Queue}  -> xdg_surface#29.set_window_geometry(45, 45, 1400, 948)
[12:06:53.922659] {mesa egl surface queue}  -> wl_surface#14.attach(wl_buffer#44, 0, 0)
[12:06:53.922661] {mesa egl surface queue}  -> wl_surface#14.damage(0, 0, 2147483647, 2147483647)
[12:06:53.922663] {mesa egl surface queue}  -> wl_surface#14.commit()
[12:06:53.922665] {mesa egl surface queue}  -> wl_display#1.sync(new id wl_callback#43)
[12:06:53.922704] {Display Queue} wl_display#1.delete_id(43)
[12:06:53.938716] {mesa egl surface queue} wl_callback#43.done(7)
[12:06:53.938722] {mesa egl surface queue} wl_buffer#40.release()
[12:06:53.939385] {Default Queue}  -> xdg_toplevel#30.set_min_size(1400, 948)
[12:06:53.939389] {Default Queue}  -> xdg_toplevel#30.set_max_size(0, 0)
[12:06:53.939391] {Default Queue}  -> xdg_surface#29.set_window_geometry(45, 45, 1400, 948)
[12:06:53.939429] {mesa egl surface queue}  -> wl_surface#14.attach(wl_buffer#40, 0, 0)
[12:06:53.939438] {mesa egl surface queue}  -> wl_surface#14.damage(0, 0, 2147483647, 2147483647)
[12:06:53.939446] {mesa egl surface queue}  -> wl_surface#14.commit()
[12:06:53.939448] {mesa egl surface queue}  -> wl_display#1.sync(new id wl_callback#43)
[12:06:53.939513] {Display Queue} wl_display#1.delete_id(43)
[12:06:53.955086] {mesa egl surface queue} wl_callback#43.done(7)
[12:06:53.955102] {mesa egl surface queue} wl_buffer#44.release()
[12:06:53.955968] {Default Queue}  -> xdg_toplevel#30.set_min_size(1400, 948)
[12:06:53.955976] {Default Queue}  -> xdg_toplevel#30.set_max_size(0, 0)
[12:06:53.955978] {Default Queue}  -> xdg_surface#29.set_window_geometry(45, 45, 1400, 948)
[12:06:53.956027] {mesa egl surface queue}  -> wl_surface#14.attach(wl_buffer#44, 0, 0)
[12:06:53.956030] {mesa egl surface queue}  -> wl_surface#14.damage(0, 0, 2147483647, 2147483647)
[12:06:53.956032] {mesa egl surface queue}  -> wl_surface#14.commit()
[12:06:53.956034] {mesa egl surface queue}  -> wl_display#1.sync(new id wl_callback#43)
[12:06:53.956104] {Display Queue} wl_display#1.delete_id(43)
[12:06:53.971814] {mesa egl surface queue} wl_callback#43.done(7)
[12:06:53.971826] {mesa egl surface queue} wl_buffer#40.release()
[12:06:53.972583] {Default Queue}  -> xdg_toplevel#30.set_min_size(1400, 948)
[12:06:53.972592] {Default Queue}  -> xdg_toplevel#30.set_max_size(0, 0)
[12:06:53.972594] {Default Queue}  -> xdg_surface#29.set_window_geometry(45, 45, 1400, 948)
[12:06:53.972632] {mesa egl surface queue}  -> wl_surface#14.attach(wl_buffer#40, 0, 0)
[12:06:53.972634] {mesa egl surface queue}  -> wl_surface#14.damage(0, 0, 2147483647, 2147483647)
[12:06:53.972636] {mesa egl surface queue}  -> wl_surface#14.commit()
[12:06:53.972638] {mesa egl surface queue}  -> wl_display#1.sync(new id wl_callback#43)
[12:06:53.972704] {Display Queue} wl_display#1.delete_id(43)
[12:06:53.988595] {mesa egl surface queue} wl_callback#43.done(7)
[12:06:53.988606] {mesa egl surface queue} wl_buffer#44.release()
[12:06:53.989293] {Default Queue}  -> xdg_toplevel#30.set_min_size(1400, 948)
[12:06:53.989298] {Default Queue}  -> xdg_toplevel#30.set_max_size(0, 0)
[12:06:53.989300] {Default Queue}  -> xdg_surface#29.set_window_geometry(45, 45, 1400, 948)
[12:06:53.989336] {mesa egl surface queue}  -> wl_surface#14.attach(wl_buffer#44, 0, 0)
[12:06:53.989339] {mesa egl surface queue}  -> wl_surface#14.damage(0, 0, 2147483647, 2147483647)
[12:06:53.989341] {mesa egl surface queue}  -> wl_surface#14.commit()
[12:06:53.989342] {mesa egl surface queue}  -> wl_display#1.sync(new id wl_callback#43)
[12:06:53.989389] {Display Queue} wl_display#1.delete_id(43)
[12:06:54.005061] {mesa egl surface queue} wl_callback#43.done(7)
[12:06:54.005067] {mesa egl surface queue} wl_buffer#40.release()
[12:06:54.005751] {Default Queue}  -> xdg_toplevel#30.set_min_size(1400, 948)
[12:06:54.005760] {Default Queue}  -> xdg_toplevel#30.set_max_size(0, 0)
[12:06:54.005763] {Default Queue}  -> xdg_surface#29.set_window_geometry(45, 45, 1400, 948)
[12:06:54.005809] {mesa egl surface queue}  -> wl_surface#14.attach(wl_buffer#40, 0, 0)
[12:06:54.005813] {mesa egl surface queue}  -> wl_surface#14.damage(0, 0, 2147483647, 2147483647)
[12:06:54.005815] {mesa egl surface queue}  -> wl_surface#14.commit()
[12:06:54.005816] {mesa egl surface queue}  -> wl_display#1.sync(new id wl_callback#43)
[12:06:54.006002] {Display Queue} wl_display#1.delete_id(43)
[12:06:54.021533] {mesa egl surface queue} wl_callback#43.done(7)
[12:06:54.021543] {mesa egl surface queue} wl_buffer#44.release()
[12:06:54.022265] {Default Queue}  -> xdg_toplevel#30.set_min_size(1400, 948)
[12:06:54.022272] {Default Queue}  -> xdg_toplevel#30.set_max_size(0, 0)
[12:06:54.022275] {Default Queue}  -> xdg_surface#29.set_window_geometry(45, 45, 1400, 948)
[12:06:54.022314] {mesa egl surface queue}  -> wl_surface#14.attach(wl_buffer#44, 0, 0)
[12:06:54.022317] {mesa egl surface queue}  -> wl_surface#14.damage(0, 0, 2147483647, 2147483647)
[12:06:54.022319] {mesa egl surface queue}  -> wl_surface#14.commit()
[12:06:54.022326] {mesa egl surface queue}  -> wl_display#1.sync(new id wl_callback#43)
[12:06:54.022382] {Display Queue} wl_display#1.delete_id(43)
[12:06:54.038114] {mesa egl surface queue} wl_callback#43.done(7)
[12:06:54.038124] {mesa egl surface queue} wl_buffer#40.release()
[12:06:54.038847] {Default Queue}  -> xdg_toplevel#30.set_min_size(1400, 948)
[12:06:54.038854] {Default Queue}  -> xdg_toplevel#30.set_max_size(0, 0)
[12:06:54.038856] {Default Queue}  -> xdg_surface#29.set_window_geometry(45, 45, 1400, 948)
[12:06:54.038898] {mesa egl surface queue}  -> wl_surface#14.attach(wl_buffer#40, 0, 0)
[12:06:54.038901] {mesa egl surface queue}  -> wl_surface#14.damage(0, 0, 2147483647, 2147483647)
[12:06:54.038903] {mesa egl surface queue}  -> wl_surface#14.commit()
[12:06:54.038905] {mesa egl surface queue}  -> wl_display#1.sync(new id wl_callback#43)
[12:06:54.038970] {Display Queue} wl_display#1.delete_id(43)
[12:06:54.054650] {mesa egl surface queue} wl_callback#43.done(7)
[12:06:54.054665] {mesa egl surface queue} wl_buffer#44.release()
[12:06:54.055492] {Default Queue}  -> xdg_toplevel#30.set_min_size(1400, 948)
[12:06:54.055499] {Default Queue}  -> xdg_toplevel#30.set_max_size(0, 0)
[12:06:54.055501] {Default Queue}  -> xdg_surface#29.set_window_geometry(45, 45, 1400, 948)
[12:06:54.055545] {mesa egl surface queue}  -> wl_surface#14.attach(wl_buffer#44, 0, 0)
[12:06:54.055548] {mesa egl surface queue}  -> wl_surface#14.damage(0, 0, 2147483647, 2147483647)
[12:06:54.055554] {mesa egl surface queue}  -> wl_surface#14.commit()
[12:06:54.055556] {mesa egl surface queue}  -> wl_display#1.sync(new id wl_callback#43)
[12:06:54.055627] {Display Queue} wl_display#1.delete_id(43)
[12:06:54.071535] {mesa egl surface queue} wl_callback#43.done(7)
[12:06:54.071542] {mesa egl surface queue} wl_buffer#40.release()
[12:06:54.072192] {Default Queue}  -> xdg_toplevel#30.set_min_size(1400, 948)
[12:06:54.072198] {Default Queue}  -> xdg_toplevel#30.set_max_size(0, 0)
[12:06:54.072200] {Default Queue}  -> xdg_surface#29.set_window_geometry(45, 45, 1400, 948)
[12:06:54.072236] {mesa egl surface queue}  -> wl_surface#14.attach(wl_buffer#40, 0, 0)
[12:06:54.072239] {mesa egl surface queue}  -> wl_surface#14.damage(0, 0, 2147483647, 2147483647)
[12:06:54.072241] {mesa egl surface queue}  -> wl_surface#14.commit()
[12:06:54.072242] {mesa egl surface queue}  -> wl_display#1.sync(new id wl_callback#43)
[12:06:54.072283] {Display Queue} wl_display#1.delete_id(43)
[12:06:54.087888] {mesa egl surface queue} wl_callback#43.done(7)
[12:06:54.087896] {mesa egl surface queue} wl_buffer#44.release()
[12:06:54.088572] {Default Queue}  -> xdg_toplevel#30.set_min_size(1400, 948)
[12:06:54.088577] {Default Queue}  -> xdg_toplevel#30.set_max_size(0, 0)
[12:06:54.088578] {Default Queue}  -> xdg_surface#29.set_window_geometry(45, 45, 1400, 948)
[12:06:54.088617] {mesa egl surface queue}  -> wl_surface#14.attach(wl_buffer#44, 0, 0)
[12:06:54.088620] {mesa egl surface queue}  -> wl_surface#14.damage(0, 0, 2147483647, 2147483647)
[12:06:54.088622] {mesa egl surface queue}  -> wl_surface#14.commit()
[12:06:54.088623] {mesa egl surface queue}  -> wl_display#1.sync(new id wl_callback#43)
[12:06:54.088674] {Display Queue} wl_display#1.delete_id(43)
[12:06:54.105484] {mesa egl surface queue} wl_callback#43.done(7)
[12:06:54.105499] {mesa egl surface queue} wl_buffer#40.release()
[12:06:54.106169] {Default Queue}  -> xdg_toplevel#30.set_min_size(1400, 948)
[12:06:54.106175] {Default Queue}  -> xdg_toplevel#30.set_max_size(0, 0)
[12:06:54.106176] {Default Queue}  -> xdg_surface#29.set_window_geometry(45, 45, 1400, 948)
[12:06:54.106219] {mesa egl surface queue}  -> wl_surface#14.attach(wl_buffer#40, 0, 0)
[12:06:54.106222] {mesa egl surface queue}  -> wl_surface#14.damage(0, 0, 2147483647, 2147483647)
[12:06:54.106224] {mesa egl surface queue}  -> wl_surface#14.commit()
[12:06:54.106226] {mesa egl surface queue}  -> wl_display#1.sync(new id wl_callback#43)
[12:06:54.106277] {Display Queue} wl_display#1.delete_id(43)
[12:06:54.121878] {mesa egl surface queue} wl_callback#43.done(7)
[12:06:54.121894] {mesa egl surface queue} wl_buffer#44.release()
[12:06:54.122592] {Default Queue}  -> xdg_toplevel#30.set_min_size(1400, 948)
[12:06:54.122599] {Default Queue}  -> xdg_toplevel#30.set_max_size(0, 0)
[12:06:54.122601] {Default Queue}  -> xdg_surface#29.set_window_geometry(45, 45, 1400, 948)
[12:06:54.122644] {mesa egl surface queue}  -> wl_surface#14.attach(wl_buffer#44, 0, 0)
[12:06:54.122646] {mesa egl surface queue}  -> wl_surface#14.damage(0, 0, 2147483647, 2147483647)
[12:06:54.122648] {mesa egl surface queue}  -> wl_surface#14.commit()
[12:06:54.122650] {mesa egl surface queue}  -> wl_display#1.sync(new id wl_callback#43)
[12:06:54.122724] {Display Queue} wl_display#1.delete_id(43)
[12:06:54.138345] {mesa egl surface queue} wl_callback#43.done(7)
[12:06:54.138364] {mesa egl surface queue} wl_buffer#40.release()
[12:06:54.139374] {Default Queue}  -> xdg_toplevel#30.set_min_size(1400, 948)
[12:06:54.139385] {Default Queue}  -> xdg_toplevel#30.set_max_size(0, 0)
[12:06:54.139389] {Default Queue}  -> xdg_surface#29.set_window_geometry(45, 45, 1400, 948)
[12:06:54.139434] {mesa egl surface queue}  -> wl_surface#14.attach(wl_buffer#40, 0, 0)
[12:06:54.139438] {mesa egl surface queue}  -> wl_surface#14.damage(0, 0, 2147483647, 2147483647)
[12:06:54.139441] {mesa egl surface queue}  -> wl_surface#14.commit()
[12:06:54.139444] {mesa egl surface queue}  -> wl_display#1.sync(new id wl_callback#43)
[12:06:54.139513] {Display Queue} wl_display#1.delete_id(43)
[12:06:54.155241] {mesa egl surface queue} wl_callback#43.done(7)
[12:06:54.155252] {mesa egl surface queue} wl_buffer#44.release()
[12:06:54.156088] {Default Queue}  -> xdg_toplevel#30.set_min_size(1400, 948)
[12:06:54.156095] {Default Queue}  -> xdg_toplevel#30.set_max_size(0, 0)
[12:06:54.156098] {Default Queue}  -> xdg_surface#29.set_window_geometry(45, 45, 1400, 948)
[12:06:54.156159] {mesa egl surface queue}  -> wl_surface#14.attach(wl_buffer#44, 0, 0)
[12:06:54.156163] {mesa egl surface queue}  -> wl_surface#14.damage(0, 0, 2147483647, 2147483647)
[12:06:54.156166] {mesa egl surface queue}  -> wl_surface#14.commit()
[12:06:54.156169] {mesa egl surface queue}  -> wl_display#1.sync(new id wl_callback#43)
[12:06:54.156366] {Display Queue} wl_display#1.delete_id(43)
[12:06:54.171864] {mesa egl surface queue} wl_callback#43.done(7)
[12:06:54.171868] {mesa egl surface queue} wl_buffer#40.release()
[12:06:54.172498] {Default Queue}  -> xdg_toplevel#30.set_min_size(1400, 948)
[12:06:54.172502] {Default Queue}  -> xdg_toplevel#30.set_max_size(0, 0)
[12:06:54.172504] {Default Queue}  -> xdg_surface#29.set_window_geometry(45, 45, 1400, 948)
[12:06:54.172544] {mesa egl surface queue}  -> wl_surface#14.attach(wl_buffer#40, 0, 0)
[12:06:54.172547] {mesa egl surface queue}  -> wl_surface#14.damage(0, 0, 2147483647, 2147483647)
[12:06:54.172550] {mesa egl surface queue}  -> wl_surface#14.commit()
[12:06:54.172552] {mesa egl surface queue}  -> wl_display#1.sync(new id wl_callback#43)
[12:06:54.172599] {Display Queue} wl_display#1.delete_id(43)
[12:06:54.188690] {mesa egl surface queue} wl_callback#43.done(7)
[12:06:54.188695] {mesa egl surface queue} wl_buffer#44.release()
[12:06:54.189315] {Default Queue}  -> xdg_toplevel#30.set_min_size(1400, 948)
[12:06:54.189319] {Default Queue}  -> xdg_toplevel#30.set_max_size(0, 0)
[12:06:54.189320] {Default Queue}  -> xdg_surface#29.set_window_geometry(45, 45, 1400, 948)
[12:06:54.189353] {mesa egl surface queue}  -> wl_surface#14.attach(wl_buffer#44, 0, 0)
[12:06:54.189356] {mesa egl surface queue}  -> wl_surface#14.damage(0, 0, 2147483647, 2147483647)
[12:06:54.189363] {mesa egl surface queue}  -> wl_surface#14.commit()
[12:06:54.189366] {mesa egl surface queue}  -> wl_display#1.sync(new id wl_callback#43)
[12:06:54.189397] {Display Queue} wl_display#1.delete_id(43)
[12:06:54.205054] {mesa egl surface queue} wl_callback#43.done(7)
[12:06:54.205066] {mesa egl surface queue} wl_buffer#40.release()
[12:06:54.205688] {Default Queue}  -> xdg_toplevel#30.set_min_size(1400, 948)
[12:06:54.205695] {Default Queue}  -> xdg_toplevel#30.set_max_size(0, 0)
[12:06:54.205703] {Default Queue}  -> xdg_surface#29.set_window_geometry(45, 45, 1400, 948)
[12:06:54.205768] {mesa egl surface queue}  -> wl_surface#14.attach(wl_buffer#40, 0, 0)
[12:06:54.205777] {mesa egl surface queue}  -> wl_surface#14.damage(0, 0, 2147483647, 2147483647)
[12:06:54.205780] {mesa egl surface queue}  -> wl_surface#14.commit()
[12:06:54.205781] {mesa egl surface queue}  -> wl_display#1.sync(new id wl_callback#43)
[12:06:54.205836] {Display Queue} wl_display#1.delete_id(43)
[12:06:54.221478] {mesa egl surface queue} wl_callback#43.done(7)
[12:06:54.221492] {mesa egl surface queue} wl_buffer#44.release()
[12:06:54.222260] {Default Queue}  -> xdg_toplevel#30.set_min_size(1400, 948)
[12:06:54.222267] {Default Queue}  -> xdg_toplevel#30.set_max_size(0, 0)
[12:06:54.222269] {Default Queue}  -> xdg_surface#29.set_window_geometry(45, 45, 1400, 948)
[12:06:54.222314] {mesa egl surface queue}  -> wl_surface#14.attach(wl_buffer#44, 0, 0)
[12:06:54.222318] {mesa egl surface queue}  -> wl_surface#14.damage(0, 0, 2147483647, 2147483647)
[12:06:54.222321] {mesa egl surface queue}  -> wl_surface#14.commit()
[12:06:54.222323] {mesa egl surface queue}  -> wl_display#1.sync(new id wl_callback#43)
[12:06:54.222385] {Display Queue} wl_display#1.delete_id(43)
[12:06:54.238321] {mesa egl surface queue} wl_callback#43.done(7)
[12:06:54.238338] {mesa egl surface queue} wl_buffer#40.release()
[12:06:54.239394] {Default Queue}  -> xdg_toplevel#30.set_min_size(1400, 948)
[12:06:54.239405] {Default Queue}  -> xdg_toplevel#30.set_max_size(0, 0)
[12:06:54.239408] {Default Queue}  -> xdg_surface#29.set_window_geometry(45, 45, 1400, 948)
[12:06:54.239460] {mesa egl surface queue}  -> wl_surface#14.attach(wl_buffer#40, 0, 0)
[12:06:54.239465] {mesa egl surface queue}  -> wl_surface#14.damage(0, 0, 2147483647, 2147483647)
[12:06:54.239468] {mesa egl surface queue}  -> wl_surface#14.commit()
[12:06:54.239471] {mesa egl surface queue}  -> wl_display#1.sync(new id wl_callback#43)
[12:06:54.239568] {Display Queue} wl_display#1.delete_id(43)
[12:06:54.255340] {mesa egl surface queue} wl_callback#43.done(7)
[12:06:54.255357] {mesa egl surface queue} wl_buffer#44.release()
[12:06:54.256249] {Default Queue}  -> xdg_toplevel#30.set_min_size(1400, 948)
[12:06:54.256257] {Default Queue}  -> xdg_toplevel#30.set_max_size(0, 0)
[12:06:54.256260] {Default Queue}  -> xdg_surface#29.set_window_geometry(45, 45, 1400, 948)
[12:06:54.256307] {mesa egl surface queue}  -> wl_surface#14.attach(wl_buffer#44, 0, 0)
[12:06:54.256310] {mesa egl surface queue}  -> wl_surface#14.damage(0, 0, 2147483647, 2147483647)
[12:06:54.256312] {mesa egl surface queue}  -> wl_surface#14.commit()
[12:06:54.256314] {mesa egl surface queue}  -> wl_display#1.sync(new id wl_callback#43)
[12:06:54.256431] {Display Queue} wl_display#1.delete_id(43)
[12:06:54.271956] {mesa egl surface queue} wl_callback#43.done(7)
[12:06:54.271962] {mesa egl surface queue} wl_buffer#40.release()
[12:06:54.272640] {Default Queue}  -> xdg_toplevel#30.set_min_size(1400, 948)
[12:06:54.272645] {Default Queue}  -> xdg_toplevel#30.set_max_size(0, 0)
[12:06:54.272647] {Default Queue}  -> xdg_surface#29.set_window_geometry(45, 45, 1400, 948)
[12:06:54.272681] {mesa egl surface queue}  -> wl_surface#14.attach(wl_buffer#40, 0, 0)
[12:06:54.272684] {mesa egl surface queue}  -> wl_surface#14.damage(0, 0, 2147483647, 2147483647)
[12:06:54.272686] {mesa egl surface queue}  -> wl_surface#14.commit()
[12:06:54.272687] {mesa egl surface queue}  -> wl_display#1.sync(new id wl_callback#43)
[12:06:54.272747] {Display Queue} wl_display#1.delete_id(43)
[12:06:54.288687] {mesa egl surface queue} wl_callback#43.done(7)
[12:06:54.288709] {mesa egl surface queue} wl_buffer#44.release()
[12:06:54.289446] {Default Queue}  -> xdg_toplevel#30.set_min_size(1400, 948)
[12:06:54.289453] {Default Queue}  -> xdg_toplevel#30.set_max_size(0, 0)
[12:06:54.289455] {Default Queue}  -> xdg_surface#29.set_window_geometry(45, 45, 1400, 948)
[12:06:54.289495] {mesa egl surface queue}  -> wl_surface#14.attach(wl_buffer#44, 0, 0)
[12:06:54.289502] {mesa egl surface queue}  -> wl_surface#14.damage(0, 0, 2147483647, 2147483647)
[12:06:54.289512] {mesa egl surface queue}  -> wl_surface#14.commit()
[12:06:54.289514] {mesa egl surface queue}  -> wl_display#1.sync(new id wl_callback#43)
[12:06:54.289570] {Display Queue} wl_display#1.delete_id(43)
[12:06:54.305445] {mesa egl surface queue} wl_callback#43.done(7)
[12:06:54.305456] {mesa egl surface queue} wl_buffer#40.release()
[12:06:54.306155] {Default Queue}  -> xdg_toplevel#30.set_min_size(1400, 948)
[12:06:54.306161] {Default Queue}  -> xdg_toplevel#30.set_max_size(0, 0)
[12:06:54.306163] {Default Queue}  -> xdg_surface#29.set_window_geometry(45, 45, 1400, 948)
[12:06:54.306200] {mesa egl surface queue}  -> wl_surface#14.attach(wl_buffer#40, 0, 0)
[12:06:54.306202] {mesa egl surface queue}  -> wl_surface#14.damage(0, 0, 2147483647, 2147483647)
[12:06:54.306204] {mesa egl surface queue}  -> wl_surface#14.commit()
[12:06:54.306206] {mesa egl surface queue}  -> wl_display#1.sync(new id wl_callback#43)
[12:06:54.306257] {Display Queue} wl_display#1.delete_id(43)
[12:06:54.322064] {mesa egl surface queue} wl_callback#43.done(7)
[12:06:54.322077] {mesa egl surface queue} wl_buffer#44.release()
[12:06:54.322816] {Default Queue}  -> xdg_toplevel#30.set_min_size(1400, 948)
[12:06:54.322822] {Default Queue}  -> xdg_toplevel#30.set_max_size(0, 0)
[12:06:54.322825] {Default Queue}  -> xdg_surface#29.set_window_geometry(45, 45, 1400, 948)
[12:06:54.322864] {mesa egl surface queue}  -> wl_surface#14.attach(wl_buffer#44, 0, 0)
[12:06:54.322867] {mesa egl surface queue}  -> wl_surface#14.damage(0, 0, 2147483647, 2147483647)
[12:06:54.322869] {mesa egl surface queue}  -> wl_surface#14.commit()
[12:06:54.322871] {mesa egl surface queue}  -> wl_display#1.sync(new id wl_callback#43)
[12:06:54.322922] {Display Queue} wl_display#1.delete_id(43)
[12:06:54.338667] {mesa egl surface queue} wl_callback#43.done(7)
[12:06:54.338680] {mesa egl surface queue} wl_buffer#40.release()
[12:06:54.339548] {Default Queue}  -> xdg_toplevel#30.set_min_size(1400, 948)
[12:06:54.339556] {Default Queue}  -> xdg_toplevel#30.set_max_size(0, 0)
[12:06:54.339558] {Default Queue}  -> xdg_surface#29.set_window_geometry(45, 45, 1400, 948)
[12:06:54.339599] {mesa egl surface queue}  -> wl_surface#14.attach(wl_buffer#40, 0, 0)
[12:06:54.339602] {mesa egl surface queue}  -> wl_surface#14.damage(0, 0, 2147483647, 2147483647)
[12:06:54.339604] {mesa egl surface queue}  -> wl_surface#14.commit()
[12:06:54.339606] {mesa egl surface queue}  -> wl_display#1.sync(new id wl_callback#43)
[12:06:54.339668] {Display Queue} wl_display#1.delete_id(43)
[12:06:54.355454] {mesa egl surface queue} wl_callback#43.done(7)
[12:06:54.355471] {mesa egl surface queue} wl_buffer#44.release()
[12:06:54.356448] {Default Queue}  -> xdg_toplevel#30.set_min_size(1400, 948)
[12:06:54.356458] {Default Queue}  -> xdg_toplevel#30.set_max_size(0, 0)
[12:06:54.356461] {Default Queue}  -> xdg_surface#29.set_window_geometry(45, 45, 1400, 948)
[12:06:54.356504] {mesa egl surface queue}  -> wl_surface#14.attach(wl_buffer#44, 0, 0)
[12:06:54.356506] {mesa egl surface queue}  -> wl_surface#14.damage(0, 0, 2147483647, 2147483647)
[12:06:54.356508] {mesa egl surface queue}  -> wl_surface#14.commit()
[12:06:54.356510] {mesa egl surface queue}  -> wl_display#1.sync(new id wl_callback#43)
[12:06:54.356596] {Display Queue} wl_display#1.delete_id(43)
[12:06:54.371849] {mesa egl surface queue} wl_callback#43.done(7)
[12:06:54.371861] {mesa egl surface queue} wl_buffer#40.release()
[12:06:54.372577] {Default Queue}  -> xdg_toplevel#30.set_min_size(1400, 948)
[12:06:54.372584] {Default Queue}  -> xdg_toplevel#30.set_max_size(0, 0)
[12:06:54.372586] {Default Queue}  -> xdg_surface#29.set_window_geometry(45, 45, 1400, 948)
[12:06:54.372625] {mesa egl surface queue}  -> wl_surface#14.attach(wl_buffer#40, 0, 0)
[12:06:54.372627] {mesa egl surface queue}  -> wl_surface#14.damage(0, 0, 2147483647, 2147483647)
[12:06:54.372629] {mesa egl surface queue}  -> wl_surface#14.commit()
[12:06:54.372636] {mesa egl surface queue}  -> wl_display#1.sync(new id wl_callback#43)
[12:06:54.372698] {Display Queue} wl_display#1.delete_id(43)
[12:06:54.388469] {mesa egl surface queue} wl_callback#43.done(7)
[12:06:54.388480] {mesa egl surface queue} wl_buffer#44.release()
[12:06:54.389263] {Default Queue}  -> xdg_toplevel#30.set_min_size(1400, 948)
[12:06:54.389270] {Default Queue}  -> xdg_toplevel#30.set_max_size(0, 0)
[12:06:54.389272] {Default Queue}  -> xdg_surface#29.set_window_geometry(45, 45, 1400, 948)
[12:06:54.389314] {mesa egl surface queue}  -> wl_surface#14.attach(wl_buffer#44, 0, 0)
[12:06:54.389317] {mesa egl surface queue}  -> wl_surface#14.damage(0, 0, 2147483647, 2147483647)
[12:06:54.389319] {mesa egl surface queue}  -> wl_surface#14.commit()
[12:06:54.389320] {mesa egl surface queue}  -> wl_display#1.sync(new id wl_callback#43)
[12:06:54.389377] {Display Queue} wl_display#1.delete_id(43)
[12:06:54.405094] {mesa egl surface queue} wl_callback#43.done(7)
[12:06:54.405105] {mesa egl surface queue} wl_buffer#40.release()
[12:06:54.405735] {Default Queue}  -> xdg_toplevel#30.set_min_size(1400, 948)
[12:06:54.405746] {Default Queue}  -> xdg_toplevel#30.set_max_size(0, 0)
[12:06:54.405749] {Default Queue}  -> xdg_surface#29.set_window_geometry(45, 45, 1400, 948)
[12:06:54.405788] {mesa egl surface queue}  -> wl_surface#14.attach(wl_buffer#40, 0, 0)
[12:06:54.405791] {mesa egl surface queue}  -> wl_surface#14.damage(0, 0, 2147483647, 2147483647)
[12:06:54.405793] {mesa egl surface queue}  -> wl_surface#14.commit()
[12:06:54.405794] {mesa egl surface queue}  -> wl_display#1.sync(new id wl_callback#43)
[12:06:54.405860] {Display Queue} wl_display#1.delete_id(43)
[12:06:54.421601] {mesa egl surface queue} wl_callback#43.done(7)
[12:06:54.421613] {mesa egl surface queue} wl_buffer#44.release()
[12:06:54.422287] {Default Queue}  -> xdg_toplevel#30.set_min_size(1400, 948)
[12:06:54.422294] {Default Queue}  -> xdg_toplevel#30.set_max_size(0, 0)
[12:06:54.422297] {Default Queue}  -> xdg_surface#29.set_window_geometry(45, 45, 1400, 948)
[12:06:54.422334] {mesa egl surface queue}  -> wl_surface#14.attach(wl_buffer#44, 0, 0)
[12:06:54.422337] {mesa egl surface queue}  -> wl_surface#14.damage(0, 0, 2147483647, 2147483647)
[12:06:54.422339] {mesa egl surface queue}  -> wl_surface#14.commit()
[12:06:54.422341] {mesa egl surface queue}  -> wl_display#1.sync(new id wl_callback#43)
[12:06:54.422392] {Display Queue} wl_display#1.delete_id(43)
[12:06:54.438091] {mesa egl surface queue} wl_callback#43.done(7)
[12:06:54.438101] {mesa egl surface queue} wl_buffer#40.release()
[12:06:54.438832] {Default Queue}  -> xdg_toplevel#30.set_min_size(1400, 948)
[12:06:54.438838] {Default Queue}  -> xdg_toplevel#30.set_max_size(0, 0)
[12:06:54.438840] {Default Queue}  -> xdg_surface#29.set_window_geometry(45, 45, 1400, 948)
[12:06:54.438882] {mesa egl surface queue}  -> wl_surface#14.attach(wl_buffer#40, 0, 0)
[12:06:54.438884] {mesa egl surface queue}  -> wl_surface#14.damage(0, 0, 2147483647, 2147483647)
[12:06:54.438886] {mesa egl surface queue}  -> wl_surface#14.commit()
[12:06:54.438888] {mesa egl surface queue}  -> wl_display#1.sync(new id wl_callback#43)
[12:06:54.438944] {Display Queue} wl_display#1.delete_id(43)
[12:06:54.454659] {mesa egl surface queue} wl_callback#43.done(7)
[12:06:54.454673] {mesa egl surface queue} wl_buffer#44.release()
[12:06:54.455501] {Default Queue}  -> xdg_toplevel#30.set_min_size(1400, 948)
[12:06:54.455507] {Default Queue}  -> xdg_toplevel#30.set_max_size(0, 0)
[12:06:54.455509] {Default Queue}  -> xdg_surface#29.set_window_geometry(45, 45, 1400, 948)
[12:06:54.455553] {mesa egl surface queue}  -> wl_surface#14.attach(wl_buffer#44, 0, 0)
[12:06:54.455557] {mesa egl surface queue}  -> wl_surface#14.damage(0, 0, 2147483647, 2147483647)
[12:06:54.455559] {mesa egl surface queue}  -> wl_surface#14.commit()
[12:06:54.455560] {mesa egl surface queue}  -> wl_display#1.sync(new id wl_callback#43)
[12:06:54.455657] {Display Queue} wl_display#1.delete_id(43)
[12:06:54.471243] {mesa egl surface queue} wl_callback#43.done(7)
[12:06:54.471265] {mesa egl surface queue} wl_buffer#40.release()
[12:06:54.471991] {Default Queue}  -> xdg_toplevel#30.set_min_size(1400, 948)
[12:06:54.471997] {Default Queue}  -> xdg_toplevel#30.set_max_size(0, 0)
[12:06:54.471999] {Default Queue}  -> xdg_surface#29.set_window_geometry(45, 45, 1400, 948)
[12:06:54.472037] {mesa egl surface queue}  -> wl_surface#14.attach(wl_buffer#40, 0, 0)
[12:06:54.472040] {mesa egl surface queue}  -> wl_surface#14.damage(0, 0, 2147483647, 2147483647)
[12:06:54.472042] {mesa egl surface queue}  -> wl_surface#14.commit()
[12:06:54.472044] {mesa egl surface queue}  -> wl_display#1.sync(new id wl_callback#43)
[12:06:54.472088] {Display Queue} wl_display#1.delete_id(43)
[12:06:54.487962] {mesa egl surface queue} wl_callback#43.done(7)
[12:06:54.487976] {mesa egl surface queue} wl_buffer#44.release()
[12:06:54.488872] {Default Queue}  -> xdg_toplevel#30.set_min_size(1400, 948)
[12:06:54.488883] {Default Queue}  -> xdg_toplevel#30.set_max_size(0, 0)
[12:06:54.488885] {Default Queue}  -> xdg_surface#29.set_window_geometry(45, 45, 1400, 948)
[12:06:54.488931] {mesa egl surface queue}  -> wl_surface#14.attach(wl_buffer#44, 0, 0)
[12:06:54.488933] {mesa egl surface queue}  -> wl_surface#14.damage(0, 0, 2147483647, 2147483647)
[12:06:54.488935] {mesa egl surface queue}  -> wl_surface#14.commit()
[12:06:54.488937] {mesa egl surface queue}  -> wl_display#1.sync(new id wl_callback#43)
[12:06:54.489009] {Display Queue} wl_display#1.delete_id(43)
[12:06:54.504630] {mesa egl surface queue} wl_callback#43.done(7)
[12:06:54.504644] {mesa egl surface queue} wl_buffer#40.release()
[12:06:54.505446] {Default Queue}  -> xdg_toplevel#30.set_min_size(1400, 948)
[12:06:54.505453] {Default Queue}  -> xdg_toplevel#30.set_max_size(0, 0)
[12:06:54.505456] {Default Queue}  -> xdg_surface#29.set_window_geometry(45, 45, 1400, 948)
[12:06:54.505499] {mesa egl surface queue}  -> wl_surface#14.attach(wl_buffer#40, 0, 0)
[12:06:54.505502] {mesa egl surface queue}  -> wl_surface#14.damage(0, 0, 2147483647, 2147483647)
[12:06:54.505504] {mesa egl surface queue}  -> wl_surface#14.commit()
[12:06:54.505506] {mesa egl surface queue}  -> wl_display#1.sync(new id wl_callback#43)
[12:06:54.505605] {Display Queue} wl_display#1.delete_id(43)
[12:06:54.521290] {mesa egl surface queue} wl_callback#43.done(7)
[12:06:54.521304] {mesa egl surface queue} wl_buffer#44.release()
[12:06:54.522016] {Default Queue}  -> xdg_toplevel#30.set_min_size(1400, 948)
[12:06:54.522023] {Default Queue}  -> xdg_toplevel#30.set_max_size(0, 0)
[12:06:54.522025] {Default Queue}  -> xdg_surface#29.set_window_geometry(45, 45, 1400, 948)
[12:06:54.522061] {mesa egl surface queue}  -> wl_surface#14.attach(wl_buffer#44, 0, 0)
[12:06:54.522064] {mesa egl surface queue}  -> wl_surface#14.damage(0, 0, 2147483647, 2147483647)
[12:06:54.522066] {mesa egl surface queue}  -> wl_surface#14.commit()
[12:06:54.522067] {mesa egl surface queue}  -> wl_display#1.sync(new id wl_callback#43)
[12:06:54.522151] {Display Queue} wl_display#1.delete_id(43)
[12:06:54.538779] {mesa egl surface queue} wl_callback#43.done(7)
[12:06:54.538791] {mesa egl surface queue} wl_buffer#40.release()
[12:06:54.539532] {Default Queue}  -> xdg_toplevel#30.set_min_size(1400, 948)
[12:06:54.539538] {Default Queue}  -> xdg_toplevel#30.set_max_size(0, 0)
[12:06:54.539540] {Default Queue}  -> xdg_surface#29.set_window_geometry(45, 45, 1400, 948)
[12:06:54.539583] {mesa egl surface queue}  -> wl_surface#14.attach(wl_buffer#40, 0, 0)
[12:06:54.539586] {mesa egl surface queue}  -> wl_surface#14.damage(0, 0, 2147483647, 2147483647)
[12:06:54.539588] {mesa egl surface queue}  -> wl_surface#14.commit()
[12:06:54.539590] {mesa egl surface queue}  -> wl_display#1.sync(new id wl_callback#43)
[12:06:54.539688] {Display Queue} wl_display#1.delete_id(43)
[12:06:54.555392] {mesa egl surface queue} wl_callback#43.done(7)
[12:06:54.555406] {mesa egl surface queue} wl_buffer#44.release()
[12:06:54.556236] {Default Queue}  -> xdg_toplevel#30.set_min_size(1400, 948)
[12:06:54.556244] {Default Queue}  -> xdg_toplevel#30.set_max_size(0, 0)
[12:06:54.556252] {Default Queue}  -> xdg_surface#29.set_window_geometry(45, 45, 1400, 948)
[12:06:54.556303] {mesa egl surface queue}  -> wl_surface#14.attach(wl_buffer#44, 0, 0)
[12:06:54.556306] {mesa egl surface queue}  -> wl_surface#14.damage(0, 0, 2147483647, 2147483647)
[12:06:54.556308] {mesa egl surface queue}  -> wl_surface#14.commit()
[12:06:54.556310] {mesa egl surface queue}  -> wl_display#1.sync(new id wl_callback#43)
[12:06:54.556494] {Display Queue} wl_display#1.delete_id(43)
[12:06:54.572047] {mesa egl surface queue} wl_callback#43.done(7)
[12:06:54.572075] {mesa egl surface queue} wl_buffer#40.release()
[12:06:54.572868] {Default Queue}  -> xdg_toplevel#30.set_min_size(1400, 948)
[12:06:54.572875] {Default Queue}  -> xdg_toplevel#30.set_max_size(0, 0)
[12:06:54.572877] {Default Queue}  -> xdg_surface#29.set_window_geometry(45, 45, 1400, 948)
[12:06:54.572920] {mesa egl surface queue}  -> wl_surface#14.attach(wl_buffer#40, 0, 0)
[12:06:54.572922] {mesa egl surface queue}  -> wl_surface#14.damage(0, 0, 2147483647, 2147483647)
[12:06:54.572924] {mesa egl surface queue}  -> wl_surface#14.commit()
[12:06:54.572926] {mesa egl surface queue}  -> wl_display#1.sync(new id wl_callback#43)
[12:06:54.573093] {Display Queue} wl_display#1.delete_id(43)
[12:06:54.588564] {mesa egl surface queue} wl_callback#43.done(7)
[12:06:54.588572] {mesa egl surface queue} wl_buffer#44.release()
[12:06:54.589226] {Default Queue}  -> xdg_toplevel#30.set_min_size(1400, 948)
[12:06:54.589231] {Default Queue}  -> xdg_toplevel#30.set_max_size(0, 0)
[12:06:54.589233] {Default Queue}  -> xdg_surface#29.set_window_geometry(45, 45, 1400, 948)
[12:06:54.589270] {mesa egl surface queue}  -> wl_surface#14.attach(wl_buffer#44, 0, 0)
[12:06:54.589273] {mesa egl surface queue}  -> wl_surface#14.damage(0, 0, 2147483647, 2147483647)
[12:06:54.589275] {mesa egl surface queue}  -> wl_surface#14.commit()
[12:06:54.589277] {mesa egl surface queue}  -> wl_display#1.sync(new id wl_callback#43)
[12:06:54.589452] {Display Queue} wl_display#1.delete_id(43)
[12:06:54.605206] {mesa egl surface queue} wl_callback#43.done(7)
[12:06:54.605214] {mesa egl surface queue} wl_buffer#40.release()
[12:06:54.605900] {Default Queue}  -> xdg_toplevel#30.set_min_size(1400, 948)
[12:06:54.605905] {Default Queue}  -> xdg_toplevel#30.set_max_size(0, 0)
[12:06:54.605907] {Default Queue}  -> xdg_surface#29.set_window_geometry(45, 45, 1400, 948)
[12:06:54.605945] {mesa egl surface queue}  -> wl_surface#14.attach(wl_buffer#40, 0, 0)
[12:06:54.605948] {mesa egl surface queue}  -> wl_surface#14.damage(0, 0, 2147483647, 2147483647)
[12:06:54.605950] {mesa egl surface queue}  -> wl_surface#14.commit()
[12:06:54.605952] {mesa egl surface queue}  -> wl_display#1.sync(new id wl_callback#43)
[12:06:54.606106] {Display Queue} wl_display#1.delete_id(43)
[12:06:54.621720] {mesa egl surface queue} wl_callback#43.done(7)
[12:06:54.621736] {mesa egl surface queue} wl_buffer#44.release()
[12:06:54.622565] {Default Queue}  -> xdg_toplevel#30.set_min_size(1400, 948)
[12:06:54.622571] {Default Queue}  -> xdg_toplevel#30.set_max_size(0, 0)
[12:06:54.622574] {Default Queue}  -> xdg_surface#29.set_window_geometry(45, 45, 1400, 948)
[12:06:54.622618] {mesa egl surface queue}  -> wl_surface#14.attach(wl_buffer#44, 0, 0)
[12:06:54.622621] {mesa egl surface queue}  -> wl_surface#14.damage(0, 0, 2147483647, 2147483647)
[12:06:54.622623] {mesa egl surface queue}  -> wl_surface#14.commit()
[12:06:54.622625] {mesa egl surface queue}  -> wl_display#1.sync(new id wl_callback#43)
[12:06:54.622789] {Display Queue} wl_display#1.delete_id(43)
[12:06:54.638318] {mesa egl surface queue} wl_callback#43.done(7)
[12:06:54.638331] {mesa egl surface queue} wl_buffer#40.release()
[12:06:54.639074] {Default Queue}  -> xdg_toplevel#30.set_min_size(1400, 948)
[12:06:54.639080] {Default Queue}  -> xdg_toplevel#30.set_max_size(0, 0)
[12:06:54.639082] {Default Queue}  -> xdg_surface#29.set_window_geometry(45, 45, 1400, 948)
[12:06:54.639123] {mesa egl surface queue}  -> wl_surface#14.attach(wl_buffer#40, 0, 0)
[12:06:54.639131] {mesa egl surface queue}  -> wl_surface#14.damage(0, 0, 2147483647, 2147483647)
[12:06:54.639142] {mesa egl surface queue}  -> wl_surface#14.commit()
[12:06:54.639144] {mesa egl surface queue}  -> wl_display#1.sync(new id wl_callback#43)
[12:06:54.639196] {Display Queue} wl_display#1.delete_id(43)
[12:06:54.654919] {mesa egl surface queue} wl_callback#43.done(7)
[12:06:54.654935] {mesa egl surface queue} wl_buffer#44.release()
[12:06:54.655794] {Default Queue}  -> xdg_toplevel#30.set_min_size(1400, 948)
[12:06:54.655801] {Default Queue}  -> xdg_toplevel#30.set_max_size(0, 0)
[12:06:54.655803] {Default Queue}  -> xdg_surface#29.set_window_geometry(45, 45, 1400, 948)
[12:06:54.655852] {mesa egl surface queue}  -> wl_surface#14.attach(wl_buffer#44, 0, 0)
[12:06:54.655855] {mesa egl surface queue}  -> wl_surface#14.damage(0, 0, 2147483647, 2147483647)
[12:06:54.655857] {mesa egl surface queue}  -> wl_surface#14.commit()
[12:06:54.655858] {mesa egl surface queue}  -> wl_display#1.sync(new id wl_callback#43)
[12:06:54.656049] {Display Queue} wl_display#1.delete_id(43)
[12:06:54.671651] {mesa egl surface queue} wl_callback#43.done(7)
[12:06:54.671659] {mesa egl surface queue} wl_buffer#40.release()
[12:06:54.672405] {Default Queue}  -> xdg_toplevel#30.set_min_size(1400, 948)
[12:06:54.672411] {Default Queue}  -> xdg_toplevel#30.set_max_size(0, 0)
[12:06:54.672412] {Default Queue}  -> xdg_surface#29.set_window_geometry(45, 45, 1400, 948)
[12:06:54.672454] {mesa egl surface queue}  -> wl_surface#14.attach(wl_buffer#40, 0, 0)
[12:06:54.672456] {mesa egl surface queue}  -> wl_surface#14.damage(0, 0, 2147483647, 2147483647)
[12:06:54.672458] {mesa egl surface queue}  -> wl_surface#14.commit()
[12:06:54.672460] {mesa egl surface queue}  -> wl_display#1.sync(new id wl_callback#43)
[12:06:54.672520] {Display Queue} wl_display#1.delete_id(43)
[12:06:54.688592] {mesa egl surface queue} wl_callback#43.done(7)
[12:06:54.688600] {mesa egl surface queue} wl_buffer#44.release()
[12:06:54.689294] {Default Queue}  -> xdg_toplevel#30.set_min_size(1400, 948)
[12:06:54.689299] {Default Queue}  -> xdg_toplevel#30.set_max_size(0, 0)
[12:06:54.689301] {Default Queue}  -> xdg_surface#29.set_window_geometry(45, 45, 1400, 948)
[12:06:54.689336] {mesa egl surface queue}  -> wl_surface#14.attach(wl_buffer#44, 0, 0)
[12:06:54.689339] {mesa egl surface queue}  -> wl_surface#14.damage(0, 0, 2147483647, 2147483647)
[12:06:54.689340] {mesa egl surface queue}  -> wl_surface#14.commit()
[12:06:54.689342] {mesa egl surface queue}  -> wl_display#1.sync(new id wl_callback#43)
[12:06:54.689444] {Display Queue} wl_display#1.delete_id(43)
[12:06:54.705028] {mesa egl surface queue} wl_callback#43.done(7)
[12:06:54.705033] {mesa egl surface queue} wl_buffer#40.release()
[12:06:54.705696] {Default Queue}  -> xdg_toplevel#30.set_min_size(1400, 948)
[12:06:54.705701] {Default Queue}  -> xdg_toplevel#30.set_max_size(0, 0)
[12:06:54.705702] {Default Queue}  -> xdg_surface#29.set_window_geometry(45, 45, 1400, 948)
[12:06:54.705738] {mesa egl surface queue}  -> wl_surface#14.attach(wl_buffer#40, 0, 0)
[12:06:54.705745] {mesa egl surface queue}  -> wl_surface#14.damage(0, 0, 2147483647, 2147483647)
[12:06:54.705747] {mesa egl surface queue}  -> wl_surface#14.commit()
[12:06:54.705748] {mesa egl surface queue}  -> wl_display#1.sync(new id wl_callback#43)
[12:06:54.705840] {Display Queue} wl_display#1.delete_id(43)
[12:06:54.721531] {mesa egl surface queue} wl_callback#43.done(7)
[12:06:54.721547] {mesa egl surface queue} wl_buffer#44.release()
[12:06:54.722668] {Default Queue}  -> xdg_toplevel#30.set_min_size(1400, 948)
[12:06:54.722679] {Default Queue}  -> xdg_toplevel#30.set_max_size(0, 0)
[12:06:54.722681] {Default Queue}  -> xdg_surface#29.set_window_geometry(45, 45, 1400, 948)
[12:06:54.722720] {mesa egl surface queue}  -> wl_surface#14.attach(wl_buffer#44, 0, 0)
[12:06:54.722723] {mesa egl surface queue}  -> wl_surface#14.damage(0, 0, 2147483647, 2147483647)
[12:06:54.722725] {mesa egl surface queue}  -> wl_surface#14.commit()
[12:06:54.722732] {mesa egl surface queue}  -> wl_display#1.sync(new id wl_callback#43)
[12:06:54.722823] {Display Queue} wl_display#1.delete_id(43)
[12:06:54.738577] {mesa egl surface queue} wl_callback#43.done(7)
[12:06:54.738592] {mesa egl surface queue} wl_buffer#40.release()
[12:06:54.739424] {Default Queue}  -> xdg_toplevel#30.set_min_size(1400, 948)
[12:06:54.739431] {Default Queue}  -> xdg_toplevel#30.set_max_size(0, 0)
[12:06:54.739433] {Default Queue}  -> xdg_surface#29.set_window_geometry(45, 45, 1400, 948)
[12:06:54.739483] {mesa egl surface queue}  -> wl_surface#14.attach(wl_buffer#40, 0, 0)
[12:06:54.739486] {mesa egl surface queue}  -> wl_surface#14.damage(0, 0, 2147483647, 2147483647)
[12:06:54.739488] {mesa egl surface queue}  -> wl_surface#14.commit()
[12:06:54.739490] {mesa egl surface queue}  -> wl_display#1.sync(new id wl_callback#43)
[12:06:54.739579] {Display Queue} wl_display#1.delete_id(43)
[12:06:54.755344] {mesa egl surface queue} wl_callback#43.done(7)
[12:06:54.755360] {mesa egl surface queue} wl_buffer#44.release()
[12:06:54.756701] {Default Queue}  -> xdg_toplevel#30.set_min_size(1400, 948)
[12:06:54.756716] {Default Queue}  -> xdg_toplevel#30.set_max_size(0, 0)
[12:06:54.756721] {Default Queue}  -> xdg_surface#29.set_window_geometry(45, 45, 1400, 948)
[12:06:54.756791] {mesa egl surface queue}  -> wl_surface#14.attach(wl_buffer#44, 0, 0)
[12:06:54.756798] {mesa egl surface queue}  -> wl_surface#14.damage(0, 0, 2147483647, 2147483647)
[12:06:54.756802] {mesa egl surface queue}  -> wl_surface#14.commit()
[12:06:54.756805] {mesa egl surface queue}  -> wl_display#1.sync(new id wl_callback#43)
[12:06:54.756868] {Display Queue} wl_display#1.delete_id(43)
[12:06:54.771898] {mesa egl surface queue} wl_callback#43.done(7)
[12:06:54.771912] {mesa egl surface queue} wl_buffer#40.release()
[12:06:54.772650] {Default Queue}  -> xdg_toplevel#30.set_min_size(1400, 948)
[12:06:54.772657] {Default Queue}  -> xdg_toplevel#30.set_max_size(0, 0)
[12:06:54.772660] {Default Queue}  -> xdg_surface#29.set_window_geometry(45, 45, 1400, 948)
[12:06:54.772707] {mesa egl surface queue}  -> wl_surface#14.attach(wl_buffer#40, 0, 0)
[12:06:54.772710] {mesa egl surface queue}  -> wl_surface#14.damage(0, 0, 2147483647, 2147483647)
[12:06:54.772713] {mesa egl surface queue}  -> wl_surface#14.commit()
[12:06:54.772715] {mesa egl surface queue}  -> wl_display#1.sync(new id wl_callback#43)
[12:06:54.772779] {Display Queue} wl_display#1.delete_id(43)
[12:06:54.788491] {mesa egl surface queue} wl_callback#43.done(7)
[12:06:54.788502] {mesa egl surface queue} wl_buffer#44.release()
[12:06:54.789223] {Default Queue}  -> xdg_toplevel#30.set_min_size(1400, 948)
[12:06:54.789229] {Default Queue}  -> xdg_toplevel#30.set_max_size(0, 0)
[12:06:54.789231] {Default Queue}  -> xdg_surface#29.set_window_geometry(45, 45, 1400, 948)
[12:06:54.789267] {mesa egl surface queue}  -> wl_surface#14.attach(wl_buffer#44, 0, 0)
[12:06:54.789270] {mesa egl surface queue}  -> wl_surface#14.damage(0, 0, 2147483647, 2147483647)
[12:06:54.789272] {mesa egl surface queue}  -> wl_surface#14.commit()
[12:06:54.789274] {mesa egl surface queue}  -> wl_display#1.sync(new id wl_callback#43)
[12:06:54.789335] {Display Queue} wl_display#1.delete_id(43)
[12:06:54.804980] {mesa egl surface queue} wl_callback#43.done(7)
[12:06:54.804993] {mesa egl surface queue} wl_buffer#40.release()
[12:06:54.805663] {Default Queue}  -> xdg_toplevel#30.set_min_size(1400, 948)
[12:06:54.805668] {Default Queue}  -> xdg_toplevel#30.set_max_size(0, 0)
[12:06:54.805670] {Default Queue}  -> xdg_surface#29.set_window_geometry(45, 45, 1400, 948)
[12:06:54.805712] {mesa egl surface queue}  -> wl_surface#14.attach(wl_buffer#40, 0, 0)
[12:06:54.805715] {mesa egl surface queue}  -> wl_surface#14.damage(0, 0, 2147483647, 2147483647)
[12:06:54.805717] {mesa egl surface queue}  -> wl_surface#14.commit()
[12:06:54.805719] {mesa egl surface queue}  -> wl_display#1.sync(new id wl_callback#43)
[12:06:54.805791] {Display Queue} wl_display#1.delete_id(43)
[12:06:54.821790] {mesa egl surface queue} wl_callback#43.done(7)
[12:06:54.821807] {mesa egl surface queue} wl_buffer#44.release()
[12:06:54.822462] {Default Queue}  -> xdg_toplevel#30.set_min_size(1400, 948)
[12:06:54.822467] {Default Queue}  -> xdg_toplevel#30.set_max_size(0, 0)
[12:06:54.822469] {Default Queue}  -> xdg_surface#29.set_window_geometry(45, 45, 1400, 948)
[12:06:54.822509] {mesa egl surface queue}  -> wl_surface#14.attach(wl_buffer#44, 0, 0)
[12:06:54.822512] {mesa egl surface queue}  -> wl_surface#14.damage(0, 0, 2147483647, 2147483647)
[12:06:54.822514] {mesa egl surface queue}  -> wl_surface#14.commit()
[12:06:54.822516] {mesa egl surface queue}  -> wl_display#1.sync(new id wl_callback#43)
[12:06:54.822584] {Display Queue} wl_display#1.delete_id(43)
[12:06:54.838317] {mesa egl surface queue} wl_callback#43.done(7)
[12:06:54.838328] {mesa egl surface queue} wl_buffer#40.release()
[12:06:54.839031] {Default Queue}  -> xdg_toplevel#30.set_min_size(1400, 948)
[12:06:54.839037] {Default Queue}  -> xdg_toplevel#30.set_max_size(0, 0)
[12:06:54.839039] {Default Queue}  -> xdg_surface#29.set_window_geometry(45, 45, 1400, 948)
[12:06:54.839081] {mesa egl surface queue}  -> wl_surface#14.attach(wl_buffer#40, 0, 0)
[12:06:54.839085] {mesa egl surface queue}  -> wl_surface#14.damage(0, 0, 2147483647, 2147483647)
[12:06:54.839088] {mesa egl surface queue}  -> wl_surface#14.commit()
[12:06:54.839090] {mesa egl surface queue}  -> wl_display#1.sync(new id wl_callback#43)
[12:06:54.839158] {Display Queue} wl_display#1.delete_id(43)
[12:06:54.855256] {mesa egl surface queue} wl_callback#43.done(7)
[12:06:54.855274] {mesa egl surface queue} wl_buffer#44.release()
[12:06:54.856114] {Default Queue}  -> xdg_toplevel#30.set_min_size(1400, 948)
[12:06:54.856122] {Default Queue}  -> xdg_toplevel#30.set_max_size(0, 0)
[12:06:54.856124] {Default Queue}  -> xdg_surface#29.set_window_geometry(45, 45, 1400, 948)
[12:06:54.856167] {mesa egl surface queue}  -> wl_surface#14.attach(wl_buffer#44, 0, 0)
[12:06:54.856170] {mesa egl surface queue}  -> wl_surface#14.damage(0, 0, 2147483647, 2147483647)
[12:06:54.856172] {mesa egl surface queue}  -> wl_surface#14.commit()
[12:06:54.856174] {mesa egl surface queue}  -> wl_display#1.sync(new id wl_callback#43)
[12:06:54.856277] {Display Queue} wl_display#1.delete_id(43)
[12:06:54.872051] {mesa egl surface queue} wl_callback#43.done(7)
[12:06:54.872060] {mesa egl surface queue} wl_buffer#40.release()
[12:06:54.872716] {Default Queue}  -> xdg_toplevel#30.set_min_size(1400, 948)
[12:06:54.872722] {Default Queue}  -> xdg_toplevel#30.set_max_size(0, 0)
[12:06:54.872724] {Default Queue}  -> xdg_surface#29.set_window_geometry(45, 45, 1400, 948)
[12:06:54.872765] {mesa egl surface queue}  -> wl_surface#14.attach(wl_buffer#40, 0, 0)
[12:06:54.872767] {mesa egl surface queue}  -> wl_surface#14.damage(0, 0, 2147483647, 2147483647)
[12:06:54.872769] {mesa egl surface queue}  -> wl_surface#14.commit()
[12:06:54.872771] {mesa egl surface queue}  -> wl_display#1.sync(new id wl_callback#43)
[12:06:54.872855] {Display Queue} wl_display#1.delete_id(43)
[12:06:54.888667] {mesa egl surface queue} wl_callback#43.done(7)
[12:06:54.888682] {mesa egl surface queue} wl_buffer#44.release()
[12:06:54.889543] {Default Queue}  -> xdg_toplevel#30.set_min_size(1400, 948)
[12:06:54.889551] {Default Queue}  -> xdg_toplevel#30.set_max_size(0, 0)
[12:06:54.889553] {Default Queue}  -> xdg_surface#29.set_window_geometry(45, 45, 1400, 948)
[12:06:54.889598] {mesa egl surface queue}  -> wl_surface#14.attach(wl_buffer#44, 0, 0)
[12:06:54.889601] {mesa egl surface queue}  -> wl_surface#14.damage(0, 0, 2147483647, 2147483647)
[12:06:54.889603] {mesa egl surface queue}  -> wl_surface#14.commit()
[12:06:54.889605] {mesa egl surface queue}  -> wl_display#1.sync(new id wl_callback#43)
[12:06:54.889706] {Display Queue} wl_display#1.delete_id(43)
[12:06:54.905294] {mesa egl surface queue} wl_callback#43.done(7)
[12:06:54.905306] {mesa egl surface queue} wl_buffer#40.release()
[12:06:54.906161] {Default Queue}  -> xdg_toplevel#30.set_min_size(1400, 948)
[12:06:54.906168] {Default Queue}  -> xdg_toplevel#30.set_max_size(0, 0)
[12:06:54.906175] {Default Queue}  -> xdg_surface#29.set_window_geometry(45, 45, 1400, 948)
[12:06:54.906230] {mesa egl surface queue}  -> wl_surface#14.attach(wl_buffer#40, 0, 0)
[12:06:54.906233] {mesa egl surface queue}  -> wl_surface#14.damage(0, 0, 2147483647, 2147483647)
[12:06:54.906235] {mesa egl surface queue}  -> wl_surface#14.commit()
[12:06:54.906237] {mesa egl surface queue}  -> wl_display#1.sync(new id wl_callback#43)
[12:06:54.906345] {Display Queue} wl_display#1.delete_id(43)
[12:06:54.921976] {mesa egl surface queue} wl_callback#43.done(7)
[12:06:54.921988] {mesa egl surface queue} wl_buffer#44.release()
[12:06:54.922750] {Default Queue}  -> xdg_toplevel#30.set_min_size(1400, 948)
[12:06:54.922758] {Default Queue}  -> xdg_toplevel#30.set_max_size(0, 0)
[12:06:54.922761] {Default Queue}  -> xdg_surface#29.set_window_geometry(45, 45, 1400, 948)
[12:06:54.922807] {mesa egl surface queue}  -> wl_surface#14.attach(wl_buffer#44, 0, 0)
[12:06:54.922811] {mesa egl surface queue}  -> wl_surface#14.damage(0, 0, 2147483647, 2147483647)
[12:06:54.922818] {mesa egl surface queue}  -> wl_surface#14.commit()
[12:06:54.922821] {mesa egl surface queue}  -> wl_display#1.sync(new id wl_callback#43)
[12:06:54.922903] {Display Queue} wl_display#1.delete_id(43)
[12:06:54.938750] {mesa egl surface queue} wl_callback#43.done(7)
[12:06:54.938760] {mesa egl surface queue} wl_buffer#40.release()
[12:06:54.939436] {Default Queue}  -> xdg_toplevel#30.set_min_size(1400, 948)
[12:06:54.939441] {Default Queue}  -> xdg_toplevel#30.set_max_size(0, 0)
[12:06:54.939444] {Default Queue}  -> xdg_surface#29.set_window_geometry(45, 45, 1400, 948)
[12:06:54.939484] {mesa egl surface queue}  -> wl_surface#14.attach(wl_buffer#40, 0, 0)
[12:06:54.939487] {mesa egl surface queue}  -> wl_surface#14.damage(0, 0, 2147483647, 2147483647)
[12:06:54.939489] {mesa egl surface queue}  -> wl_surface#14.commit()
[12:06:54.939492] {mesa egl surface queue}  -> wl_display#1.sync(new id wl_callback#43)
[12:06:54.939567] {Display Queue} wl_display#1.delete_id(43)
[12:06:54.955162] {mesa egl surface queue} wl_callback#43.done(7)
[12:06:54.955178] {mesa egl surface queue} wl_buffer#44.release()
[12:06:54.955986] {Default Queue}  -> xdg_toplevel#30.set_min_size(1400, 948)
[12:06:54.955996] {Default Queue}  -> xdg_toplevel#30.set_max_size(0, 0)
[12:06:54.955998] {Default Queue}  -> xdg_surface#29.set_window_geometry(45, 45, 1400, 948)
[12:06:54.956045] {mesa egl surface queue}  -> wl_surface#14.attach(wl_buffer#44, 0, 0)
[12:06:54.956048] {mesa egl surface queue}  -> wl_surface#14.damage(0, 0, 2147483647, 2147483647)
[12:06:54.956050] {mesa egl surface queue}  -> wl_surface#14.commit()
[12:06:54.956052] {mesa egl surface queue}  -> wl_display#1.sync(new id wl_callback#43)
[12:06:54.956143] {Display Queue} wl_display#1.delete_id(43)
[12:06:54.971809] {mesa egl surface queue} wl_callback#43.done(7)
[12:06:54.971825] {mesa egl surface queue} wl_buffer#40.release()
[12:06:54.972862] {Default Queue}  -> xdg_toplevel#30.set_min_size(1400, 948)
[12:06:54.972871] {Default Queue}  -> xdg_toplevel#30.set_max_size(0, 0)
[12:06:54.972874] {Default Queue}  -> xdg_surface#29.set_window_geometry(45, 45, 1400, 948)
[12:06:54.972914] {mesa egl surface queue}  -> wl_surface#14.attach(wl_buffer#40, 0, 0)
[12:06:54.972916] {mesa egl surface queue}  -> wl_surface#14.damage(0, 0, 2147483647, 2147483647)
[12:06:54.972918] {mesa egl surface queue}  -> wl_surface#14.commit()
[12:06:54.972920] {mesa egl surface queue}  -> wl_display#1.sync(new id wl_callback#43)
[12:06:54.972977] {Display Queue} wl_display#1.delete_id(43)
[12:06:54.988685] {mesa egl surface queue} wl_callback#43.done(7)
[12:06:54.988695] {mesa egl surface queue} wl_buffer#44.release()
[12:06:54.989352] {Default Queue}  -> xdg_toplevel#30.set_min_size(1400, 948)
[12:06:54.989359] {Default Queue}  -> xdg_toplevel#30.set_max_size(0, 0)
[12:06:54.989361] {Default Queue}  -> xdg_surface#29.set_window_geometry(45, 45, 1400, 948)
[12:06:54.989398] {mesa egl surface queue}  -> wl_surface#14.attach(wl_buffer#44, 0, 0)
[12:06:54.989406] {mesa egl surface queue}  -> wl_surface#14.damage(0, 0, 2147483647, 2147483647)
[12:06:54.989414] {mesa egl surface queue}  -> wl_surface#14.commit()
[12:06:54.989416] {mesa egl surface queue}  -> wl_display#1.sync(new id wl_callback#43)
[12:06:54.989486] {Display Queue} wl_display#1.delete_id(43)
[12:06:55.005056] {mesa egl surface queue} wl_callback#43.done(7)
[12:06:55.005085] {mesa egl surface queue} wl_buffer#40.release()
[12:06:55.005840] {Default Queue}  -> xdg_toplevel#30.set_min_size(1400, 948)
[12:06:55.005851] {Default Queue}  -> xdg_toplevel#30.set_max_size(0, 0)
[12:06:55.005853] {Default Queue}  -> xdg_surface#29.set_window_geometry(45, 45, 1400, 948)
[12:06:55.005890] {mesa egl surface queue}  -> wl_surface#14.attach(wl_buffer#40, 0, 0)
[12:06:55.005893] {mesa egl surface queue}  -> wl_surface#14.damage(0, 0, 2147483647, 2147483647)
[12:06:55.005895] {mesa egl surface queue}  -> wl_surface#14.commit()
[12:06:55.005897] {mesa egl surface queue}  -> wl_display#1.sync(new id wl_callback#43)
[12:06:55.005970] {Display Queue} wl_display#1.delete_id(43)
[12:06:55.021863] {mesa egl surface queue} wl_callback#43.done(7)
[12:06:55.021874] {mesa egl surface queue} wl_buffer#44.release()
[12:06:55.022571] {Default Queue}  -> xdg_toplevel#30.set_min_size(1400, 948)
[12:06:55.022578] {Default Queue}  -> xdg_toplevel#30.set_max_size(0, 0)
[12:06:55.022580] {Default Queue}  -> xdg_surface#29.set_window_geometry(45, 45, 1400, 948)
[12:06:55.022619] {mesa egl surface queue}  -> wl_surface#14.attach(wl_buffer#44, 0, 0)
[12:06:55.022622] {mesa egl surface queue}  -> wl_surface#14.damage(0, 0, 2147483647, 2147483647)
[12:06:55.022624] {mesa egl surface queue}  -> wl_surface#14.commit()
[12:06:55.022626] {mesa egl surface queue}  -> wl_display#1.sync(new id wl_callback#43)
[12:06:55.022673] {Display Queue} wl_display#1.delete_id(43)
[12:06:55.038270] {mesa egl surface queue} wl_callback#43.done(7)
[12:06:55.038277] {mesa egl surface queue} wl_buffer#40.release()
[12:06:55.038965] {Default Queue}  -> xdg_toplevel#30.set_min_size(1400, 948)
[12:06:55.038973] {Default Queue}  -> xdg_toplevel#30.set_max_size(0, 0)
[12:06:55.038975] {Default Queue}  -> xdg_surface#29.set_window_geometry(45, 45, 1400, 948)
[12:06:55.039012] {mesa egl surface queue}  -> wl_surface#14.attach(wl_buffer#40, 0, 0)
[12:06:55.039015] {mesa egl surface queue}  -> wl_surface#14.damage(0, 0, 2147483647, 2147483647)
[12:06:55.039017] {mesa egl surface queue}  -> wl_surface#14.commit()
[12:06:55.039018] {mesa egl surface queue}  -> wl_display#1.sync(new id wl_callback#43)
[12:06:55.039073] {Display Queue} wl_display#1.delete_id(43)
[12:06:55.054678] {mesa egl surface queue} wl_callback#43.done(7)
[12:06:55.054695] {mesa egl surface queue} wl_buffer#44.release()
[12:06:55.055546] {Default Queue}  -> xdg_toplevel#30.set_min_size(1400, 948)
[12:06:55.055553] {Default Queue}  -> xdg_toplevel#30.set_max_size(0, 0)
[12:06:55.055555] {Default Queue}  -> xdg_surface#29.set_window_geometry(45, 45, 1400, 948)
[12:06:55.055599] {mesa egl surface queue}  -> wl_surface#14.attach(wl_buffer#44, 0, 0)
[12:06:55.055602] {mesa egl surface queue}  -> wl_surface#14.damage(0, 0, 2147483647, 2147483647)
[12:06:55.055604] {mesa egl surface queue}  -> wl_surface#14.commit()
[12:06:55.055606] {mesa egl surface queue}  -> wl_display#1.sync(new id wl_callback#43)
[12:06:55.055665] {Display Queue} wl_display#1.delete_id(43)
[12:06:55.071619] {mesa egl surface queue} wl_callback#43.done(7)
[12:06:55.071638] {mesa egl surface queue} wl_buffer#40.release()
[12:06:55.072415] {Default Queue}  -> xdg_toplevel#30.set_min_size(1400, 948)
[12:06:55.072422] {Default Queue}  -> xdg_toplevel#30.set_max_size(0, 0)
[12:06:55.072425] {Default Queue}  -> xdg_surface#29.set_window_geometry(45, 45, 1400, 948)
[12:06:55.072470] {mesa egl surface queue}  -> wl_surface#14.attach(wl_buffer#40, 0, 0)
[12:06:55.072473] {mesa egl surface queue}  -> wl_surface#14.damage(0, 0, 2147483647, 2147483647)
[12:06:55.072475] {mesa egl surface queue}  -> wl_surface#14.commit()
[12:06:55.072484] {mesa egl surface queue}  -> wl_display#1.sync(new id wl_callback#43)
[12:06:55.072543] {Display Queue} wl_display#1.delete_id(43)
[12:06:55.088215] {mesa egl surface queue} wl_callback#43.done(7)
[12:06:55.088232] {mesa egl surface queue} wl_buffer#44.release()
[12:06:55.089090] {Default Queue}  -> xdg_toplevel#30.set_min_size(1400, 948)
[12:06:55.089099] {Default Queue}  -> xdg_toplevel#30.set_max_size(0, 0)
[12:06:55.089101] {Default Queue}  -> xdg_surface#29.set_window_geometry(45, 45, 1400, 948)
[12:06:55.089145] {mesa egl surface queue}  -> wl_surface#14.attach(wl_buffer#44, 0, 0)
[12:06:55.089148] {mesa egl surface queue}  -> wl_surface#14.damage(0, 0, 2147483647, 2147483647)
[12:06:55.089150] {mesa egl surface queue}  -> wl_surface#14.commit()
[12:06:55.089152] {mesa egl surface queue}  -> wl_display#1.sync(new id wl_callback#43)
[12:06:55.089211] {Display Queue} wl_display#1.delete_id(43)
[12:06:55.104940] {mesa egl surface queue} wl_callback#43.done(7)
[12:06:55.104952] {mesa egl surface queue} wl_buffer#40.release()
[12:06:55.105809] {Default Queue}  -> xdg_toplevel#30.set_min_size(1400, 948)
[12:06:55.105817] {Default Queue}  -> xdg_toplevel#30.set_max_size(0, 0)
[12:06:55.105819] {Default Queue}  -> xdg_surface#29.set_window_geometry(45, 45, 1400, 948)
[12:06:55.105863] {mesa egl surface queue}  -> wl_surface#14.attach(wl_buffer#40, 0, 0)
[12:06:55.105867] {mesa egl surface queue}  -> wl_surface#14.damage(0, 0, 2147483647, 2147483647)
[12:06:55.105869] {mesa egl surface queue}  -> wl_surface#14.commit()
[12:06:55.105871] {mesa egl surface queue}  -> wl_display#1.sync(new id wl_callback#43)
[12:06:55.105930] {Display Queue} wl_display#1.delete_id(43)
[12:06:55.121576] {mesa egl surface queue} wl_callback#43.done(7)
[12:06:55.121592] {mesa egl surface queue} wl_buffer#44.release()
[12:06:55.122425] {Default Queue}  -> xdg_toplevel#30.set_min_size(1400, 948)
[12:06:55.122435] {Default Queue}  -> xdg_toplevel#30.set_max_size(0, 0)
[12:06:55.122438] {Default Queue}  -> xdg_surface#29.set_window_geometry(45, 45, 1400, 948)
[12:06:55.122484] {mesa egl surface queue}  -> wl_surface#14.attach(wl_buffer#44, 0, 0)
[12:06:55.122487] {mesa egl surface queue}  -> wl_surface#14.damage(0, 0, 2147483647, 2147483647)
[12:06:55.122489] {mesa egl surface queue}  -> wl_surface#14.commit()
[12:06:55.122490] {mesa egl surface queue}  -> wl_display#1.sync(new id wl_callback#43)
[12:06:55.122554] {Display Queue} wl_display#1.delete_id(43)
[12:06:55.138151] {mesa egl surface queue} wl_callback#43.done(7)
[12:06:55.138164] {mesa egl surface queue} wl_buffer#40.release()
[12:06:55.138936] {Default Queue}  -> xdg_toplevel#30.set_min_size(1400, 948)
[12:06:55.138944] {Default Queue}  -> xdg_toplevel#30.set_max_size(0, 0)
[12:06:55.138947] {Default Queue}  -> xdg_surface#29.set_window_geometry(45, 45, 1400, 948)
[12:06:55.138988] {mesa egl surface queue}  -> wl_surface#14.attach(wl_buffer#40, 0, 0)
[12:06:55.138991] {mesa egl surface queue}  -> wl_surface#14.damage(0, 0, 2147483647, 2147483647)
[12:06:55.138993] {mesa egl surface queue}  -> wl_surface#14.commit()
[12:06:55.138995] {mesa egl surface queue}  -> wl_display#1.sync(new id wl_callback#43)
[12:06:55.139057] {Display Queue} wl_display#1.delete_id(43)
[12:06:55.154859] {mesa egl surface queue} wl_callback#43.done(7)
[12:06:55.154875] {mesa egl surface queue} wl_buffer#44.release()
[12:06:55.155858] {Default Queue}  -> xdg_toplevel#30.set_min_size(1400, 948)
[12:06:55.155867] {Default Queue}  -> xdg_toplevel#30.set_max_size(0, 0)
[12:06:55.155869] {Default Queue}  -> xdg_surface#29.set_window_geometry(45, 45, 1400, 948)
[12:06:55.155917] {mesa egl surface queue}  -> wl_surface#14.attach(wl_buffer#44, 0, 0)
[12:06:55.155919] {mesa egl surface queue}  -> wl_surface#14.damage(0, 0, 2147483647, 2147483647)
[12:06:55.155921] {mesa egl surface queue}  -> wl_surface#14.commit()
[12:06:55.155923] {mesa egl surface queue}  -> wl_display#1.sync(new id wl_callback#43)
[12:06:55.155995] {Display Queue} wl_display#1.delete_id(43)
[12:06:55.171679] {mesa egl surface queue} wl_callback#43.done(7)
[12:06:55.171696] {mesa egl surface queue} wl_buffer#40.release()
[12:06:55.172435] {Default Queue}  -> xdg_toplevel#30.set_min_size(1400, 948)
[12:06:55.172442] {Default Queue}  -> xdg_toplevel#30.set_max_size(0, 0)
[12:06:55.172444] {Default Queue}  -> xdg_surface#29.set_window_geometry(45, 45, 1400, 948)
[12:06:55.172483] {mesa egl surface queue}  -> wl_surface#14.attach(wl_buffer#40, 0, 0)
[12:06:55.172485] {mesa egl surface queue}  -> wl_surface#14.damage(0, 0, 2147483647, 2147483647)
[12:06:55.172488] {mesa egl surface queue}  -> wl_surface#14.commit()
[12:06:55.172489] {mesa egl surface queue}  -> wl_display#1.sync(new id wl_callback#43)
[12:06:55.172558] {Display Queue} wl_display#1.delete_id(43)
[12:06:55.188514] {mesa egl surface queue} wl_callback#43.done(7)
[12:06:55.188524] {mesa egl surface queue} wl_buffer#44.release()
[12:06:55.189192] {Default Queue}  -> xdg_toplevel#30.set_min_size(1400, 948)
[12:06:55.189197] {Default Queue}  -> xdg_toplevel#30.set_max_size(0, 0)
[12:06:55.189199] {Default Queue}  -> xdg_surface#29.set_window_geometry(45, 45, 1400, 948)
[12:06:55.189237] {mesa egl surface queue}  -> wl_surface#14.attach(wl_buffer#44, 0, 0)
[12:06:55.189240] {mesa egl surface queue}  -> wl_surface#14.damage(0, 0, 2147483647, 2147483647)
[12:06:55.189242] {mesa egl surface queue}  -> wl_surface#14.commit()
[12:06:55.189244] {mesa egl surface queue}  -> wl_display#1.sync(new id wl_callback#43)
[12:06:55.189305] {Display Queue} wl_display#1.delete_id(43)
[12:06:55.205001] {mesa egl surface queue} wl_callback#43.done(7)
[12:06:55.205012] {mesa egl surface queue} wl_buffer#40.release()
[12:06:55.205699] {Default Queue}  -> xdg_toplevel#30.set_min_size(1400, 948)
[12:06:55.205705] {Default Queue}  -> xdg_toplevel#30.set_max_size(0, 0)
[12:06:55.205707] {Default Queue}  -> xdg_surface#29.set_window_geometry(45, 45, 1400, 948)
[12:06:55.205754] {mesa egl surface queue}  -> wl_surface#14.attach(wl_buffer#40, 0, 0)
[12:06:55.205756] {mesa egl surface queue}  -> wl_surface#14.damage(0, 0, 2147483647, 2147483647)
[12:06:55.205758] {mesa egl surface queue}  -> wl_surface#14.commit()
[12:06:55.205760] {mesa egl surface queue}  -> wl_display#1.sync(new id wl_callback#43)
[12:06:55.205822] {Display Queue} wl_display#1.delete_id(43)
[12:06:55.221452] {mesa egl surface queue} wl_callback#43.done(7)
[12:06:55.221465] {mesa egl surface queue} wl_buffer#44.release()
[12:06:55.222254] {Default Queue}  -> xdg_toplevel#30.set_min_size(1400, 948)
[12:06:55.222261] {Default Queue}  -> xdg_toplevel#30.set_max_size(0, 0)
[12:06:55.222264] {Default Queue}  -> xdg_surface#29.set_window_geometry(45, 45, 1400, 948)
[12:06:55.222304] {mesa egl surface queue}  -> wl_surface#14.attach(wl_buffer#44, 0, 0)
[12:06:55.222307] {mesa egl surface queue}  -> wl_surface#14.damage(0, 0, 2147483647, 2147483647)
[12:06:55.222309] {mesa egl surface queue}  -> wl_surface#14.commit()
[12:06:55.222310] {mesa egl surface queue}  -> wl_display#1.sync(new id wl_callback#43)
[12:06:55.222369] {Display Queue} wl_display#1.delete_id(43)
[12:06:55.238420] {mesa egl surface queue} wl_callback#43.done(7)
[12:06:55.238434] {mesa egl surface queue} wl_buffer#40.release()
[12:06:55.239289] {Default Queue}  -> xdg_toplevel#30.set_min_size(1400, 948)
[12:06:55.239298] {Default Queue}  -> xdg_toplevel#30.set_max_size(0, 0)
[12:06:55.239300] {Default Queue}  -> xdg_surface#29.set_window_geometry(45, 45, 1400, 948)
[12:06:55.239345] {mesa egl surface queue}  -> wl_surface#14.attach(wl_buffer#40, 0, 0)
[12:06:55.239347] {mesa egl surface queue}  -> wl_surface#14.damage(0, 0, 2147483647, 2147483647)
[12:06:55.239350] {mesa egl surface queue}  -> wl_surface#14.commit()
[12:06:55.239351] {mesa egl surface queue}  -> wl_display#1.sync(new id wl_callback#43)
[12:06:55.239411] {Display Queue} wl_display#1.delete_id(43)
[12:06:55.255192] {mesa egl surface queue} wl_callback#43.done(7)
[12:06:55.255210] {mesa egl surface queue} wl_buffer#44.release()
[12:06:55.256252] {Default Queue}  -> xdg_toplevel#30.set_min_size(1400, 948)
[12:06:55.256266] {Default Queue}  -> xdg_toplevel#30.set_max_size(0, 0)
[12:06:55.256276] {Default Queue}  -> xdg_surface#29.set_window_geometry(45, 45, 1400, 948)
[12:06:55.256328] {mesa egl surface queue}  -> wl_surface#14.attach(wl_buffer#44, 0, 0)
[12:06:55.256330] {mesa egl surface queue}  -> wl_surface#14.damage(0, 0, 2147483647, 2147483647)
[12:06:55.256332] {mesa egl surface queue}  -> wl_surface#14.commit()
[12:06:55.256334] {mesa egl surface queue}  -> wl_display#1.sync(new id wl_callback#43)
[12:06:55.256455] {Display Queue} wl_display#1.delete_id(43)
[12:06:55.271974] {mesa egl surface queue} wl_callback#43.done(7)
[12:06:55.271987] {mesa egl surface queue} wl_buffer#40.release()
[12:06:55.272759] {Default Queue}  -> xdg_toplevel#30.set_min_size(1400, 948)
[12:06:55.272766] {Default Queue}  -> xdg_toplevel#30.set_max_size(0, 0)
[12:06:55.272768] {Default Queue}  -> xdg_surface#29.set_window_geometry(45, 45, 1400, 948)
[12:06:55.272810] {mesa egl surface queue}  -> wl_surface#14.attach(wl_buffer#40, 0, 0)
[12:06:55.272813] {mesa egl surface queue}  -> wl_surface#14.damage(0, 0, 2147483647, 2147483647)
[12:06:55.272815] {mesa egl surface queue}  -> wl_surface#14.commit()
[12:06:55.272817] {mesa egl surface queue}  -> wl_display#1.sync(new id wl_callback#43)
[12:06:55.272872] {Display Queue} wl_display#1.delete_id(43)
[12:06:55.288692] {mesa egl surface queue} wl_callback#43.done(7)
[12:06:55.288705] {mesa egl surface queue} wl_buffer#44.release()
[12:06:55.289458] {Default Queue}  -> xdg_toplevel#30.set_min_size(1400, 948)
[12:06:55.289464] {Default Queue}  -> xdg_toplevel#30.set_max_size(0, 0)
[12:06:55.289467] {Default Queue}  -> xdg_surface#29.set_window_geometry(45, 45, 1400, 948)
[12:06:55.289514] {mesa egl surface queue}  -> wl_surface#14.attach(wl_buffer#44, 0, 0)
[12:06:55.289519] {mesa egl surface queue}  -> wl_surface#14.damage(0, 0, 2147483647, 2147483647)
[12:06:55.289522] {mesa egl surface queue}  -> wl_surface#14.commit()
[12:06:55.289524] {mesa egl surface queue}  -> wl_display#1.sync(new id wl_callback#43)
[12:06:55.289612] {Display Queue} wl_display#1.delete_id(43)
[12:06:55.305423] {mesa egl surface queue} wl_callback#43.done(7)
[12:06:55.305431] {mesa egl surface queue} wl_buffer#40.release()
[12:06:55.306119] {Default Queue}  -> xdg_toplevel#30.set_min_size(1400, 948)
[12:06:55.306125] {Default Queue}  -> xdg_toplevel#30.set_max_size(0, 0)
[12:06:55.306128] {Default Queue}  -> xdg_surface#29.set_window_geometry(45, 45, 1400, 948)
[12:06:55.306166] {mesa egl surface queue}  -> wl_surface#14.attach(wl_buffer#40, 0, 0)
[12:06:55.306169] {mesa egl surface queue}  -> wl_surface#14.damage(0, 0, 2147483647, 2147483647)
[12:06:55.306171] {mesa egl surface queue}  -> wl_surface#14.commit()
[12:06:55.306173] {mesa egl surface queue}  -> wl_display#1.sync(new id wl_callback#43)
[12:06:55.306225] {Display Queue} wl_display#1.delete_id(43)
[12:06:55.322010] {mesa egl surface queue} wl_callback#43.done(7)
[12:06:55.322022] {mesa egl surface queue} wl_buffer#44.release()
[12:06:55.322713] {Default Queue}  -> xdg_toplevel#30.set_min_size(1400, 948)
[12:06:55.322720] {Default Queue}  -> xdg_toplevel#30.set_max_size(0, 0)
[12:06:55.322722] {Default Queue}  -> xdg_surface#29.set_window_geometry(45, 45, 1400, 948)
[12:06:55.322762] {mesa egl surface queue}  -> wl_surface#14.attach(wl_buffer#44, 0, 0)
[12:06:55.322764] {mesa egl surface queue}  -> wl_surface#14.damage(0, 0, 2147483647, 2147483647)
[12:06:55.322767] {mesa egl surface queue}  -> wl_surface#14.commit()
[12:06:55.322768] {mesa egl surface queue}  -> wl_display#1.sync(new id wl_callback#43)
[12:06:55.322827] {Display Queue} wl_display#1.delete_id(43)
[12:06:55.338536] {mesa egl surface queue} wl_callback#43.done(7)
[12:06:55.338548] {mesa egl surface queue} wl_buffer#40.release()
[12:06:55.339372] {Default Queue}  -> xdg_toplevel#30.set_min_size(1400, 948)
[12:06:55.339378] {Default Queue}  -> xdg_toplevel#30.set_max_size(0, 0)
[12:06:55.339380] {Default Queue}  -> xdg_surface#29.set_window_geometry(45, 45, 1400, 948)
[12:06:55.339419] {mesa egl surface queue}  -> wl_surface#14.attach(wl_buffer#40, 0, 0)
[12:06:55.339427] {mesa egl surface queue}  -> wl_surface#14.damage(0, 0, 2147483647, 2147483647)
[12:06:55.339436] {mesa egl surface queue}  -> wl_surface#14.commit()
[12:06:55.339438] {mesa egl surface queue}  -> wl_display#1.sync(new id wl_callback#43)
[12:06:55.339496] {Display Queue} wl_display#1.delete_id(43)
[12:06:55.355038] {mesa egl surface queue} wl_callback#43.done(7)
[12:06:55.355056] {mesa egl surface queue} wl_buffer#44.release()
[12:06:55.356012] {Default Queue}  -> xdg_toplevel#30.set_min_size(1400, 948)
[12:06:55.356020] {Default Queue}  -> xdg_toplevel#30.set_max_size(0, 0)
[12:06:55.356022] {Default Queue}  -> xdg_surface#29.set_window_geometry(45, 45, 1400, 948)
[12:06:55.356070] {mesa egl surface queue}  -> wl_surface#14.attach(wl_buffer#44, 0, 0)
[12:06:55.356073] {mesa egl surface queue}  -> wl_surface#14.damage(0, 0, 2147483647, 2147483647)
[12:06:55.356075] {mesa egl surface queue}  -> wl_surface#14.commit()
[12:06:55.356077] {mesa egl surface queue}  -> wl_display#1.sync(new id wl_callback#43)
[12:06:55.356149] {Display Queue} wl_display#1.delete_id(43)
[12:06:55.371809] {mesa egl surface queue} wl_callback#43.done(7)
[12:06:55.371819] {mesa egl surface queue} wl_buffer#40.release()
[12:06:55.372645] {Default Queue}  -> xdg_toplevel#30.set_min_size(1400, 948)
[12:06:55.372652] {Default Queue}  -> xdg_toplevel#30.set_max_size(0, 0)
[12:06:55.372655] {Default Queue}  -> xdg_surface#29.set_window_geometry(45, 45, 1400, 948)
[12:06:55.372692] {mesa egl surface queue}  -> wl_surface#14.attach(wl_buffer#40, 0, 0)
[12:06:55.372695] {mesa egl surface queue}  -> wl_surface#14.damage(0, 0, 2147483647, 2147483647)
[12:06:55.372697] {mesa egl surface queue}  -> wl_surface#14.commit()
[12:06:55.372699] {mesa egl surface queue}  -> wl_display#1.sync(new id wl_callback#43)
[12:06:55.372802] {Display Queue} wl_display#1.delete_id(43)
[12:06:55.388406] {mesa egl surface queue} wl_callback#43.done(7)
[12:06:55.388418] {mesa egl surface queue} wl_buffer#44.release()
[12:06:55.389151] {Default Queue}  -> xdg_toplevel#30.set_min_size(1400, 948)
[12:06:55.389157] {Default Queue}  -> xdg_toplevel#30.set_max_size(0, 0)
[12:06:55.389159] {Default Queue}  -> xdg_surface#29.set_window_geometry(45, 45, 1400, 948)
[12:06:55.389246] {mesa egl surface queue}  -> wl_surface#14.attach(wl_buffer#44, 0, 0)
[12:06:55.389249] {mesa egl surface queue}  -> wl_surface#14.damage(0, 0, 2147483647, 2147483647)
[12:06:55.389251] {mesa egl surface queue}  -> wl_surface#14.commit()
[12:06:55.389253] {mesa egl surface queue}  -> wl_display#1.sync(new id wl_callback#43)
[12:06:55.389310] {Display Queue} wl_display#1.delete_id(43)
[12:06:55.405297] {mesa egl surface queue} wl_callback#43.done(7)
[12:06:55.405312] {mesa egl surface queue} wl_buffer#40.release()
[12:06:55.406122] {Default Queue}  -> xdg_toplevel#30.set_min_size(1400, 948)
[12:06:55.406130] {Default Queue}  -> xdg_toplevel#30.set_max_size(0, 0)
[12:06:55.406132] {Default Queue}  -> xdg_surface#29.set_window_geometry(45, 45, 1400, 948)
[12:06:55.406178] {mesa egl surface queue}  -> wl_surface#14.attach(wl_buffer#40, 0, 0)
[12:06:55.406181] {mesa egl surface queue}  -> wl_surface#14.damage(0, 0, 2147483647, 2147483647)
[12:06:55.406183] {mesa egl surface queue}  -> wl_surface#14.commit()
[12:06:55.406185] {mesa egl surface queue}  -> wl_display#1.sync(new id wl_callback#43)
[12:06:55.406299] {Display Queue} wl_display#1.delete_id(43)
[12:06:55.421886] {mesa egl surface queue} wl_callback#43.done(7)
[12:06:55.421903] {mesa egl surface queue} wl_buffer#44.release()
[12:06:55.423067] {Default Queue}  -> xdg_toplevel#30.set_min_size(1400, 948)
[12:06:55.423077] {Default Queue}  -> xdg_toplevel#30.set_max_size(0, 0)
[12:06:55.423079] {Default Queue}  -> xdg_surface#29.set_window_geometry(45, 45, 1400, 948)
[12:06:55.423120] {mesa egl surface queue}  -> wl_surface#14.attach(wl_buffer#44, 0, 0)
[12:06:55.423122] {mesa egl surface queue}  -> wl_surface#14.damage(0, 0, 2147483647, 2147483647)
[12:06:55.423124] {mesa egl surface queue}  -> wl_surface#14.commit()
[12:06:55.423131] {mesa egl surface queue}  -> wl_display#1.sync(new id wl_callback#43)
[12:06:55.423225] {Display Queue} wl_display#1.delete_id(43)
[12:06:55.438870] {mesa egl surface queue} wl_callback#43.done(7)
[12:06:55.438881] {mesa egl surface queue} wl_buffer#40.release()
[12:06:55.439591] {Default Queue}  -> xdg_toplevel#30.set_min_size(1400, 948)
[12:06:55.439597] {Default Queue}  -> xdg_toplevel#30.set_max_size(0, 0)
[12:06:55.439599] {Default Queue}  -> xdg_surface#29.set_window_geometry(45, 45, 1400, 948)
[12:06:55.439634] {mesa egl surface queue}  -> wl_surface#14.attach(wl_buffer#40, 0, 0)
[12:06:55.439637] {mesa egl surface queue}  -> wl_surface#14.damage(0, 0, 2147483647, 2147483647)
[12:06:55.439639] {mesa egl surface queue}  -> wl_surface#14.commit()
[12:06:55.439640] {mesa egl surface queue}  -> wl_display#1.sync(new id wl_callback#43)
[12:06:55.439696] {Display Queue} wl_display#1.delete_id(43)
[12:06:55.455476] {mesa egl surface queue} wl_callback#43.done(7)
[12:06:55.455492] {mesa egl surface queue} wl_buffer#44.release()
[12:06:55.456349] {Default Queue}  -> xdg_toplevel#30.set_min_size(1400, 948)
[12:06:55.456354] {Default Queue}  -> xdg_toplevel#30.set_max_size(0, 0)
[12:06:55.456357] {Default Queue}  -> xdg_surface#29.set_window_geometry(45, 45, 1400, 948)
[12:06:55.456408] {mesa egl surface queue}  -> wl_surface#14.attach(wl_buffer#44, 0, 0)
[12:06:55.456410] {mesa egl surface queue}  -> wl_surface#14.damage(0, 0, 2147483647, 2147483647)
[12:06:55.456412] {mesa egl surface queue}  -> wl_surface#14.commit()
[12:06:55.456418] {mesa egl surface queue}  -> wl_display#1.sync(new id wl_callback#43)
[12:06:55.456493] {Display Queue} wl_display#1.delete_id(43)
[12:06:55.472092] {mesa egl surface queue} wl_callback#43.done(7)
[12:06:55.472109] {mesa egl surface queue} wl_buffer#40.release()
[12:06:55.472834] {Default Queue}  -> xdg_toplevel#30.set_min_size(1400, 948)
[12:06:55.472840] {Default Queue}  -> xdg_toplevel#30.set_max_size(0, 0)
[12:06:55.472842] {Default Queue}  -> xdg_surface#29.set_window_geometry(45, 45, 1400, 948)
[12:06:55.472883] {mesa egl surface queue}  -> wl_surface#14.attach(wl_buffer#40, 0, 0)
[12:06:55.472886] {mesa egl surface queue}  -> wl_surface#14.damage(0, 0, 2147483647, 2147483647)
[12:06:55.472887] {mesa egl surface queue}  -> wl_surface#14.commit()
[12:06:55.472889] {mesa egl surface queue}  -> wl_display#1.sync(new id wl_callback#43)
[12:06:55.472945] {Display Queue} wl_display#1.delete_id(43)
[12:06:55.488585] {mesa egl surface queue} wl_callback#43.done(7)
[12:06:55.488601] {mesa egl surface queue} wl_buffer#44.release()
[12:06:55.489461] {Default Queue}  -> xdg_toplevel#30.set_min_size(1400, 948)
[12:06:55.489472] {Default Queue}  -> xdg_toplevel#30.set_max_size(0, 0)
[12:06:55.489475] {Default Queue}  -> xdg_surface#29.set_window_geometry(45, 45, 1400, 948)
[12:06:55.489525] {mesa egl surface queue}  -> wl_surface#14.attach(wl_buffer#44, 0, 0)
[12:06:55.489528] {mesa egl surface queue}  -> wl_surface#14.damage(0, 0, 2147483647, 2147483647)
[12:06:55.489530] {mesa egl surface queue}  -> wl_surface#14.commit()
[12:06:55.489532] {mesa egl surface queue}  -> wl_display#1.sync(new id wl_callback#43)
[12:06:55.489599] {Display Queue} wl_display#1.delete_id(43)
[12:06:55.505481] {mesa egl surface queue} wl_callback#43.done(7)
[12:06:55.505494] {mesa egl surface queue} wl_buffer#40.release()
[12:06:55.506357] {Default Queue}  -> xdg_toplevel#30.set_min_size(1400, 948)
[12:06:55.506364] {Default Queue}  -> xdg_toplevel#30.set_max_size(0, 0)
[12:06:55.506367] {Default Queue}  -> xdg_surface#29.set_window_geometry(45, 45, 1400, 948)
[12:06:55.506408] {mesa egl surface queue}  -> wl_surface#14.attach(wl_buffer#40, 0, 0)
[12:06:55.506411] {mesa egl surface queue}  -> wl_surface#14.damage(0, 0, 2147483647, 2147483647)
[12:06:55.506413] {mesa egl surface queue}  -> wl_surface#14.commit()
[12:06:55.506415] {mesa egl surface queue}  -> wl_display#1.sync(new id wl_callback#43)
[12:06:55.506472] {Display Queue} wl_display#1.delete_id(43)
[12:06:55.522120] {mesa egl surface queue} wl_callback#43.done(7)
[12:06:55.522135] {mesa egl surface queue} wl_buffer#44.release()
[12:06:55.522820] {Default Queue}  -> xdg_toplevel#30.set_min_size(1400, 948)
[12:06:55.522826] {Default Queue}  -> xdg_toplevel#30.set_max_size(0, 0)
[12:06:55.522828] {Default Queue}  -> xdg_surface#29.set_window_geometry(45, 45, 1400, 948)
[12:06:55.522865] {mesa egl surface queue}  -> wl_surface#14.attach(wl_buffer#44, 0, 0)
[12:06:55.522867] {mesa egl surface queue}  -> wl_surface#14.damage(0, 0, 2147483647, 2147483647)
[12:06:55.522869] {mesa egl surface queue}  -> wl_surface#14.commit()
[12:06:55.522871] {mesa egl surface queue}  -> wl_display#1.sync(new id wl_callback#43)
[12:06:55.522925] {Display Queue} wl_display#1.delete_id(43)
[12:06:55.538578] {mesa egl surface queue} wl_callback#43.done(7)
[12:06:55.538589] {mesa egl surface queue} wl_buffer#40.release()
[12:06:55.539265] {Default Queue}  -> xdg_toplevel#30.set_min_size(1400, 948)
[12:06:55.539271] {Default Queue}  -> xdg_toplevel#30.set_max_size(0, 0)
[12:06:55.539273] {Default Queue}  -> xdg_surface#29.set_window_geometry(45, 45, 1400, 948)
[12:06:55.539310] {mesa egl surface queue}  -> wl_surface#14.attach(wl_buffer#40, 0, 0)
[12:06:55.539313] {mesa egl surface queue}  -> wl_surface#14.damage(0, 0, 2147483647, 2147483647)
[12:06:55.539315] {mesa egl surface queue}  -> wl_surface#14.commit()
[12:06:55.539317] {mesa egl surface queue}  -> wl_display#1.sync(new id wl_callback#43)
[12:06:55.539378] {Display Queue} wl_display#1.delete_id(43)
[12:06:55.554960] {mesa egl surface queue} wl_callback#43.done(7)
[12:06:55.554977] {mesa egl surface queue} wl_buffer#44.release()
[12:06:55.555794] {Default Queue}  -> xdg_toplevel#30.set_min_size(1400, 948)
[12:06:55.555801] {Default Queue}  -> xdg_toplevel#30.set_max_size(0, 0)
[12:06:55.555803] {Default Queue}  -> xdg_surface#29.set_window_geometry(45, 45, 1400, 948)
[12:06:55.555850] {mesa egl surface queue}  -> wl_surface#14.attach(wl_buffer#44, 0, 0)
[12:06:55.555853] {mesa egl surface queue}  -> wl_surface#14.damage(0, 0, 2147483647, 2147483647)
[12:06:55.555855] {mesa egl surface queue}  -> wl_surface#14.commit()
[12:06:55.555857] {mesa egl surface queue}  -> wl_display#1.sync(new id wl_callback#43)
[12:06:55.555928] {Display Queue} wl_display#1.delete_id(43)
[12:06:55.571718] {mesa egl surface queue} wl_callback#43.done(7)
[12:06:55.571729] {mesa egl surface queue} wl_buffer#40.release()
[12:06:55.572437] {Default Queue}  -> xdg_toplevel#30.set_min_size(1400, 948)
[12:06:55.572443] {Default Queue}  -> xdg_toplevel#30.set_max_size(0, 0)
[12:06:55.572445] {Default Queue}  -> xdg_surface#29.set_window_geometry(45, 45, 1400, 948)
[12:06:55.572486] {mesa egl surface queue}  -> wl_surface#14.attach(wl_buffer#40, 0, 0)
[12:06:55.572488] {mesa egl surface queue}  -> wl_surface#14.damage(0, 0, 2147483647, 2147483647)
[12:06:55.572490] {mesa egl surface queue}  -> wl_surface#14.commit()
[12:06:55.572492] {mesa egl surface queue}  -> wl_display#1.sync(new id wl_callback#43)
[12:06:55.572551] {Display Queue} wl_display#1.delete_id(43)
[12:06:55.588189] {mesa egl surface queue} wl_callback#43.done(7)
[12:06:55.588200] {mesa egl surface queue} wl_buffer#44.release()
[12:06:55.588880] {Default Queue}  -> xdg_toplevel#30.set_min_size(1400, 948)
[12:06:55.588886] {Default Queue}  -> xdg_toplevel#30.set_max_size(0, 0)
[12:06:55.588888] {Default Queue}  -> xdg_surface#29.set_window_geometry(45, 45, 1400, 948)
[12:06:55.588927] {mesa egl surface queue}  -> wl_surface#14.attach(wl_buffer#44, 0, 0)
[12:06:55.588930] {mesa egl surface queue}  -> wl_surface#14.damage(0, 0, 2147483647, 2147483647)
[12:06:55.588932] {mesa egl surface queue}  -> wl_surface#14.commit()
[12:06:55.588934] {mesa egl surface queue}  -> wl_display#1.sync(new id wl_callback#43)
[12:06:55.588992] {Display Queue} wl_display#1.delete_id(43)
[12:06:55.604931] {mesa egl surface queue} wl_callback#43.done(7)
[12:06:55.604945] {mesa egl surface queue} wl_buffer#40.release()
[12:06:55.605628] {Default Queue}  -> xdg_toplevel#30.set_min_size(1400, 948)
[12:06:55.605634] {Default Queue}  -> xdg_toplevel#30.set_max_size(0, 0)
[12:06:55.605642] {Default Queue}  -> xdg_surface#29.set_window_geometry(45, 45, 1400, 948)
[12:06:55.605687] {mesa egl surface queue}  -> wl_surface#14.attach(wl_buffer#40, 0, 0)
[12:06:55.605690] {mesa egl surface queue}  -> wl_surface#14.damage(0, 0, 2147483647, 2147483647)
[12:06:55.605692] {mesa egl surface queue}  -> wl_surface#14.commit()
[12:06:55.605694] {mesa egl surface queue}  -> wl_display#1.sync(new id wl_callback#43)
[12:06:55.605758] {Display Queue} wl_display#1.delete_id(43)
[12:06:55.621445] {mesa egl surface queue} wl_callback#43.done(7)
[12:06:55.621461] {mesa egl surface queue} wl_buffer#44.release()
[12:06:55.622254] {Default Queue}  -> xdg_toplevel#30.set_min_size(1400, 948)
[12:06:55.622261] {Default Queue}  -> xdg_toplevel#30.set_max_size(0, 0)
[12:06:55.622264] {Default Queue}  -> xdg_surface#29.set_window_geometry(45, 45, 1400, 948)
[12:06:55.622307] {mesa egl surface queue}  -> wl_surface#14.attach(wl_buffer#44, 0, 0)
[12:06:55.622310] {mesa egl surface queue}  -> wl_surface#14.damage(0, 0, 2147483647, 2147483647)
[12:06:55.622312] {mesa egl surface queue}  -> wl_surface#14.commit()
[12:06:55.622314] {mesa egl surface queue}  -> wl_display#1.sync(new id wl_callback#43)
[12:06:55.622377] {Display Queue} wl_display#1.delete_id(43)
[12:06:55.637967] {mesa egl surface queue} wl_callback#43.done(7)
[12:06:55.637977] {mesa egl surface queue} wl_buffer#40.release()
[12:06:55.638655] {Default Queue}  -> xdg_toplevel#30.set_min_size(1400, 948)
[12:06:55.638661] {Default Queue}  -> xdg_toplevel#30.set_max_size(0, 0)
[12:06:55.638663] {Default Queue}  -> xdg_surface#29.set_window_geometry(45, 45, 1400, 948)
[12:06:55.638706] {mesa egl surface queue}  -> wl_surface#14.attach(wl_buffer#40, 0, 0)
[12:06:55.638708] {mesa egl surface queue}  -> wl_surface#14.damage(0, 0, 2147483647, 2147483647)
[12:06:55.638710] {mesa egl surface queue}  -> wl_surface#14.commit()
[12:06:55.638712] {mesa egl surface queue}  -> wl_display#1.sync(new id wl_callback#43)
[12:06:55.638785] {Display Queue} wl_display#1.delete_id(43)
[12:06:55.654650] {mesa egl surface queue} wl_callback#43.done(7)
[12:06:55.654667] {mesa egl surface queue} wl_buffer#44.release()
[12:06:55.655562] {Default Queue}  -> xdg_toplevel#30.set_min_size(1400, 948)
[12:06:55.655569] {Default Queue}  -> xdg_toplevel#30.set_max_size(0, 0)
[12:06:55.655571] {Default Queue}  -> xdg_surface#29.set_window_geometry(45, 45, 1400, 948)
[12:06:55.655613] {mesa egl surface queue}  -> wl_surface#14.attach(wl_buffer#44, 0, 0)
[12:06:55.655616] {mesa egl surface queue}  -> wl_surface#14.damage(0, 0, 2147483647, 2147483647)
[12:06:55.655618] {mesa egl surface queue}  -> wl_surface#14.commit()
[12:06:55.655620] {mesa egl surface queue}  -> wl_display#1.sync(new id wl_callback#43)
[12:06:55.655687] {Display Queue} wl_display#1.delete_id(43)
[12:06:55.671409] {mesa egl surface queue} wl_callback#43.done(7)
[12:06:55.671419] {mesa egl surface queue} wl_buffer#40.release()
[12:06:55.672141] {Default Queue}  -> xdg_toplevel#30.set_min_size(1400, 948)
[12:06:55.672148] {Default Queue}  -> xdg_toplevel#30.set_max_size(0, 0)
[12:06:55.672150] {Default Queue}  -> xdg_surface#29.set_window_geometry(45, 45, 1400, 948)
[12:06:55.672190] {mesa egl surface queue}  -> wl_surface#14.attach(wl_buffer#40, 0, 0)
[12:06:55.672192] {mesa egl surface queue}  -> wl_surface#14.damage(0, 0, 2147483647, 2147483647)
[12:06:55.672194] {mesa egl surface queue}  -> wl_surface#14.commit()
[12:06:55.672196] {mesa egl surface queue}  -> wl_display#1.sync(new id wl_callback#43)
[12:06:55.672261] {Display Queue} wl_display#1.delete_id(43)
[12:06:55.687922] {mesa egl surface queue} wl_callback#43.done(7)
[12:06:55.687933] {mesa egl surface queue} wl_buffer#44.release()
[12:06:55.688632] {Default Queue}  -> xdg_toplevel#30.set_min_size(1400, 948)
[12:06:55.688637] {Default Queue}  -> xdg_toplevel#30.set_max_size(0, 0)
[12:06:55.688640] {Default Queue}  -> xdg_surface#29.set_window_geometry(45, 45, 1400, 948)
[12:06:55.688678] {mesa egl surface queue}  -> wl_surface#14.attach(wl_buffer#44, 0, 0)
[12:06:55.688686] {mesa egl surface queue}  -> wl_surface#14.damage(0, 0, 2147483647, 2147483647)
[12:06:55.688695] {mesa egl surface queue}  -> wl_surface#14.commit()
[12:06:55.688697] {mesa egl surface queue}  -> wl_display#1.sync(new id wl_callback#43)
[12:06:55.688756] {Display Queue} wl_display#1.delete_id(43)
[12:06:55.705433] {mesa egl surface queue} wl_callback#43.done(7)
[12:06:55.705443] {mesa egl surface queue} wl_buffer#40.release()
[12:06:55.706159] {Default Queue}  -> xdg_toplevel#30.set_min_size(1400, 948)
[12:06:55.706165] {Default Queue}  -> xdg_toplevel#30.set_max_size(0, 0)
[12:06:55.706167] {Default Queue}  -> xdg_surface#29.set_window_geometry(45, 45, 1400, 948)
[12:06:55.706204] {mesa egl surface queue}  -> wl_surface#14.attach(wl_buffer#40, 0, 0)
[12:06:55.706207] {mesa egl surface queue}  -> wl_surface#14.damage(0, 0, 2147483647, 2147483647)
[12:06:55.706209] {mesa egl surface queue}  -> wl_surface#14.commit()
[12:06:55.706211] {mesa egl surface queue}  -> wl_display#1.sync(new id wl_callback#43)
[12:06:55.706263] {Display Queue} wl_display#1.delete_id(43)
[12:06:55.721904] {mesa egl surface queue} wl_callback#43.done(7)
[12:06:55.721918] {mesa egl surface queue} wl_buffer#44.release()
[12:06:55.722662] {Default Queue}  -> xdg_toplevel#30.set_min_size(1400, 948)
[12:06:55.722669] {Default Queue}  -> xdg_toplevel#30.set_max_size(0, 0)
[12:06:55.722671] {Default Queue}  -> xdg_surface#29.set_window_geometry(45, 45, 1400, 948)
[12:06:55.722712] {mesa egl surface queue}  -> wl_surface#14.attach(wl_buffer#44, 0, 0)
[12:06:55.722715] {mesa egl surface queue}  -> wl_surface#14.damage(0, 0, 2147483647, 2147483647)
[12:06:55.722717] {mesa egl surface queue}  -> wl_surface#14.commit()
[12:06:55.722719] {mesa egl surface queue}  -> wl_display#1.sync(new id wl_callback#43)
[12:06:55.722787] {Display Queue} wl_display#1.delete_id(43)
[12:06:55.738329] {mesa egl surface queue} wl_callback#43.done(7)
[12:06:55.738344] {mesa egl surface queue} wl_buffer#40.release()
[12:06:55.739044] {Default Queue}  -> xdg_toplevel#30.set_min_size(1400, 948)
[12:06:55.739050] {Default Queue}  -> xdg_toplevel#30.set_max_size(0, 0)
[12:06:55.739052] {Default Queue}  -> xdg_surface#29.set_window_geometry(45, 45, 1400, 948)
[12:06:55.739095] {mesa egl surface queue}  -> wl_surface#14.attach(wl_buffer#40, 0, 0)
[12:06:55.739098] {mesa egl surface queue}  -> wl_surface#14.damage(0, 0, 2147483647, 2147483647)
[12:06:55.739100] {mesa egl surface queue}  -> wl_surface#14.commit()
[12:06:55.739101] {mesa egl surface queue}  -> wl_display#1.sync(new id wl_callback#43)
[12:06:55.739164] {Display Queue} wl_display#1.delete_id(43)
[12:06:55.789302] {mesa egl surface queue} wl_callback#43.done(7)
[12:06:55.789320] {mesa egl surface queue} wl_buffer#44.release()
[12:06:55.790158] {Default Queue}  -> xdg_toplevel#30.set_min_size(1400, 948)
[12:06:55.790165] {Default Queue}  -> xdg_toplevel#30.set_max_size(0, 0)
[12:06:55.790167] {Default Queue}  -> xdg_surface#29.set_window_geometry(45, 45, 1400, 948)
[12:06:55.790212] {mesa egl surface queue}  -> wl_surface#14.attach(wl_buffer#44, 0, 0)
[12:06:55.790215] {mesa egl surface queue}  -> wl_surface#14.damage(0, 0, 2147483647, 2147483647)
[12:06:55.790217] {mesa egl surface queue}  -> wl_surface#14.commit()
[12:06:55.790219] {mesa egl surface queue}  -> wl_display#1.sync(new id wl_callback#43)
[12:06:55.790299] {Display Queue} wl_display#1.delete_id(43)
[12:06:55.885795] {mesa egl surface queue} wl_callback#43.done(7)
[12:06:55.885811] {mesa egl surface queue} wl_buffer#40.release()
[12:06:55.886601] {Default Queue}  -> xdg_toplevel#30.set_min_size(1400, 948)
[12:06:55.886609] {Default Queue}  -> xdg_toplevel#30.set_max_size(0, 0)
[12:06:55.886611] {Default Queue}  -> xdg_surface#29.set_window_geometry(45, 45, 1400, 948)
[12:06:55.886655] {mesa egl surface queue}  -> wl_surface#14.attach(wl_buffer#40, 0, 0)
[12:06:55.886658] {mesa egl surface queue}  -> wl_surface#14.damage(0, 0, 2147483647, 2147483647)
[12:06:55.886660] {mesa egl surface queue}  -> wl_surface#14.commit()
[12:06:55.886667] {mesa egl surface queue}  -> wl_display#1.sync(new id wl_callback#43)
[12:06:55.886759] {Display Queue} wl_display#1.delete_id(43)
[12:06:55.982339] {mesa egl surface queue} wl_callback#43.done(7)
[12:06:55.982356] {mesa egl surface queue} wl_buffer#44.release()
[12:06:55.983174] {Default Queue}  -> xdg_toplevel#30.set_min_size(1400, 948)
[12:06:55.983181] {Default Queue}  -> xdg_toplevel#30.set_max_size(0, 0)
[12:06:55.983183] {Default Queue}  -> xdg_surface#29.set_window_geometry(45, 45, 1400, 948)
[12:06:55.983236] {mesa egl surface queue}  -> wl_surface#14.attach(wl_buffer#44, 0, 0)
[12:06:55.983239] {mesa egl surface queue}  -> wl_surface#14.damage(0, 0, 2147483647, 2147483647)
[12:06:55.983241] {mesa egl surface queue}  -> wl_surface#14.commit()
[12:06:55.983242] {mesa egl surface queue}  -> wl_display#1.sync(new id wl_callback#43)
[12:06:55.983314] {Display Queue} wl_display#1.delete_id(43)
[12:06:56.005194] {mesa egl surface queue} wl_callback#43.done(7)
[12:06:56.005206] {mesa egl surface queue} wl_buffer#40.release()
[12:06:56.005970] {Default Queue}  -> xdg_toplevel#30.set_min_size(1400, 948)
[12:06:56.005976] {Default Queue}  -> xdg_toplevel#30.set_max_size(0, 0)
[12:06:56.005978] {Default Queue}  -> xdg_surface#29.set_window_geometry(45, 45, 1400, 948)
[12:06:56.006017] {mesa egl surface queue}  -> wl_surface#14.attach(wl_buffer#40, 0, 0)
[12:06:56.006019] {mesa egl surface queue}  -> wl_surface#14.damage(0, 0, 2147483647, 2147483647)
[12:06:56.006021] {mesa egl surface queue}  -> wl_surface#14.commit()
[12:06:56.006023] {mesa egl surface queue}  -> wl_display#1.sync(new id wl_callback#43)
[12:06:56.006088] {Display Queue} wl_display#1.delete_id(43)
[12:06:56.094902] {mesa egl surface queue} wl_callback#43.done(7)
[12:06:56.094918] {mesa egl surface queue} wl_buffer#44.release()
[12:06:56.095721] {Default Queue}  -> xdg_toplevel#30.set_min_size(1400, 948)
[12:06:56.095728] {Default Queue}  -> xdg_toplevel#30.set_max_size(0, 0)
[12:06:56.095730] {Default Queue}  -> xdg_surface#29.set_window_geometry(45, 45, 1400, 948)
[12:06:56.095788] {mesa egl surface queue}  -> wl_surface#14.attach(wl_buffer#44, 0, 0)
[12:06:56.095793] {mesa egl surface queue}  -> wl_surface#14.damage(0, 0, 2147483647, 2147483647)
[12:06:56.095795] {mesa egl surface queue}  -> wl_surface#14.commit()
[12:06:56.095797] {mesa egl surface queue}  -> wl_display#1.sync(new id wl_callback#43)
[12:06:56.095891] {Display Queue} wl_display#1.delete_id(43)
[12:06:56.207871] {mesa egl surface queue} wl_callback#43.done(7)
[12:06:56.207889] {mesa egl surface queue} wl_buffer#40.release()
[12:06:56.208689] {Default Queue}  -> xdg_toplevel#30.set_min_size(1400, 948)
[12:06:56.208696] {Default Queue}  -> xdg_toplevel#30.set_max_size(0, 0)
[12:06:56.208698] {Default Queue}  -> xdg_surface#29.set_window_geometry(45, 45, 1400, 948)
[12:06:56.208753] {mesa egl surface queue}  -> wl_surface#14.attach(wl_buffer#40, 0, 0)
[12:06:56.208755] {mesa egl surface queue}  -> wl_surface#14.damage(0, 0, 2147483647, 2147483647)
[12:06:56.208757] {mesa egl surface queue}  -> wl_surface#14.commit()
[12:06:56.208759] {mesa egl surface queue}  -> wl_display#1.sync(new id wl_callback#43)
[12:06:56.208844] {Display Queue} wl_display#1.delete_id(43)
[12:06:56.240401] {mesa egl surface queue} wl_callback#43.done(7)
[12:06:56.240416] {mesa egl surface queue} wl_buffer#44.release()
[12:06:56.241225] {Default Queue}  -> xdg_toplevel#30.set_min_size(1400, 948)
[12:06:56.241233] {Default Queue}  -> xdg_toplevel#30.set_max_size(0, 0)
[12:06:56.241235] {Default Queue}  -> xdg_surface#29.set_window_geometry(45, 45, 1400, 948)
[12:06:56.241276] {mesa egl surface queue}  -> wl_surface#14.attach(wl_buffer#44, 0, 0)
[12:06:56.241279] {mesa egl surface queue}  -> wl_surface#14.damage(0, 0, 2147483647, 2147483647)
[12:06:56.241281] {mesa egl surface queue}  -> wl_surface#14.commit()
[12:06:56.241283] {mesa egl surface queue}  -> wl_display#1.sync(new id wl_callback#43)
[12:06:56.241356] {Display Queue} wl_display#1.delete_id(43)
[12:06:56.305269] {mesa egl surface queue} wl_callback#43.done(7)
[12:06:56.305295] {mesa egl surface queue} wl_buffer#40.release()
[12:06:56.306165] {Default Queue}  -> xdg_toplevel#30.set_min_size(1400, 948)
[12:06:56.306172] {Default Queue}  -> xdg_toplevel#30.set_max_size(0, 0)
[12:06:56.306174] {Default Queue}  -> xdg_surface#29.set_window_geometry(45, 45, 1400, 948)
[12:06:56.306220] {mesa egl surface queue}  -> wl_surface#14.attach(wl_buffer#40, 0, 0)
[12:06:56.306224] {mesa egl surface queue}  -> wl_surface#14.damage(0, 0, 2147483647, 2147483647)
[12:06:56.306227] {mesa egl surface queue}  -> wl_surface#14.commit()
[12:06:56.306229] {mesa egl surface queue}  -> wl_display#1.sync(new id wl_callback#43)
[12:06:56.306304] {Display Queue} wl_display#1.delete_id(43)
[12:06:56.417834] {mesa egl surface queue} wl_callback#43.done(7)
[12:06:56.417851] {mesa egl surface queue} wl_buffer#44.release()
[12:06:56.418650] {Default Queue}  -> xdg_toplevel#30.set_min_size(1400, 948)
[12:06:56.418657] {Default Queue}  -> xdg_toplevel#30.set_max_size(0, 0)
[12:06:56.418660] {Default Queue}  -> xdg_surface#29.set_window_geometry(45, 45, 1400, 948)
[12:06:56.418705] {mesa egl surface queue}  -> wl_surface#14.attach(wl_buffer#44, 0, 0)
[12:06:56.418708] {mesa egl surface queue}  -> wl_surface#14.damage(0, 0, 2147483647, 2147483647)
[12:06:56.418710] {mesa egl surface queue}  -> wl_surface#14.commit()
[12:06:56.418712] {mesa egl surface queue}  -> wl_display#1.sync(new id wl_callback#43)
[12:06:56.418819] {Display Queue} wl_display#1.delete_id(43)
[12:06:56.482637] {mesa egl surface queue} wl_callback#43.done(7)
[12:06:56.482649] {mesa egl surface queue} wl_buffer#40.release()
[12:06:56.483625] {Default Queue}  -> xdg_toplevel#30.set_min_size(1400, 948)
[12:06:56.483634] {Default Queue}  -> xdg_toplevel#30.set_max_size(0, 0)
[12:06:56.483636] {Default Queue}  -> xdg_surface#29.set_window_geometry(45, 45, 1400, 948)
[12:06:56.483683] {mesa egl surface queue}  -> wl_surface#14.attach(wl_buffer#40, 0, 0)
[12:06:56.483685] {mesa egl surface queue}  -> wl_surface#14.damage(0, 0, 2147483647, 2147483647)
[12:06:56.483687] {mesa egl surface queue}  -> wl_surface#14.commit()
[12:06:56.483689] {mesa egl surface queue}  -> wl_display#1.sync(new id wl_callback#43)
[12:06:56.483809] {Display Queue} wl_display#1.delete_id(43)
[12:06:56.514643] {mesa egl surface queue} wl_callback#43.done(7)
[12:06:56.514659] {mesa egl surface queue} wl_buffer#44.release()
[12:06:56.515491] {Default Queue}  -> xdg_toplevel#30.set_min_size(1400, 948)
[12:06:56.515499] {Default Queue}  -> xdg_toplevel#30.set_max_size(0, 0)
[12:06:56.515501] {Default Queue}  -> xdg_surface#29.set_window_geometry(45, 45, 1400, 948)
[12:06:56.515542] {mesa egl surface queue}  -> wl_surface#14.attach(wl_buffer#44, 0, 0)
[12:06:56.515545] {mesa egl surface queue}  -> wl_surface#14.damage(0, 0, 2147483647, 2147483647)
[12:06:56.515547] {mesa egl surface queue}  -> wl_surface#14.commit()
[12:06:56.515549] {mesa egl surface queue}  -> wl_display#1.sync(new id wl_callback#43)
[12:06:56.515654] {Display Queue} wl_display#1.delete_id(43)
[12:06:56.627332] {mesa egl surface queue} wl_callback#43.done(7)
[12:06:56.627351] {mesa egl surface queue} wl_buffer#40.release()
[12:06:56.628177] {Default Queue}  -> xdg_toplevel#30.set_min_size(1400, 948)
[12:06:56.628189] {Default Queue}  -> xdg_toplevel#30.set_max_size(0, 0)
[12:06:56.628192] {Default Queue}  -> xdg_surface#29.set_window_geometry(45, 45, 1400, 948)
[12:06:56.628234] {mesa egl surface queue}  -> wl_surface#14.attach(wl_buffer#40, 0, 0)
[12:06:56.628237] {mesa egl surface queue}  -> wl_surface#14.damage(0, 0, 2147483647, 2147483647)
[12:06:56.628239] {mesa egl surface queue}  -> wl_surface#14.commit()
[12:06:56.628241] {mesa egl surface queue}  -> wl_display#1.sync(new id wl_callback#43)
[12:06:56.628366] {Display Queue} wl_display#1.delete_id(43)
[12:06:56.723809] {mesa egl surface queue} wl_callback#43.done(7)
[12:06:56.723828] {mesa egl surface queue} wl_buffer#44.release()
[12:06:56.724662] {Default Queue}  -> xdg_toplevel#30.set_min_size(1400, 948)
[12:06:56.724670] {Default Queue}  -> xdg_toplevel#30.set_max_size(0, 0)
[12:06:56.724678] {Default Queue}  -> xdg_surface#29.set_window_geometry(45, 45, 1400, 948)
[12:06:56.724729] {mesa egl surface queue}  -> wl_surface#14.attach(wl_buffer#44, 0, 0)
[12:06:56.724732] {mesa egl surface queue}  -> wl_surface#14.damage(0, 0, 2147483647, 2147483647)
[12:06:56.724734] {mesa egl surface queue}  -> wl_surface#14.commit()
[12:06:56.724736] {mesa egl surface queue}  -> wl_display#1.sync(new id wl_callback#43)
[12:06:56.724836] {Display Queue} wl_display#1.delete_id(43)
[12:06:56.740289] {mesa egl surface queue} wl_callback#43.done(7)
[12:06:56.740304] {mesa egl surface queue} wl_buffer#40.release()
[12:06:56.741194] {Default Queue}  -> xdg_toplevel#30.set_min_size(1400, 948)
[12:06:56.741205] {Default Queue}  -> xdg_toplevel#30.set_max_size(0, 0)
[12:06:56.741208] {Default Queue}  -> xdg_surface#29.set_window_geometry(45, 45, 1400, 948)
[12:06:56.741254] {mesa egl surface queue}  -> wl_surface#14.attach(wl_buffer#40, 0, 0)
[12:06:56.741256] {mesa egl surface queue}  -> wl_surface#14.damage(0, 0, 2147483647, 2147483647)
[12:06:56.741258] {mesa egl surface queue}  -> wl_surface#14.commit()
[12:06:56.741260] {mesa egl surface queue}  -> wl_display#1.sync(new id wl_callback#43)
[12:06:56.741346] {Display Queue} wl_display#1.delete_id(43)
[12:06:56.836609] {mesa egl surface queue} wl_callback#43.done(7)
[12:06:56.836628] {mesa egl surface queue} wl_buffer#44.release()
[12:06:56.837435] {Default Queue}  -> xdg_toplevel#30.set_min_size(1400, 948)
[12:06:56.837442] {Default Queue}  -> xdg_toplevel#30.set_max_size(0, 0)
[12:06:56.837444] {Default Queue}  -> xdg_surface#29.set_window_geometry(45, 45, 1400, 948)
[12:06:56.837487] {mesa egl surface queue}  -> wl_surface#14.attach(wl_buffer#44, 0, 0)
[12:06:56.837490] {mesa egl surface queue}  -> wl_surface#14.damage(0, 0, 2147483647, 2147483647)
[12:06:56.837492] {mesa egl surface queue}  -> wl_surface#14.commit()
[12:06:56.837494] {mesa egl surface queue}  -> wl_display#1.sync(new id wl_callback#43)
[12:06:56.837576] {Display Queue} wl_display#1.delete_id(43)
[12:06:56.933311] {mesa egl surface queue} wl_callback#43.done(7)
[12:06:56.933330] {mesa egl surface queue} wl_buffer#40.release()
[12:06:56.934144] {Default Queue}  -> xdg_toplevel#30.set_min_size(1400, 948)
[12:06:56.934152] {Default Queue}  -> xdg_toplevel#30.set_max_size(0, 0)
[12:06:56.934154] {Default Queue}  -> xdg_surface#29.set_window_geometry(45, 45, 1400, 948)
[12:06:56.934199] {mesa egl surface queue}  -> wl_surface#14.attach(wl_buffer#40, 0, 0)
[12:06:56.934201] {mesa egl surface queue}  -> wl_surface#14.damage(0, 0, 2147483647, 2147483647)
[12:06:56.934203] {mesa egl surface queue}  -> wl_surface#14.commit()
[12:06:56.934205] {mesa egl surface queue}  -> wl_display#1.sync(new id wl_callback#43)
[12:06:56.934293] {Display Queue} wl_display#1.delete_id(43)
[12:06:56.997885] {mesa egl surface queue} wl_callback#43.done(7)
[12:06:56.997901] {mesa egl surface queue} wl_buffer#44.release()
[12:06:56.998730] {Default Queue}  -> xdg_toplevel#30.set_min_size(1400, 948)
[12:06:56.998738] {Default Queue}  -> xdg_toplevel#30.set_max_size(0, 0)
[12:06:56.998745] {Default Queue}  -> xdg_surface#29.set_window_geometry(45, 45, 1400, 948)
[12:06:56.998797] {mesa egl surface queue}  -> wl_surface#14.attach(wl_buffer#44, 0, 0)
[12:06:56.998800] {mesa egl surface queue}  -> wl_surface#14.damage(0, 0, 2147483647, 2147483647)
[12:06:56.998802] {mesa egl surface queue}  -> wl_surface#14.commit()
[12:06:56.998804] {mesa egl surface queue}  -> wl_display#1.sync(new id wl_callback#43)
[12:06:56.998891] {Display Queue} wl_display#1.delete_id(43)
[12:06:57.029521] {mesa egl surface queue} wl_callback#43.done(7)
[12:06:57.029534] {mesa egl surface queue} wl_buffer#40.release()
[12:06:57.030311] {Default Queue}  -> xdg_toplevel#30.set_min_size(1400, 948)
[12:06:57.030318] {Default Queue}  -> xdg_toplevel#30.set_max_size(0, 0)
[12:06:57.030320] {Default Queue}  -> xdg_surface#29.set_window_geometry(45, 45, 1400, 948)
[12:06:57.030358] {mesa egl surface queue}  -> wl_surface#14.attach(wl_buffer#40, 0, 0)
[12:06:57.030366] {mesa egl surface queue}  -> wl_surface#14.damage(0, 0, 2147483647, 2147483647)
[12:06:57.030375] {mesa egl surface queue}  -> wl_surface#14.commit()
[12:06:57.030377] {mesa egl surface queue}  -> wl_display#1.sync(new id wl_callback#43)
[12:06:57.030452] {Display Queue} wl_display#1.delete_id(43)
[12:06:57.141883] {mesa egl surface queue} wl_callback#43.done(7)
[12:06:57.141904] {mesa egl surface queue} wl_buffer#44.release()
[12:06:57.143058] {Default Queue}  -> xdg_toplevel#30.set_min_size(1400, 948)
[12:06:57.143069] {Default Queue}  -> xdg_toplevel#30.set_max_size(0, 0)
[12:06:57.143071] {Default Queue}  -> xdg_surface#29.set_window_geometry(45, 45, 1400, 948)
[12:06:57.143114] {mesa egl surface queue}  -> wl_surface#14.attach(wl_buffer#44, 0, 0)
[12:06:57.143117] {mesa egl surface queue}  -> wl_surface#14.damage(0, 0, 2147483647, 2147483647)
[12:06:57.143119] {mesa egl surface queue}  -> wl_surface#14.commit()
[12:06:57.143121] {mesa egl surface queue}  -> wl_display#1.sync(new id wl_callback#43)
[12:06:57.143213] {Display Queue} wl_display#1.delete_id(43)
[12:06:57.239170] {mesa egl surface queue} wl_callback#43.done(7)
[12:06:57.239187] {mesa egl surface queue} wl_buffer#40.release()
[12:06:57.240021] {Default Queue}  -> xdg_toplevel#30.set_min_size(1400, 948)
[12:06:57.240029] {Default Queue}  -> xdg_toplevel#30.set_max_size(0, 0)
[12:06:57.240031] {Default Queue}  -> xdg_surface#29.set_window_geometry(45, 45, 1400, 948)
[12:06:57.240077] {mesa egl surface queue}  -> wl_surface#14.attach(wl_buffer#40, 0, 0)
[12:06:57.240080] {mesa egl surface queue}  -> wl_surface#14.damage(0, 0, 2147483647, 2147483647)
[12:06:57.240082] {mesa egl surface queue}  -> wl_surface#14.commit()
[12:06:57.240083] {mesa egl surface queue}  -> wl_display#1.sync(new id wl_callback#43)
[12:06:57.240180] {Display Queue} wl_display#1.delete_id(43)
[12:06:57.350998] {mesa egl surface queue} wl_callback#43.done(7)
[12:06:57.351015] {mesa egl surface queue} wl_buffer#44.release()
[12:06:57.351903] {Default Queue}  -> xdg_toplevel#30.set_min_size(1400, 948)
[12:06:57.351911] {Default Queue}  -> xdg_toplevel#30.set_max_size(0, 0)
[12:06:57.351913] {Default Queue}  -> xdg_surface#29.set_window_geometry(45, 45, 1400, 948)
[12:06:57.351955] {mesa egl surface queue}  -> wl_surface#14.attach(wl_buffer#44, 0, 0)
[12:06:57.351957] {mesa egl surface queue}  -> wl_surface#14.damage(0, 0, 2147483647, 2147483647)
[12:06:57.351959] {mesa egl surface queue}  -> wl_surface#14.commit()
[12:06:57.351961] {mesa egl surface queue}  -> wl_display#1.sync(new id wl_callback#43)
[12:06:57.352052] {Display Queue} wl_display#1.delete_id(43)
[12:06:57.447482] {mesa egl surface queue} wl_callback#43.done(7)
[12:06:57.447500] {mesa egl surface queue} wl_buffer#40.release()
[12:06:57.448360] {Default Queue}  -> xdg_toplevel#30.set_min_size(1400, 948)
[12:06:57.448369] {Default Queue}  -> xdg_toplevel#30.set_max_size(0, 0)
[12:06:57.448371] {Default Queue}  -> xdg_surface#29.set_window_geometry(45, 45, 1400, 948)
[12:06:57.448419] {mesa egl surface queue}  -> wl_surface#14.attach(wl_buffer#40, 0, 0)
[12:06:57.448422] {mesa egl surface queue}  -> wl_surface#14.damage(0, 0, 2147483647, 2147483647)
[12:06:57.448424] {mesa egl surface queue}  -> wl_surface#14.commit()
[12:06:57.448426] {mesa egl surface queue}  -> wl_display#1.sync(new id wl_callback#43)
[12:06:57.448520] {Display Queue} wl_display#1.delete_id(43)
[12:06:57.495851] {mesa egl surface queue} wl_callback#43.done(7)
[12:06:57.495866] {mesa egl surface queue} wl_buffer#44.release()
[12:06:57.496712] {Default Queue}  -> xdg_toplevel#30.set_min_size(1400, 948)
[12:06:57.496720] {Default Queue}  -> xdg_toplevel#30.set_max_size(0, 0)
[12:06:57.496722] {Default Queue}  -> xdg_surface#29.set_window_geometry(45, 45, 1400, 948)
[12:06:57.496774] {mesa egl surface queue}  -> wl_surface#14.attach(wl_buffer#44, 0, 0)
[12:06:57.496777] {mesa egl surface queue}  -> wl_surface#14.damage(0, 0, 2147483647, 2147483647)
[12:06:57.496779] {mesa egl surface queue}  -> wl_surface#14.commit()
[12:06:57.496781] {mesa egl surface queue}  -> wl_display#1.sync(new id wl_callback#43)
[12:06:57.496873] {Display Queue} wl_display#1.delete_id(43)
[12:06:57.559706] {mesa egl surface queue} wl_callback#43.done(7)
[12:06:57.559725] {mesa egl surface queue} wl_buffer#40.release()
[12:06:57.560542] {Default Queue}  -> xdg_toplevel#30.set_min_size(1400, 948)
[12:06:57.560549] {Default Queue}  -> xdg_toplevel#30.set_max_size(0, 0)
[12:06:57.560551] {Default Queue}  -> xdg_surface#29.set_window_geometry(45, 45, 1400, 948)
[12:06:57.560595] {mesa egl surface queue}  -> wl_surface#14.attach(wl_buffer#40, 0, 0)
[12:06:57.560597] {mesa egl surface queue}  -> wl_surface#14.damage(0, 0, 2147483647, 2147483647)
[12:06:57.560599] {mesa egl surface queue}  -> wl_surface#14.commit()
[12:06:57.560601] {mesa egl surface queue}  -> wl_display#1.sync(new id wl_callback#43)
[12:06:57.560712] {Display Queue} wl_display#1.delete_id(43)
[12:06:57.656048] {mesa egl surface queue} wl_callback#43.done(7)
[12:06:57.656065] {mesa egl surface queue} wl_buffer#44.release()
[12:06:57.656935] {Default Queue}  -> xdg_toplevel#30.set_min_size(1400, 948)
[12:06:57.656943] {Default Queue}  -> xdg_toplevel#30.set_max_size(0, 0)
[12:06:57.656946] {Default Queue}  -> xdg_surface#29.set_window_geometry(45, 45, 1400, 948)
[12:06:57.656990] {mesa egl surface queue}  -> wl_surface#14.attach(wl_buffer#44, 0, 0)
[12:06:57.656993] {mesa egl surface queue}  -> wl_surface#14.damage(0, 0, 2147483647, 2147483647)
[12:06:57.656995] {mesa egl surface queue}  -> wl_surface#14.commit()
[12:06:57.656997] {mesa egl surface queue}  -> wl_display#1.sync(new id wl_callback#43)
[12:06:57.657078] {Display Queue} wl_display#1.delete_id(43)
[12:06:57.752789] {mesa egl surface queue} wl_callback#43.done(7)
[12:06:57.752806] {mesa egl surface queue} wl_buffer#40.release()
[12:06:57.753659] {Default Queue}  -> xdg_toplevel#30.set_min_size(1400, 948)
[12:06:57.753667] {Default Queue}  -> xdg_toplevel#30.set_max_size(0, 0)
[12:06:57.753669] {Default Queue}  -> xdg_surface#29.set_window_geometry(45, 45, 1400, 948)
[12:06:57.753788] {mesa egl surface queue}  -> wl_surface#14.attach(wl_buffer#40, 0, 0)
[12:06:57.753793] {mesa egl surface queue}  -> wl_surface#14.damage(0, 0, 2147483647, 2147483647)
[12:06:57.753795] {mesa egl surface queue}  -> wl_surface#14.commit()
[12:06:57.753797] {mesa egl surface queue}  -> wl_display#1.sync(new id wl_callback#43)
[12:06:57.753876] {Display Queue} wl_display#1.delete_id(43)
[12:06:57.771669] {mesa egl surface queue} wl_callback#43.done(7)
[12:06:57.771702] {mesa egl surface queue} wl_buffer#44.release()
[12:06:57.772509] {Default Queue}  -> xdg_toplevel#30.set_min_size(1400, 948)
[12:06:57.772516] {Default Queue}  -> xdg_toplevel#30.set_max_size(0, 0)
[12:06:57.772518] {Default Queue}  -> xdg_surface#29.set_window_geometry(45, 45, 1400, 948)
[12:06:57.772560] {mesa egl surface queue}  -> wl_surface#14.attach(wl_buffer#44, 0, 0)
[12:06:57.772562] {mesa egl surface queue}  -> wl_surface#14.damage(0, 0, 2147483647, 2147483647)
[12:06:57.772564] {mesa egl surface queue}  -> wl_surface#14.commit()
[12:06:57.772566] {mesa egl surface queue}  -> wl_display#1.sync(new id wl_callback#43)
[12:06:57.772663] {Display Queue} wl_display#1.delete_id(43)
[12:06:57.865164] {mesa egl surface queue} wl_callback#43.done(7)
[12:06:57.865182] {mesa egl surface queue} wl_buffer#40.release()
[12:06:57.866043] {Default Queue}  -> xdg_toplevel#30.set_min_size(1400, 948)
[12:06:57.866051] {Default Queue}  -> xdg_toplevel#30.set_max_size(0, 0)
[12:06:57.866053] {Default Queue}  -> xdg_surface#29.set_window_geometry(45, 45, 1400, 948)
[12:06:57.866100] {mesa egl surface queue}  -> wl_surface#14.attach(wl_buffer#40, 0, 0)
[12:06:57.866103] {mesa egl surface queue}  -> wl_surface#14.damage(0, 0, 2147483647, 2147483647)
[12:06:57.866105] {mesa egl surface queue}  -> wl_surface#14.commit()
[12:06:57.866107] {mesa egl surface queue}  -> wl_display#1.sync(new id wl_callback#43)
[12:06:57.866197] {Display Queue} wl_display#1.delete_id(43)
[12:06:57.977474] {mesa egl surface queue} wl_callback#43.done(7)
[12:06:57.977496] {mesa egl surface queue} wl_buffer#44.release()
[12:06:57.978375] {Default Queue}  -> xdg_toplevel#30.set_min_size(1400, 948)
[12:06:57.978383] {Default Queue}  -> xdg_toplevel#30.set_max_size(0, 0)
[12:06:57.978386] {Default Queue}  -> xdg_surface#29.set_window_geometry(45, 45, 1400, 948)
[12:06:57.978430] {mesa egl surface queue}  -> wl_surface#14.attach(wl_buffer#44, 0, 0)
[12:06:57.978433] {mesa egl surface queue}  -> wl_surface#14.damage(0, 0, 2147483647, 2147483647)
[12:06:57.978435] {mesa egl surface queue}  -> wl_surface#14.commit()
[12:06:57.978437] {mesa egl surface queue}  -> wl_display#1.sync(new id wl_callback#43)
[12:06:57.978516] {Display Queue} wl_display#1.delete_id(43)
[12:06:57.994239] {mesa egl surface queue} wl_callback#43.done(7)
[12:06:57.994252] {mesa egl surface queue} wl_buffer#40.release()
[12:06:57.994994] {Default Queue}  -> xdg_toplevel#30.set_min_size(1400, 948)
[12:06:57.995000] {Default Queue}  -> xdg_toplevel#30.set_max_size(0, 0)
[12:06:57.995002] {Default Queue}  -> xdg_surface#29.set_window_geometry(45, 45, 1400, 948)
[12:06:57.995048] {mesa egl surface queue}  -> wl_surface#14.attach(wl_buffer#40, 0, 0)
[12:06:57.995051] {mesa egl surface queue}  -> wl_surface#14.damage(0, 0, 2147483647, 2147483647)
[12:06:57.995053] {mesa egl surface queue}  -> wl_surface#14.commit()
[12:06:57.995055] {mesa egl surface queue}  -> wl_display#1.sync(new id wl_callback#43)
[12:06:57.995159] {Display Queue} wl_display#1.delete_id(43)
[12:06:58.073992] {mesa egl surface queue} wl_callback#43.done(7)
[12:06:58.074009] {mesa egl surface queue} wl_buffer#44.release()
[12:06:58.074835] {Default Queue}  -> xdg_toplevel#30.set_min_size(1400, 948)
[12:06:58.074842] {Default Queue}  -> xdg_toplevel#30.set_max_size(0, 0)
[12:06:58.074844] {Default Queue}  -> xdg_surface#29.set_window_geometry(45, 45, 1400, 948)
[12:06:58.074887] {mesa egl surface queue}  -> wl_surface#14.attach(wl_buffer#44, 0, 0)
[12:06:58.074890] {mesa egl surface queue}  -> wl_surface#14.damage(0, 0, 2147483647, 2147483647)
[12:06:58.074892] {mesa egl surface queue}  -> wl_surface#14.commit()
[12:06:58.074894] {mesa egl surface queue}  -> wl_display#1.sync(new id wl_callback#43)
[12:06:58.074965] {Display Queue} wl_display#1.delete_id(43)
[12:06:58.186403] {mesa egl surface queue} wl_callback#43.done(7)
[12:06:58.186419] {mesa egl surface queue} wl_buffer#40.release()
[12:06:58.187259] {Default Queue}  -> xdg_toplevel#30.set_min_size(1400, 948)
[12:06:58.187266] {Default Queue}  -> xdg_toplevel#30.set_max_size(0, 0)
[12:06:58.187269] {Default Queue}  -> xdg_surface#29.set_window_geometry(45, 45, 1400, 948)
[12:06:58.187315] {mesa egl surface queue}  -> wl_surface#14.attach(wl_buffer#40, 0, 0)
[12:06:58.187317] {mesa egl surface queue}  -> wl_surface#14.damage(0, 0, 2147483647, 2147483647)
[12:06:58.187319] {mesa egl surface queue}  -> wl_surface#14.commit()
[12:06:58.187321] {mesa egl surface queue}  -> wl_display#1.sync(new id wl_callback#43)
[12:06:58.187424] {Display Queue} wl_display#1.delete_id(43)
[12:06:58.251361] {mesa egl surface queue} wl_callback#43.done(7)
[12:06:58.251379] {mesa egl surface queue} wl_buffer#44.release()
[12:06:58.252246] {Default Queue}  -> xdg_toplevel#30.set_min_size(1400, 948)
[12:06:58.252253] {Default Queue}  -> xdg_toplevel#30.set_max_size(0, 0)
[12:06:58.252255] {Default Queue}  -> xdg_surface#29.set_window_geometry(45, 45, 1400, 948)
[12:06:58.252303] {mesa egl surface queue}  -> wl_surface#14.attach(wl_buffer#44, 0, 0)
[12:06:58.252311] {mesa egl surface queue}  -> wl_surface#14.damage(0, 0, 2147483647, 2147483647)
[12:06:58.252313] {mesa egl surface queue}  -> wl_surface#14.commit()
[12:06:58.252314] {mesa egl surface queue}  -> wl_display#1.sync(new id wl_callback#43)
[12:06:58.252422] {Display Queue} wl_display#1.delete_id(43)
[12:06:58.283000] {mesa egl surface queue} wl_callback#43.done(7)
[12:06:58.283011] {mesa egl surface queue} wl_buffer#40.release()
[12:06:58.283874] {Default Queue}  -> xdg_toplevel#30.set_min_size(1400, 948)
[12:06:58.283882] {Default Queue}  -> xdg_toplevel#30.set_max_size(0, 0)
[12:06:58.283889] {Default Queue}  -> xdg_surface#29.set_window_geometry(45, 45, 1400, 948)
[12:06:58.283936] {mesa egl surface queue}  -> wl_surface#14.attach(wl_buffer#40, 0, 0)
[12:06:58.283938] {mesa egl surface queue}  -> wl_surface#14.damage(0, 0, 2147483647, 2147483647)
[12:06:58.283940] {mesa egl surface queue}  -> wl_surface#14.commit()
[12:06:58.283942] {mesa egl surface queue}  -> wl_display#1.sync(new id wl_callback#43)
[12:06:58.284021] {Display Queue} wl_display#1.delete_id(43)
[12:06:58.395664] {mesa egl surface queue} wl_callback#43.done(7)
[12:06:58.395681] {mesa egl surface queue} wl_buffer#44.release()
[12:06:58.396519] {Default Queue}  -> xdg_toplevel#30.set_min_size(1400, 948)
[12:06:58.396528] {Default Queue}  -> xdg_toplevel#30.set_max_size(0, 0)
[12:06:58.396531] {Default Queue}  -> xdg_surface#29.set_window_geometry(45, 45, 1400, 948)
[12:06:58.396577] {mesa egl surface queue}  -> wl_surface#14.attach(wl_buffer#44, 0, 0)
[12:06:58.396580] {mesa egl surface queue}  -> wl_surface#14.damage(0, 0, 2147483647, 2147483647)
[12:06:58.396582] {mesa egl surface queue}  -> wl_surface#14.commit()
[12:06:58.396584] {mesa egl surface queue}  -> wl_display#1.sync(new id wl_callback#43)
[12:06:58.396673] {Display Queue} wl_display#1.delete_id(43)
[12:06:58.492309] {mesa egl surface queue} wl_callback#43.done(7)
[12:06:58.492325] {mesa egl surface queue} wl_buffer#40.release()
[12:06:58.493192] {Default Queue}  -> xdg_toplevel#30.set_min_size(1400, 948)
[12:06:58.493200] {Default Queue}  -> xdg_toplevel#30.set_max_size(0, 0)
[12:06:58.493202] {Default Queue}  -> xdg_surface#29.set_window_geometry(45, 45, 1400, 948)
[12:06:58.493251] {mesa egl surface queue}  -> wl_surface#14.attach(wl_buffer#40, 0, 0)
[12:06:58.493254] {mesa egl surface queue}  -> wl_surface#14.damage(0, 0, 2147483647, 2147483647)
[12:06:58.493256] {mesa egl surface queue}  -> wl_surface#14.commit()
[12:06:58.493258] {mesa egl surface queue}  -> wl_display#1.sync(new id wl_callback#43)
[12:06:58.493349] {Display Queue} wl_display#1.delete_id(43)
[12:06:58.508473] {mesa egl surface queue} wl_callback#43.done(7)
[12:06:58.508489] {mesa egl surface queue} wl_buffer#44.release()
[12:06:58.509346] {Default Queue}  -> xdg_toplevel#30.set_min_size(1400, 948)
[12:06:58.509354] {Default Queue}  -> xdg_toplevel#30.set_max_size(0, 0)
[12:06:58.509356] {Default Queue}  -> xdg_surface#29.set_window_geometry(45, 45, 1400, 948)
[12:06:58.509399] {mesa egl surface queue}  -> wl_surface#14.attach(wl_buffer#44, 0, 0)
[12:06:58.509402] {mesa egl surface queue}  -> wl_surface#14.damage(0, 0, 2147483647, 2147483647)
[12:06:58.509404] {mesa egl surface queue}  -> wl_surface#14.commit()
[12:06:58.509406] {mesa egl surface queue}  -> wl_display#1.sync(new id wl_callback#43)
[12:06:58.509508] {Display Queue} wl_display#1.delete_id(43)
[12:06:58.604491] {mesa egl surface queue} wl_callback#43.done(7)
[12:06:58.604509] {mesa egl surface queue} wl_buffer#40.release()
[12:06:58.605357] {Default Queue}  -> xdg_toplevel#30.set_min_size(1400, 948)
[12:06:58.605365] {Default Queue}  -> xdg_toplevel#30.set_max_size(0, 0)
[12:06:58.605367] {Default Queue}  -> xdg_surface#29.set_window_geometry(45, 45, 1400, 948)
[12:06:58.605414] {mesa egl surface queue}  -> wl_surface#14.attach(wl_buffer#40, 0, 0)
[12:06:58.605416] {mesa egl surface queue}  -> wl_surface#14.damage(0, 0, 2147483647, 2147483647)
[12:06:58.605419] {mesa egl surface queue}  -> wl_surface#14.commit()
[12:06:58.605421] {mesa egl surface queue}  -> wl_display#1.sync(new id wl_callback#43)
[12:06:58.605523] {Display Queue} wl_display#1.delete_id(43)
[12:06:58.700863] {mesa egl surface queue} wl_callback#43.done(7)
[12:06:58.700878] {mesa egl surface queue} wl_buffer#44.release()
[12:06:58.701689] {Default Queue}  -> xdg_toplevel#30.set_min_size(1400, 948)
[12:06:58.701697] {Default Queue}  -> xdg_toplevel#30.set_max_size(0, 0)
[12:06:58.701699] {Default Queue}  -> xdg_surface#29.set_window_geometry(45, 45, 1400, 948)
[12:06:58.701752] {mesa egl surface queue}  -> wl_surface#14.attach(wl_buffer#44, 0, 0)
[12:06:58.701762] {mesa egl surface queue}  -> wl_surface#14.damage(0, 0, 2147483647, 2147483647)
[12:06:58.701772] {mesa egl surface queue}  -> wl_surface#14.commit()
[12:06:58.701775] {mesa egl surface queue}  -> wl_display#1.sync(new id wl_callback#43)
[12:06:58.701889] {Display Queue} wl_display#1.delete_id(43)
[12:06:58.749607] {mesa egl surface queue} wl_callback#43.done(7)
[12:06:58.749623] {mesa egl surface queue} wl_buffer#40.release()
[12:06:58.750467] {Default Queue}  -> xdg_toplevel#30.set_min_size(1400, 948)
[12:06:58.750475] {Default Queue}  -> xdg_toplevel#30.set_max_size(0, 0)
[12:06:58.750478] {Default Queue}  -> xdg_surface#29.set_window_geometry(45, 45, 1400, 948)
[12:06:58.750524] {mesa egl surface queue}  -> wl_surface#14.attach(wl_buffer#40, 0, 0)
[12:06:58.750527] {mesa egl surface queue}  -> wl_surface#14.damage(0, 0, 2147483647, 2147483647)
[12:06:58.750529] {mesa egl surface queue}  -> wl_surface#14.commit()
[12:06:58.750531] {mesa egl surface queue}  -> wl_display#1.sync(new id wl_callback#43)
[12:06:58.750617] {Display Queue} wl_display#1.delete_id(43)
[12:06:58.797572] {mesa egl surface queue} wl_callback#43.done(7)
[12:06:58.797589] {mesa egl surface queue} wl_buffer#44.release()
[12:06:58.798400] {Default Queue}  -> xdg_toplevel#30.set_min_size(1400, 948)
[12:06:58.798412] {Default Queue}  -> xdg_toplevel#30.set_max_size(0, 0)
[12:06:58.798414] {Default Queue}  -> xdg_surface#29.set_window_geometry(45, 45, 1400, 948)
[12:06:58.798461] {mesa egl surface queue}  -> wl_surface#14.attach(wl_buffer#44, 0, 0)
[12:06:58.798464] {mesa egl surface queue}  -> wl_surface#14.damage(0, 0, 2147483647, 2147483647)
[12:06:58.798466] {mesa egl surface queue}  -> wl_surface#14.commit()
[12:06:58.798468] {mesa egl surface queue}  -> wl_display#1.sync(new id wl_callback#43)
[12:06:58.798600] {Display Queue} wl_display#1.delete_id(43)
[12:06:58.910147] {mesa egl surface queue} wl_callback#43.done(7)
[12:06:58.910162] {mesa egl surface queue} wl_buffer#40.release()
[12:06:58.910985] {Default Queue}  -> xdg_toplevel#30.set_min_size(1400, 948)
[12:06:58.910992] {Default Queue}  -> xdg_toplevel#30.set_max_size(0, 0)
[12:06:58.910994] {Default Queue}  -> xdg_surface#29.set_window_geometry(45, 45, 1400, 948)
[12:06:58.911039] {mesa egl surface queue}  -> wl_surface#14.attach(wl_buffer#40, 0, 0)
[12:06:58.911042] {mesa egl surface queue}  -> wl_surface#14.damage(0, 0, 2147483647, 2147483647)
[12:06:58.911044] {mesa egl surface queue}  -> wl_surface#14.commit()
[12:06:58.911046] {mesa egl surface queue}  -> wl_display#1.sync(new id wl_callback#43)
[12:06:58.911118] {Display Queue} wl_display#1.delete_id(43)
[12:06:59.007399] {mesa egl surface queue} wl_callback#43.done(7)
[12:06:59.007417] {mesa egl surface queue} wl_buffer#44.release()
[12:06:59.008246] {Default Queue}  -> xdg_toplevel#30.set_min_size(1400, 948)
[12:06:59.008255] {Default Queue}  -> xdg_toplevel#30.set_max_size(0, 0)
[12:06:59.008257] {Default Queue}  -> xdg_surface#29.set_window_geometry(45, 45, 1400, 948)
[12:06:59.008302] {mesa egl surface queue}  -> wl_surface#14.attach(wl_buffer#44, 0, 0)
[12:06:59.008306] {mesa egl surface queue}  -> wl_surface#14.damage(0, 0, 2147483647, 2147483647)
[12:06:59.008308] {mesa egl surface queue}  -> wl_surface#14.commit()
[12:06:59.008310] {mesa egl surface queue}  -> wl_display#1.sync(new id wl_callback#43)
[12:06:59.008382] {Display Queue} wl_display#1.delete_id(43)
[12:06:59.119645] {mesa egl surface queue} wl_callback#43.done(7)
[12:06:59.119663] {mesa egl surface queue} wl_buffer#40.release()
[12:06:59.120486] {Default Queue}  -> xdg_toplevel#30.set_min_size(1400, 948)
[12:06:59.120494] {Default Queue}  -> xdg_toplevel#30.set_max_size(0, 0)
[12:06:59.120496] {Default Queue}  -> xdg_surface#29.set_window_geometry(45, 45, 1400, 948)
[12:06:59.120611] {mesa egl surface queue}  -> wl_surface#14.attach(wl_buffer#40, 0, 0)
[12:06:59.120615] {mesa egl surface queue}  -> wl_surface#14.damage(0, 0, 2147483647, 2147483647)
[12:06:59.120617] {mesa egl surface queue}  -> wl_surface#14.commit()
[12:06:59.120618] {mesa egl surface queue}  -> wl_display#1.sync(new id wl_callback#43)
[12:06:59.120697] {Display Queue} wl_display#1.delete_id(43)
[12:06:59.216306] {mesa egl surface queue} wl_callback#43.done(7)
[12:06:59.216324] {mesa egl surface queue} wl_buffer#44.release()
[12:06:59.217139] {Default Queue}  -> xdg_toplevel#30.set_min_size(1400, 948)
[12:06:59.217145] {Default Queue}  -> xdg_toplevel#30.set_max_size(0, 0)
[12:06:59.217147] {Default Queue}  -> xdg_surface#29.set_window_geometry(45, 45, 1400, 948)
[12:06:59.217195] {mesa egl surface queue}  -> wl_surface#14.attach(wl_buffer#44, 0, 0)
[12:06:59.217198] {mesa egl surface queue}  -> wl_surface#14.damage(0, 0, 2147483647, 2147483647)
[12:06:59.217200] {mesa egl surface queue}  -> wl_surface#14.commit()
[12:06:59.217202] {mesa egl surface queue}  -> wl_display#1.sync(new id wl_callback#43)
[12:06:59.217362] {Display Queue} wl_display#1.delete_id(43)
[12:06:59.264860] {mesa egl surface queue} wl_callback#43.done(7)
[12:06:59.264876] {mesa egl surface queue} wl_buffer#40.release()
[12:06:59.265680] {Default Queue}  -> xdg_toplevel#30.set_min_size(1400, 948)
[12:06:59.265688] {Default Queue}  -> xdg_toplevel#30.set_max_size(0, 0)
[12:06:59.265690] {Default Queue}  -> xdg_surface#29.set_window_geometry(45, 45, 1400, 948)
[12:06:59.265735] {mesa egl surface queue}  -> wl_surface#14.attach(wl_buffer#40, 0, 0)
[12:06:59.265738] {mesa egl surface queue}  -> wl_surface#14.damage(0, 0, 2147483647, 2147483647)
[12:06:59.265749] {mesa egl surface queue}  -> wl_surface#14.commit()
[12:06:59.265751] {mesa egl surface queue}  -> wl_display#1.sync(new id wl_callback#43)
[12:06:59.265837] {Display Queue} wl_display#1.delete_id(43)
[12:06:59.328202] {mesa egl surface queue} wl_callback#43.done(7)
[12:06:59.328219] {mesa egl surface queue} wl_buffer#44.release()
[12:06:59.329086] {Default Queue}  -> xdg_toplevel#30.set_min_size(1400, 948)
[12:06:59.329094] {Default Queue}  -> xdg_toplevel#30.set_max_size(0, 0)
[12:06:59.329096] {Default Queue}  -> xdg_surface#29.set_window_geometry(45, 45, 1400, 948)
[12:06:59.329142] {mesa egl surface queue}  -> wl_surface#14.attach(wl_buffer#44, 0, 0)
[12:06:59.329145] {mesa egl surface queue}  -> wl_surface#14.damage(0, 0, 2147483647, 2147483647)
[12:06:59.329147] {mesa egl surface queue}  -> wl_surface#14.commit()
[12:06:59.329149] {mesa egl surface queue}  -> wl_display#1.sync(new id wl_callback#43)
[12:06:59.329261] {Display Queue} wl_display#1.delete_id(43)
[12:06:59.424617] {mesa egl surface queue} wl_callback#43.done(7)
[12:06:59.424633] {mesa egl surface queue} wl_buffer#40.release()
[12:06:59.425467] {Default Queue}  -> xdg_toplevel#30.set_min_size(1400, 948)
[12:06:59.425474] {Default Queue}  -> xdg_toplevel#30.set_max_size(0, 0)
[12:06:59.425476] {Default Queue}  -> xdg_surface#29.set_window_geometry(45, 45, 1400, 948)
[12:06:59.425525] {mesa egl surface queue}  -> wl_surface#14.attach(wl_buffer#40, 0, 0)
[12:06:59.425528] {mesa egl surface queue}  -> wl_surface#14.damage(0, 0, 2147483647, 2147483647)
[12:06:59.425530] {mesa egl surface queue}  -> wl_surface#14.commit()
[12:06:59.425531] {mesa egl surface queue}  -> wl_display#1.sync(new id wl_callback#43)
[12:06:59.425639] {Display Queue} wl_display#1.delete_id(43)
[12:06:59.505445] {mesa egl surface queue} wl_callback#43.done(7)
[12:06:59.505462] {mesa egl surface queue} wl_buffer#44.release()
[12:06:59.506324] {Default Queue}  -> xdg_toplevel#30.set_min_size(1400, 948)
[12:06:59.506332] {Default Queue}  -> xdg_toplevel#30.set_max_size(0, 0)
[12:06:59.506335] {Default Queue}  -> xdg_surface#29.set_window_geometry(45, 45, 1400, 948)
[12:06:59.506379] {mesa egl surface queue}  -> wl_surface#14.attach(wl_buffer#44, 0, 0)
[12:06:59.506382] {mesa egl surface queue}  -> wl_surface#14.damage(0, 0, 2147483647, 2147483647)
[12:06:59.506384] {mesa egl surface queue}  -> wl_surface#14.commit()
[12:06:59.506386] {mesa egl surface queue}  -> wl_display#1.sync(new id wl_callback#43)
[12:06:59.506473] {Display Queue} wl_display#1.delete_id(43)
[12:06:59.537073] {mesa egl surface queue} wl_callback#43.done(7)
[12:06:59.537090] {mesa egl surface queue} wl_buffer#40.release()
[12:06:59.537836] {Default Queue}  -> xdg_toplevel#30.set_min_size(1400, 948)
[12:06:59.537842] {Default Queue}  -> xdg_toplevel#30.set_max_size(0, 0)
[12:06:59.537844] {Default Queue}  -> xdg_surface#29.set_window_geometry(45, 45, 1400, 948)
[12:06:59.537884] {mesa egl surface queue}  -> wl_surface#14.attach(wl_buffer#40, 0, 0)
[12:06:59.537887] {mesa egl surface queue}  -> wl_surface#14.damage(0, 0, 2147483647, 2147483647)
[12:06:59.537889] {mesa egl surface queue}  -> wl_surface#14.commit()
[12:06:59.537891] {mesa egl surface queue}  -> wl_display#1.sync(new id wl_callback#43)
[12:06:59.537954] {Display Queue} wl_display#1.delete_id(43)
[12:06:59.633999] {mesa egl surface queue} wl_callback#43.done(7)
[12:06:59.634016] {mesa egl surface queue} wl_buffer#44.release()
[12:06:59.634839] {Default Queue}  -> xdg_toplevel#30.set_min_size(1400, 948)
[12:06:59.634846] {Default Queue}  -> xdg_toplevel#30.set_max_size(0, 0)
[12:06:59.634849] {Default Queue}  -> xdg_surface#29.set_window_geometry(45, 45, 1400, 948)
[12:06:59.634895] {mesa egl surface queue}  -> wl_surface#14.attach(wl_buffer#44, 0, 0)
[12:06:59.634898] {mesa egl surface queue}  -> wl_surface#14.damage(0, 0, 2147483647, 2147483647)
[12:06:59.634900] {mesa egl surface queue}  -> wl_surface#14.commit()
[12:06:59.634902] {mesa egl surface queue}  -> wl_display#1.sync(new id wl_callback#43)
[12:06:59.634976] {Display Queue} wl_display#1.delete_id(43)
[12:06:59.746041] {mesa egl surface queue} wl_callback#43.done(7)
[12:06:59.746058] {mesa egl surface queue} wl_buffer#40.release()
[12:06:59.746894] {Default Queue}  -> xdg_toplevel#30.set_min_size(1400, 948)
[12:06:59.746902] {Default Queue}  -> xdg_toplevel#30.set_max_size(0, 0)
[12:06:59.746904] {Default Queue}  -> xdg_surface#29.set_window_geometry(45, 45, 1400, 948)
[12:06:59.746952] {mesa egl surface queue}  -> wl_surface#14.attach(wl_buffer#40, 0, 0)
[12:06:59.746955] {mesa egl surface queue}  -> wl_surface#14.damage(0, 0, 2147483647, 2147483647)
[12:06:59.746957] {mesa egl surface queue}  -> wl_surface#14.commit()
[12:06:59.746959] {mesa egl surface queue}  -> wl_display#1.sync(new id wl_callback#43)
[12:06:59.747041] {Display Queue} wl_display#1.delete_id(43)
[12:06:59.763201] {mesa egl surface queue} wl_callback#43.done(7)
[12:06:59.763218] {mesa egl surface queue} wl_buffer#44.release()
[12:06:59.764051] {Default Queue}  -> xdg_toplevel#30.set_min_size(1400, 948)
[12:06:59.764060] {Default Queue}  -> xdg_toplevel#30.set_max_size(0, 0)
[12:06:59.764062] {Default Queue}  -> xdg_surface#29.set_window_geometry(45, 45, 1400, 948)
[12:06:59.764104] {mesa egl surface queue}  -> wl_surface#14.attach(wl_buffer#44, 0, 0)
[12:06:59.764107] {mesa egl surface queue}  -> wl_surface#14.damage(0, 0, 2147483647, 2147483647)
[12:06:59.764109] {mesa egl surface queue}  -> wl_surface#14.commit()
[12:06:59.764111] {mesa egl surface queue}  -> wl_display#1.sync(new id wl_callback#43)
[12:06:59.764193] {Display Queue} wl_display#1.delete_id(43)
[12:06:59.843303] {mesa egl surface queue} wl_callback#43.done(7)
[12:06:59.843320] {mesa egl surface queue} wl_buffer#40.release()
[12:06:59.844253] {Default Queue}  -> xdg_toplevel#30.set_min_size(1400, 948)
[12:06:59.844262] {Default Queue}  -> xdg_toplevel#30.set_max_size(0, 0)
[12:06:59.844265] {Default Queue}  -> xdg_surface#29.set_window_geometry(45, 45, 1400, 948)
[12:06:59.844315] {mesa egl surface queue}  -> wl_surface#14.attach(wl_buffer#40, 0, 0)
[12:06:59.844319] {mesa egl surface queue}  -> wl_surface#14.damage(0, 0, 2147483647, 2147483647)
[12:06:59.844321] {mesa egl surface queue}  -> wl_surface#14.commit()
[12:06:59.844322] {mesa egl surface queue}  -> wl_display#1.sync(new id wl_callback#43)
[12:06:59.844399] {Display Queue} wl_display#1.delete_id(43)
[12:06:59.955523] {mesa egl surface queue} wl_callback#43.done(7)
[12:06:59.955541] {mesa egl surface queue} wl_buffer#44.release()
[12:06:59.956678] {Default Queue}  -> xdg_toplevel#30.set_min_size(1400, 948)
[12:06:59.956689] {Default Queue}  -> xdg_toplevel#30.set_max_size(0, 0)
[12:06:59.956696] {Default Queue}  -> xdg_surface#29.set_window_geometry(45, 45, 1400, 948)
[12:06:59.956752] {mesa egl surface queue}  -> wl_surface#14.attach(wl_buffer#44, 0, 0)
[12:06:59.956754] {mesa egl surface queue}  -> wl_surface#14.damage(0, 0, 2147483647, 2147483647)
[12:06:59.956757] {mesa egl surface queue}  -> wl_surface#14.commit()
[12:06:59.956759] {mesa egl surface queue}  -> wl_display#1.sync(new id wl_callback#43)
[12:06:59.956849] {Display Queue} wl_display#1.delete_id(43)
[12:07:00.019941] {mesa egl surface queue} wl_callback#43.done(7)
[12:07:00.019958] {mesa egl surface queue} wl_buffer#40.release()
[12:07:00.020781] {Default Queue}  -> xdg_toplevel#30.set_min_size(1400, 948)
[12:07:00.020789] {Default Queue}  -> xdg_toplevel#30.set_max_size(0, 0)
[12:07:00.020791] {Default Queue}  -> xdg_surface#29.set_window_geometry(45, 45, 1400, 948)
[12:07:00.020835] {mesa egl surface queue}  -> wl_surface#14.attach(wl_buffer#40, 0, 0)
[12:07:00.020838] {mesa egl surface queue}  -> wl_surface#14.damage(0, 0, 2147483647, 2147483647)
[12:07:00.020840] {mesa egl surface queue}  -> wl_surface#14.commit()
[12:07:00.020842] {mesa egl surface queue}  -> wl_display#1.sync(new id wl_callback#43)
[12:07:00.020963] {Display Queue} wl_display#1.delete_id(43)
[12:07:00.051846] {mesa egl surface queue} wl_callback#43.done(7)
[12:07:00.051861] {mesa egl surface queue} wl_buffer#44.release()
[12:07:00.052667] {Default Queue}  -> xdg_toplevel#30.set_min_size(1400, 948)
[12:07:00.052674] {Default Queue}  -> xdg_toplevel#30.set_max_size(0, 0)
[12:07:00.052677] {Default Queue}  -> xdg_surface#29.set_window_geometry(45, 45, 1400, 948)
[12:07:00.052720] {mesa egl surface queue}  -> wl_surface#14.attach(wl_buffer#44, 0, 0)
[12:07:00.052722] {mesa egl surface queue}  -> wl_surface#14.damage(0, 0, 2147483647, 2147483647)
[12:07:00.052725] {mesa egl surface queue}  -> wl_surface#14.commit()
[12:07:00.052726] {mesa egl surface queue}  -> wl_display#1.sync(new id wl_callback#43)
[12:07:00.052806] {Display Queue} wl_display#1.delete_id(43)
[12:07:00.164519] {mesa egl surface queue} wl_callback#43.done(7)
[12:07:00.164536] {mesa egl surface queue} wl_buffer#40.release()
[12:07:00.165352] {Default Queue}  -> xdg_toplevel#30.set_min_size(1400, 948)
[12:07:00.165359] {Default Queue}  -> xdg_toplevel#30.set_max_size(0, 0)
[12:07:00.165362] {Default Queue}  -> xdg_surface#29.set_window_geometry(45, 45, 1400, 948)
[12:07:00.165407] {mesa egl surface queue}  -> wl_surface#14.attach(wl_buffer#40, 0, 0)
[12:07:00.165410] {mesa egl surface queue}  -> wl_surface#14.damage(0, 0, 2147483647, 2147483647)
[12:07:00.165412] {mesa egl surface queue}  -> wl_surface#14.commit()
[12:07:00.165414] {mesa egl surface queue}  -> wl_display#1.sync(new id wl_callback#43)
[12:07:00.165512] {Display Queue} wl_display#1.delete_id(43)
[12:07:00.261849] {mesa egl surface queue} wl_callback#43.done(7)
[12:07:00.261867] {mesa egl surface queue} wl_buffer#44.release()
[12:07:00.262723] {Default Queue}  -> xdg_toplevel#30.set_min_size(1400, 948)
[12:07:00.262730] {Default Queue}  -> xdg_toplevel#30.set_max_size(0, 0)
[12:07:00.262733] {Default Queue}  -> xdg_surface#29.set_window_geometry(45, 45, 1400, 948)
[12:07:00.262790] {mesa egl surface queue}  -> wl_surface#14.attach(wl_buffer#44, 0, 0)
[12:07:00.262794] {mesa egl surface queue}  -> wl_surface#14.damage(0, 0, 2147483647, 2147483647)
[12:07:00.262796] {mesa egl surface queue}  -> wl_surface#14.commit()
[12:07:00.262798] {mesa egl surface queue}  -> wl_display#1.sync(new id wl_callback#43)
[12:07:00.262878] {Display Queue} wl_display#1.delete_id(43)
[12:07:00.357448] {mesa egl surface queue} wl_callback#43.done(7)
[12:07:00.357475] {mesa egl surface queue} wl_buffer#40.release()
[12:07:00.358940] {Default Queue}  -> xdg_toplevel#30.set_min_size(1400, 948)
[12:07:00.358956] {Default Queue}  -> xdg_toplevel#30.set_max_size(0, 0)
[12:07:00.358960] {Default Queue}  -> xdg_surface#29.set_window_geometry(45, 45, 1400, 948)
[12:07:00.359043] {mesa egl surface queue}  -> wl_surface#14.attach(wl_buffer#40, 0, 0)
[12:07:00.359060] {mesa egl surface queue}  -> wl_surface#14.damage(0, 0, 2147483647, 2147483647)
[12:07:00.359075] {mesa egl surface queue}  -> wl_surface#14.commit()
[12:07:00.359086] {mesa egl surface queue}  -> wl_display#1.sync(new id wl_callback#43)
[12:07:00.359217] {Display Queue} wl_display#1.delete_id(43)
[12:07:00.470056] {mesa egl surface queue} wl_callback#43.done(7)
[12:07:00.470078] {mesa egl surface queue} wl_buffer#44.release()
[12:07:00.471050] {Default Queue}  -> xdg_toplevel#30.set_min_size(1400, 948)
[12:07:00.471061] {Default Queue}  -> xdg_toplevel#30.set_max_size(0, 0)
[12:07:00.471063] {Default Queue}  -> xdg_surface#29.set_window_geometry(45, 45, 1400, 948)
[12:07:00.471111] {mesa egl surface queue}  -> wl_surface#14.attach(wl_buffer#44, 0, 0)
[12:07:00.471114] {mesa egl surface queue}  -> wl_surface#14.damage(0, 0, 2147483647, 2147483647)
[12:07:00.471116] {mesa egl surface queue}  -> wl_surface#14.commit()
[12:07:00.471118] {mesa egl surface queue}  -> wl_display#1.sync(new id wl_callback#43)
[12:07:00.471317] {Display Queue} wl_display#1.delete_id(43)
[12:07:00.518554] {mesa egl surface queue} wl_callback#43.done(7)
[12:07:00.518570] {mesa egl surface queue} wl_buffer#40.release()
[12:07:00.519405] {Default Queue}  -> xdg_toplevel#30.set_min_size(1400, 948)
[12:07:00.519413] {Default Queue}  -> xdg_toplevel#30.set_max_size(0, 0)
[12:07:00.519415] {Default Queue}  -> xdg_surface#29.set_window_geometry(45, 45, 1400, 948)
[12:07:00.519463] {mesa egl surface queue}  -> wl_surface#14.attach(wl_buffer#40, 0, 0)
[12:07:00.519466] {mesa egl surface queue}  -> wl_surface#14.damage(0, 0, 2147483647, 2147483647)
[12:07:00.519468] {mesa egl surface queue}  -> wl_surface#14.commit()
[12:07:00.519470] {mesa egl surface queue}  -> wl_display#1.sync(new id wl_callback#43)
[12:07:00.519582] {Display Queue} wl_display#1.delete_id(43)
[12:07:00.566718] {mesa egl surface queue} wl_callback#43.done(7)
[12:07:00.566735] {mesa egl surface queue} wl_buffer#44.release()
[12:07:00.567555] {Default Queue}  -> xdg_toplevel#30.set_min_size(1400, 948)
[12:07:00.567561] {Default Queue}  -> xdg_toplevel#30.set_max_size(0, 0)
[12:07:00.567564] {Default Queue}  -> xdg_surface#29.set_window_geometry(45, 45, 1400, 948)
[12:07:00.567617] {mesa egl surface queue}  -> wl_surface#14.attach(wl_buffer#44, 0, 0)
[12:07:00.567620] {mesa egl surface queue}  -> wl_surface#14.damage(0, 0, 2147483647, 2147483647)
[12:07:00.567622] {mesa egl surface queue}  -> wl_surface#14.commit()
[12:07:00.567624] {mesa egl surface queue}  -> wl_display#1.sync(new id wl_callback#43)
[12:07:00.567738] {Display Queue} wl_display#1.delete_id(43)
[12:07:00.679521] {mesa egl surface queue} wl_callback#43.done(7)
[12:07:00.679548] {mesa egl surface queue} wl_buffer#40.release()
[12:07:00.680394] {Default Queue}  -> xdg_toplevel#30.set_min_size(1400, 948)
[12:07:00.680401] {Default Queue}  -> xdg_toplevel#30.set_max_size(0, 0)
[12:07:00.680403] {Default Queue}  -> xdg_surface#29.set_window_geometry(45, 45, 1400, 948)
[12:07:00.680451] {mesa egl surface queue}  -> wl_surface#14.attach(wl_buffer#40, 0, 0)
[12:07:00.680454] {mesa egl surface queue}  -> wl_surface#14.damage(0, 0, 2147483647, 2147483647)
[12:07:00.680456] {mesa egl surface queue}  -> wl_surface#14.commit()
[12:07:00.680458] {mesa egl surface queue}  -> wl_display#1.sync(new id wl_callback#43)
[12:07:00.680599] {Display Queue} wl_display#1.delete_id(43)
[12:07:00.776020] {mesa egl surface queue} wl_callback#43.done(7)
[12:07:00.776037] {mesa egl surface queue} wl_buffer#44.release()
[12:07:00.776924] {Default Queue}  -> xdg_toplevel#30.set_min_size(1400, 948)
[12:07:00.776932] {Default Queue}  -> xdg_toplevel#30.set_max_size(0, 0)
[12:07:00.776935] {Default Queue}  -> xdg_surface#29.set_window_geometry(45, 45, 1400, 948)
[12:07:00.776980] {mesa egl surface queue}  -> wl_surface#14.attach(wl_buffer#44, 0, 0)
[12:07:00.776983] {mesa egl surface queue}  -> wl_surface#14.damage(0, 0, 2147483647, 2147483647)
[12:07:00.776985] {mesa egl surface queue}  -> wl_surface#14.commit()
[12:07:00.776987] {mesa egl surface queue}  -> wl_display#1.sync(new id wl_callback#43)
[12:07:00.777070] {Display Queue} wl_display#1.delete_id(43)
[12:07:00.888039] {mesa egl surface queue} wl_callback#43.done(7)
[12:07:00.888055] {mesa egl surface queue} wl_buffer#40.release()
[12:07:00.888869] {Default Queue}  -> xdg_toplevel#30.set_min_size(1400, 948)
[12:07:00.888876] {Default Queue}  -> xdg_toplevel#30.set_max_size(0, 0)
[12:07:00.888878] {Default Queue}  -> xdg_surface#29.set_window_geometry(45, 45, 1400, 948)
[12:07:00.888921] {mesa egl surface queue}  -> wl_surface#14.attach(wl_buffer#40, 0, 0)
[12:07:00.888924] {mesa egl surface queue}  -> wl_surface#14.damage(0, 0, 2147483647, 2147483647)
[12:07:00.888927] {mesa egl surface queue}  -> wl_surface#14.commit()
[12:07:00.888928] {mesa egl surface queue}  -> wl_display#1.sync(new id wl_callback#43)
[12:07:00.889078] {Display Queue} wl_display#1.delete_id(43)
[12:07:00.984538] {mesa egl surface queue} wl_callback#43.done(7)
[12:07:00.984556] {mesa egl surface queue} wl_buffer#44.release()
[12:07:00.985431] {Default Queue}  -> xdg_toplevel#30.set_min_size(1400, 948)
[12:07:00.985440] {Default Queue}  -> xdg_toplevel#30.set_max_size(0, 0)
[12:07:00.985442] {Default Queue}  -> xdg_surface#29.set_window_geometry(45, 45, 1400, 948)
[12:07:00.985488] {mesa egl surface queue}  -> wl_surface#14.attach(wl_buffer#44, 0, 0)
[12:07:00.985491] {mesa egl surface queue}  -> wl_surface#14.damage(0, 0, 2147483647, 2147483647)
[12:07:00.985493] {mesa egl surface queue}  -> wl_surface#14.commit()
[12:07:00.985495] {mesa egl surface queue}  -> wl_display#1.sync(new id wl_callback#43)
[12:07:00.985598] {Display Queue} wl_display#1.delete_id(43)
[12:07:01.017066] {mesa egl surface queue} wl_callback#43.done(7)
[12:07:01.017086] {mesa egl surface queue} wl_buffer#40.release()
[12:07:01.017879] {Default Queue}  -> xdg_toplevel#30.set_min_size(1400, 948)
[12:07:01.017886] {Default Queue}  -> xdg_toplevel#30.set_max_size(0, 0)
[12:07:01.017888] {Default Queue}  -> xdg_surface#29.set_window_geometry(45, 45, 1400, 948)
[12:07:01.017930] {mesa egl surface queue}  -> wl_surface#14.attach(wl_buffer#40, 0, 0)
[12:07:01.017933] {mesa egl surface queue}  -> wl_surface#14.damage(0, 0, 2147483647, 2147483647)
[12:07:01.017935] {mesa egl surface queue}  -> wl_surface#14.commit()
[12:07:01.017937] {mesa egl surface queue}  -> wl_display#1.sync(new id wl_callback#43)
[12:07:01.018011] {Display Queue} wl_display#1.delete_id(43)
[12:07:01.097482] {mesa egl surface queue} wl_callback#43.done(7)
[12:07:01.097500] {mesa egl surface queue} wl_buffer#44.release()
[12:07:01.098306] {Default Queue}  -> xdg_toplevel#30.set_min_size(1400, 948)
[12:07:01.098312] {Default Queue}  -> xdg_toplevel#30.set_max_size(0, 0)
[12:07:01.098315] {Default Queue}  -> xdg_surface#29.set_window_geometry(45, 45, 1400, 948)
[12:07:01.098360] {mesa egl surface queue}  -> wl_surface#14.attach(wl_buffer#44, 0, 0)
[12:07:01.098363] {mesa egl surface queue}  -> wl_surface#14.damage(0, 0, 2147483647, 2147483647)
[12:07:01.098365] {mesa egl surface queue}  -> wl_surface#14.commit()
[12:07:01.098367] {mesa egl surface queue}  -> wl_display#1.sync(new id wl_callback#43)
[12:07:01.098452] {Display Queue} wl_display#1.delete_id(43)
[12:07:01.193743] {mesa egl surface queue} wl_callback#43.done(7)
[12:07:01.193761] {mesa egl surface queue} wl_buffer#40.release()
[12:07:01.194550] {Default Queue}  -> xdg_toplevel#30.set_min_size(1400, 948)
[12:07:01.194557] {Default Queue}  -> xdg_toplevel#30.set_max_size(0, 0)
[12:07:01.194559] {Default Queue}  -> xdg_surface#29.set_window_geometry(45, 45, 1400, 948)
[12:07:01.194605] {mesa egl surface queue}  -> wl_surface#14.attach(wl_buffer#40, 0, 0)
[12:07:01.194607] {mesa egl surface queue}  -> wl_surface#14.damage(0, 0, 2147483647, 2147483647)
[12:07:01.194609] {mesa egl surface queue}  -> wl_surface#14.commit()
[12:07:01.194611] {mesa egl surface queue}  -> wl_display#1.sync(new id wl_callback#43)
[12:07:01.194689] {Display Queue} wl_display#1.delete_id(43)
[12:07:01.274640] {mesa egl surface queue} wl_callback#43.done(7)
[12:07:01.274664] {mesa egl surface queue} wl_buffer#44.release()
[12:07:01.275485] {Default Queue}  -> xdg_toplevel#30.set_min_size(1400, 948)
[12:07:01.275493] {Default Queue}  -> xdg_toplevel#30.set_max_size(0, 0)
[12:07:01.275495] {Default Queue}  -> xdg_surface#29.set_window_geometry(45, 45, 1400, 948)
[12:07:01.275543] {mesa egl surface queue}  -> wl_surface#14.attach(wl_buffer#44, 0, 0)
[12:07:01.275546] {mesa egl surface queue}  -> wl_surface#14.damage(0, 0, 2147483647, 2147483647)
[12:07:01.275548] {mesa egl surface queue}  -> wl_surface#14.commit()
[12:07:01.275550] {mesa egl surface queue}  -> wl_display#1.sync(new id wl_callback#43)
[12:07:01.275626] {Display Queue} wl_display#1.delete_id(43)
[12:07:01.306010] {mesa egl surface queue} wl_callback#43.done(7)
[12:07:01.306027] {mesa egl surface queue} wl_buffer#40.release()
[12:07:01.306809] {Default Queue}  -> xdg_toplevel#30.set_min_size(1400, 948)
[12:07:01.306817] {Default Queue}  -> xdg_toplevel#30.set_max_size(0, 0)
[12:07:01.306819] {Default Queue}  -> xdg_surface#29.set_window_geometry(45, 45, 1400, 948)
[12:07:01.306862] {mesa egl surface queue}  -> wl_surface#14.attach(wl_buffer#40, 0, 0)
[12:07:01.306864] {mesa egl surface queue}  -> wl_surface#14.damage(0, 0, 2147483647, 2147483647)
[12:07:01.306866] {mesa egl surface queue}  -> wl_surface#14.commit()
[12:07:01.306868] {mesa egl surface queue}  -> wl_display#1.sync(new id wl_callback#43)
[12:07:01.306943] {Display Queue} wl_display#1.delete_id(43)
[12:07:01.402840] {mesa egl surface queue} wl_callback#43.done(7)
[12:07:01.402858] {mesa egl surface queue} wl_buffer#44.release()
[12:07:01.403729] {Default Queue}  -> xdg_toplevel#30.set_min_size(1400, 948)
[12:07:01.403736] {Default Queue}  -> xdg_toplevel#30.set_max_size(0, 0)
[12:07:01.403745] {Default Queue}  -> xdg_surface#29.set_window_geometry(45, 45, 1400, 948)
[12:07:01.403791] {mesa egl surface queue}  -> wl_surface#14.attach(wl_buffer#44, 0, 0)
[12:07:01.403793] {mesa egl surface queue}  -> wl_surface#14.damage(0, 0, 2147483647, 2147483647)
[12:07:01.403796] {mesa egl surface queue}  -> wl_surface#14.commit()
[12:07:01.403797] {mesa egl surface queue}  -> wl_display#1.sync(new id wl_callback#43)
[12:07:01.403940] {Display Queue} wl_display#1.delete_id(43)
[12:07:01.515402] {mesa egl surface queue} wl_callback#43.done(7)
[12:07:01.515418] {mesa egl surface queue} wl_buffer#40.release()
[12:07:01.516268] {Default Queue}  -> xdg_toplevel#30.set_min_size(1400, 948)
[12:07:01.516277] {Default Queue}  -> xdg_toplevel#30.set_max_size(0, 0)
[12:07:01.516279] {Default Queue}  -> xdg_surface#29.set_window_geometry(45, 45, 1400, 948)
[12:07:01.516327] {mesa egl surface queue}  -> wl_surface#14.attach(wl_buffer#40, 0, 0)
[12:07:01.516330] {mesa egl surface queue}  -> wl_surface#14.damage(0, 0, 2147483647, 2147483647)
[12:07:01.516332] {mesa egl surface queue}  -> wl_surface#14.commit()
[12:07:01.516334] {mesa egl surface queue}  -> wl_display#1.sync(new id wl_callback#43)
[12:07:01.516419] {Display Queue} wl_display#1.delete_id(43)
[12:07:01.538058] {mesa egl surface queue} wl_callback#43.done(7)
[12:07:01.538099] {mesa egl surface queue} wl_buffer#44.release()
[12:07:01.538869] {Default Queue}  -> xdg_toplevel#30.set_min_size(1400, 948)
[12:07:01.538876] {Default Queue}  -> xdg_toplevel#30.set_max_size(0, 0)
[12:07:01.538878] {Default Queue}  -> xdg_surface#29.set_window_geometry(45, 45, 1400, 948)
[12:07:01.538920] {mesa egl surface queue}  -> wl_surface#14.attach(wl_buffer#44, 0, 0)
[12:07:01.538923] {mesa egl surface queue}  -> wl_surface#14.damage(0, 0, 2147483647, 2147483647)
[12:07:01.538925] {mesa egl surface queue}  -> wl_surface#14.commit()
[12:07:01.538926] {mesa egl surface queue}  -> wl_display#1.sync(new id wl_callback#43)
[12:07:01.538987] {Display Queue} wl_display#1.delete_id(43)
[12:07:01.611590] {mesa egl surface queue} wl_callback#43.done(7)
[12:07:01.611608] {mesa egl surface queue} wl_buffer#40.release()
[12:07:01.612802] {Default Queue}  -> xdg_toplevel#30.set_min_size(1400, 948)
[12:07:01.612812] {Default Queue}  -> xdg_toplevel#30.set_max_size(0, 0)
[12:07:01.612820] {Default Queue}  -> xdg_surface#29.set_window_geometry(45, 45, 1400, 948)
[12:07:01.612870] {mesa egl surface queue}  -> wl_surface#14.attach(wl_buffer#40, 0, 0)
[12:07:01.612873] {mesa egl surface queue}  -> wl_surface#14.damage(0, 0, 2147483647, 2147483647)
[12:07:01.612875] {mesa egl surface queue}  -> wl_surface#14.commit()
[12:07:01.612877] {mesa egl surface queue}  -> wl_display#1.sync(new id wl_callback#43)
[12:07:01.613011] {Display Queue} wl_display#1.delete_id(43)
[12:07:01.724088] {mesa egl surface queue} wl_callback#43.done(7)
[12:07:01.724105] {mesa egl surface queue} wl_buffer#44.release()
[12:07:01.724934] {Default Queue}  -> xdg_toplevel#30.set_min_size(1400, 948)
[12:07:01.724942] {Default Queue}  -> xdg_toplevel#30.set_max_size(0, 0)
[12:07:01.724944] {Default Queue}  -> xdg_surface#29.set_window_geometry(45, 45, 1400, 948)
[12:07:01.724990] {mesa egl surface queue}  -> wl_surface#14.attach(wl_buffer#44, 0, 0)
[12:07:01.724993] {mesa egl surface queue}  -> wl_surface#14.damage(0, 0, 2147483647, 2147483647)
[12:07:01.724995] {mesa egl surface queue}  -> wl_surface#14.commit()
[12:07:01.724997] {mesa egl surface queue}  -> wl_display#1.sync(new id wl_callback#43)
[12:07:01.725067] {Display Queue} wl_display#1.delete_id(43)
[12:07:01.772873] {mesa egl surface queue} wl_callback#43.done(7)
[12:07:01.772892] {mesa egl surface queue} wl_buffer#40.release()
[12:07:01.773771] {Default Queue}  -> xdg_toplevel#30.set_min_size(1400, 948)
[12:07:01.773778] {Default Queue}  -> xdg_toplevel#30.set_max_size(0, 0)
[12:07:01.773780] {Default Queue}  -> xdg_surface#29.set_window_geometry(45, 45, 1400, 948)
[12:07:01.773828] {mesa egl surface queue}  -> wl_surface#14.attach(wl_buffer#40, 0, 0)
[12:07:01.773831] {mesa egl surface queue}  -> wl_surface#14.damage(0, 0, 2147483647, 2147483647)
[12:07:01.773833] {mesa egl surface queue}  -> wl_surface#14.commit()
[12:07:01.773834] {mesa egl surface queue}  -> wl_display#1.sync(new id wl_callback#43)
[12:07:01.773903] {Display Queue} wl_display#1.delete_id(43)
[12:07:01.820450] {mesa egl surface queue} wl_callback#43.done(7)
[12:07:01.820469] {mesa egl surface queue} wl_buffer#44.release()
[12:07:01.821302] {Default Queue}  -> xdg_toplevel#30.set_min_size(1400, 948)
[12:07:01.821310] {Default Queue}  -> xdg_toplevel#30.set_max_size(0, 0)
[12:07:01.821312] {Default Queue}  -> xdg_surface#29.set_window_geometry(45, 45, 1400, 948)
[12:07:01.821360] {mesa egl surface queue}  -> wl_surface#14.attach(wl_buffer#44, 0, 0)
[12:07:01.821362] {mesa egl surface queue}  -> wl_surface#14.damage(0, 0, 2147483647, 2147483647)
[12:07:01.821365] {mesa egl surface queue}  -> wl_surface#14.commit()
[12:07:01.821367] {mesa egl surface queue}  -> wl_display#1.sync(new id wl_callback#43)
[12:07:01.821435] {Display Queue} wl_display#1.delete_id(43)
[12:07:01.917023] {mesa egl surface queue} wl_callback#43.done(7)
[12:07:01.917040] {mesa egl surface queue} wl_buffer#40.release()
[12:07:01.917866] {Default Queue}  -> xdg_toplevel#30.set_min_size(1400, 948)
[12:07:01.917874] {Default Queue}  -> xdg_toplevel#30.set_max_size(0, 0)
[12:07:01.917876] {Default Queue}  -> xdg_surface#29.set_window_geometry(45, 45, 1400, 948)
[12:07:01.917921] {mesa egl surface queue}  -> wl_surface#14.attach(wl_buffer#40, 0, 0)
[12:07:01.917924] {mesa egl surface queue}  -> wl_surface#14.damage(0, 0, 2147483647, 2147483647)
[12:07:01.917926] {mesa egl surface queue}  -> wl_surface#14.commit()
[12:07:01.917927] {mesa egl surface queue}  -> wl_display#1.sync(new id wl_callback#43)
[12:07:01.917999] {Display Queue} wl_display#1.delete_id(43)
[12:07:02.030397] {mesa egl surface queue} wl_callback#43.done(7)
[12:07:02.030415] {mesa egl surface queue} wl_buffer#44.release()
[12:07:02.031251] {Default Queue}  -> xdg_toplevel#30.set_min_size(1400, 948)
[12:07:02.031259] {Default Queue}  -> xdg_toplevel#30.set_max_size(0, 0)
[12:07:02.031261] {Default Queue}  -> xdg_surface#29.set_window_geometry(45, 45, 1400, 948)
[12:07:02.031307] {mesa egl surface queue}  -> wl_surface#14.attach(wl_buffer#44, 0, 0)
[12:07:02.031314] {mesa egl surface queue}  -> wl_surface#14.damage(0, 0, 2147483647, 2147483647)
[12:07:02.031323] {mesa egl surface queue}  -> wl_surface#14.commit()
[12:07:02.031325] {mesa egl surface queue}  -> wl_display#1.sync(new id wl_callback#43)
[12:07:02.031437] {Display Queue} wl_display#1.delete_id(43)
[12:07:02.126012] {mesa egl surface queue} wl_callback#43.done(7)
[12:07:02.126029] {mesa egl surface queue} wl_buffer#40.release()
[12:07:02.126844] {Default Queue}  -> xdg_toplevel#30.set_min_size(1400, 948)
[12:07:02.126851] {Default Queue}  -> xdg_toplevel#30.set_max_size(0, 0)
[12:07:02.126853] {Default Queue}  -> xdg_surface#29.set_window_geometry(45, 45, 1400, 948)
[12:07:02.126899] {mesa egl surface queue}  -> wl_surface#14.attach(wl_buffer#40, 0, 0)
[12:07:02.126902] {mesa egl surface queue}  -> wl_surface#14.damage(0, 0, 2147483647, 2147483647)
[12:07:02.126904] {mesa egl surface queue}  -> wl_surface#14.commit()
[12:07:02.126906] {mesa egl surface queue}  -> wl_display#1.sync(new id wl_callback#43)
[12:07:02.126988] {Display Queue} wl_display#1.delete_id(43)
[12:07:02.239010] {mesa egl surface queue} wl_callback#43.done(7)
[12:07:02.239033] {mesa egl surface queue} wl_buffer#44.release()
[12:07:02.239865] {Default Queue}  -> xdg_toplevel#30.set_min_size(1400, 948)
[12:07:02.239872] {Default Queue}  -> xdg_toplevel#30.set_max_size(0, 0)
[12:07:02.239874] {Default Queue}  -> xdg_surface#29.set_window_geometry(45, 45, 1400, 948)
[12:07:02.239919] {mesa egl surface queue}  -> wl_surface#14.attach(wl_buffer#44, 0, 0)
[12:07:02.239921] {mesa egl surface queue}  -> wl_surface#14.damage(0, 0, 2147483647, 2147483647)
[12:07:02.239923] {mesa egl surface queue}  -> wl_surface#14.commit()
[12:07:02.239925] {mesa egl surface queue}  -> wl_display#1.sync(new id wl_callback#43)
[12:07:02.239996] {Display Queue} wl_display#1.delete_id(43)
[12:07:02.287636] {mesa egl surface queue} wl_callback#43.done(7)
[12:07:02.287656] {mesa egl surface queue} wl_buffer#40.release()
[12:07:02.288475] {Default Queue}  -> xdg_toplevel#30.set_min_size(1400, 948)
[12:07:02.288483] {Default Queue}  -> xdg_toplevel#30.set_max_size(0, 0)
[12:07:02.288485] {Default Queue}  -> xdg_surface#29.set_window_geometry(45, 45, 1400, 948)
[12:07:02.288528] {mesa egl surface queue}  -> wl_surface#14.attach(wl_buffer#40, 0, 0)
[12:07:02.288530] {mesa egl surface queue}  -> wl_surface#14.damage(0, 0, 2147483647, 2147483647)
[12:07:02.288532] {mesa egl surface queue}  -> wl_surface#14.commit()
[12:07:02.288534] {mesa egl surface queue}  -> wl_display#1.sync(new id wl_callback#43)
[12:07:02.288615] {Display Queue} wl_display#1.delete_id(43)
[12:07:02.335322] {mesa egl surface queue} wl_callback#43.done(7)
[12:07:02.335338] {mesa egl surface queue} wl_buffer#44.release()
[12:07:02.336155] {Default Queue}  -> xdg_toplevel#30.set_min_size(1400, 948)
[12:07:02.336163] {Default Queue}  -> xdg_toplevel#30.set_max_size(0, 0)
[12:07:02.336165] {Default Queue}  -> xdg_surface#29.set_window_geometry(45, 45, 1400, 948)
[12:07:02.336209] {mesa egl surface queue}  -> wl_surface#14.attach(wl_buffer#44, 0, 0)
[12:07:02.336212] {mesa egl surface queue}  -> wl_surface#14.damage(0, 0, 2147483647, 2147483647)
[12:07:02.336214] {mesa egl surface queue}  -> wl_surface#14.commit()
[12:07:02.336216] {mesa egl surface queue}  -> wl_display#1.sync(new id wl_callback#43)
[12:07:02.336293] {Display Queue} wl_display#1.delete_id(43)
[12:07:02.447871] {mesa egl surface queue} wl_callback#43.done(7)
[12:07:02.447892] {mesa egl surface queue} wl_buffer#40.release()
[12:07:02.449052] {Default Queue}  -> xdg_toplevel#30.set_min_size(1400, 948)
[12:07:02.449064] {Default Queue}  -> xdg_toplevel#30.set_max_size(0, 0)
[12:07:02.449066] {Default Queue}  -> xdg_surface#29.set_window_geometry(45, 45, 1400, 948)
[12:07:02.449108] {mesa egl surface queue}  -> wl_surface#14.attach(wl_buffer#40, 0, 0)
[12:07:02.449111] {mesa egl surface queue}  -> wl_surface#14.damage(0, 0, 2147483647, 2147483647)
[12:07:02.449113] {mesa egl surface queue}  -> wl_surface#14.commit()
[12:07:02.449115] {mesa egl surface queue}  -> wl_display#1.sync(new id wl_callback#43)
[12:07:02.449201] {Display Queue} wl_display#1.delete_id(43)
[12:07:02.529315] {mesa egl surface queue} wl_callback#43.done(7)
[12:07:02.529333] {mesa egl surface queue} wl_buffer#44.release()
[12:07:02.530193] {Default Queue}  -> xdg_toplevel#30.set_min_size(1400, 948)
[12:07:02.530202] {Default Queue}  -> xdg_toplevel#30.set_max_size(0, 0)
[12:07:02.530204] {Default Queue}  -> xdg_surface#29.set_window_geometry(45, 45, 1400, 948)
[12:07:02.530253] {mesa egl surface queue}  -> wl_surface#14.attach(wl_buffer#44, 0, 0)
[12:07:02.530256] {mesa egl surface queue}  -> wl_surface#14.damage(0, 0, 2147483647, 2147483647)
[12:07:02.530258] {mesa egl surface queue}  -> wl_surface#14.commit()
[12:07:02.530259] {mesa egl surface queue}  -> wl_display#1.sync(new id wl_callback#43)
[12:07:02.530342] {Display Queue} wl_display#1.delete_id(43)
[12:07:02.544451] {mesa egl surface queue} wl_callback#43.done(7)
[12:07:02.544468] {mesa egl surface queue} wl_buffer#40.release()
[12:07:02.545372] {Default Queue}  -> xdg_toplevel#30.set_min_size(1400, 948)
[12:07:02.545382] {Default Queue}  -> xdg_toplevel#30.set_max_size(0, 0)
[12:07:02.545384] {Default Queue}  -> xdg_surface#29.set_window_geometry(45, 45, 1400, 948)
[12:07:02.545426] {mesa egl surface queue}  -> wl_surface#14.attach(wl_buffer#40, 0, 0)
[12:07:02.545429] {mesa egl surface queue}  -> wl_surface#14.damage(0, 0, 2147483647, 2147483647)
[12:07:02.545431] {mesa egl surface queue}  -> wl_surface#14.commit()
[12:07:02.545433] {mesa egl surface queue}  -> wl_display#1.sync(new id wl_callback#43)
[12:07:02.545499] {Display Queue} wl_display#1.delete_id(43)
[12:07:02.656845] {mesa egl surface queue} wl_callback#43.done(7)
[12:07:02.656863] {mesa egl surface queue} wl_buffer#44.release()
[12:07:02.657699] {Default Queue}  -> xdg_toplevel#30.set_min_size(1400, 948)
[12:07:02.657706] {Default Queue}  -> xdg_toplevel#30.set_max_size(0, 0)
[12:07:02.657708] {Default Queue}  -> xdg_surface#29.set_window_geometry(45, 45, 1400, 948)
[12:07:02.657758] {mesa egl surface queue}  -> wl_surface#14.attach(wl_buffer#44, 0, 0)
[12:07:02.657761] {mesa egl surface queue}  -> wl_surface#14.damage(0, 0, 2147483647, 2147483647)
[12:07:02.657763] {mesa egl surface queue}  -> wl_surface#14.commit()
[12:07:02.657765] {mesa egl surface queue}  -> wl_display#1.sync(new id wl_callback#43)
[12:07:02.657846] {Display Queue} wl_display#1.delete_id(43)
[12:07:02.753234] {mesa egl surface queue} wl_callback#43.done(7)
[12:07:02.753251] {mesa egl surface queue} wl_buffer#40.release()
[12:07:02.754102] {Default Queue}  -> xdg_toplevel#30.set_min_size(1400, 948)
[12:07:02.754110] {Default Queue}  -> xdg_toplevel#30.set_max_size(0, 0)
[12:07:02.754112] {Default Queue}  -> xdg_surface#29.set_window_geometry(45, 45, 1400, 948)
[12:07:02.754158] {mesa egl surface queue}  -> wl_surface#14.attach(wl_buffer#40, 0, 0)
[12:07:02.754161] {mesa egl surface queue}  -> wl_surface#14.damage(0, 0, 2147483647, 2147483647)
[12:07:02.754163] {mesa egl surface queue}  -> wl_surface#14.commit()
[12:07:02.754165] {mesa egl surface queue}  -> wl_display#1.sync(new id wl_callback#43)
[12:07:02.754243] {Display Queue} wl_display#1.delete_id(43)
[12:07:02.786309] {mesa egl surface queue} wl_callback#43.done(7)
[12:07:02.786326] {mesa egl surface queue} wl_buffer#44.release()
[12:07:02.787178] {Default Queue}  -> xdg_toplevel#30.set_min_size(1400, 948)
[12:07:02.787185] {Default Queue}  -> xdg_toplevel#30.set_max_size(0, 0)
[12:07:02.787188] {Default Queue}  -> xdg_surface#29.set_window_geometry(45, 45, 1400, 948)
[12:07:02.787231] {mesa egl surface queue}  -> wl_surface#14.attach(wl_buffer#44, 0, 0)
[12:07:02.787234] {mesa egl surface queue}  -> wl_surface#14.damage(0, 0, 2147483647, 2147483647)
[12:07:02.787236] {mesa egl surface queue}  -> wl_surface#14.commit()
[12:07:02.787238] {mesa egl surface queue}  -> wl_display#1.sync(new id wl_callback#43)
[12:07:02.787316] {Display Queue} wl_display#1.delete_id(43)
[12:07:02.866138] {mesa egl surface queue} wl_callback#43.done(7)
[12:07:02.866161] {mesa egl surface queue} wl_buffer#40.release()
[12:07:02.867113] {Default Queue}  -> xdg_toplevel#30.set_min_size(1400, 948)
[12:07:02.867121] {Default Queue}  -> xdg_toplevel#30.set_max_size(0, 0)
[12:07:02.867123] {Default Queue}  -> xdg_surface#29.set_window_geometry(45, 45, 1400, 948)
[12:07:02.867171] {mesa egl surface queue}  -> wl_surface#14.attach(wl_buffer#40, 0, 0)
[12:07:02.867174] {mesa egl surface queue}  -> wl_surface#14.damage(0, 0, 2147483647, 2147483647)
[12:07:02.867176] {mesa egl surface queue}  -> wl_surface#14.commit()
[12:07:02.867178] {mesa egl surface queue}  -> wl_display#1.sync(new id wl_callback#43)
[12:07:02.867250] {Display Queue} wl_display#1.delete_id(43)
[12:07:02.962865] {mesa egl surface queue} wl_callback#43.done(7)
[12:07:02.962885] {mesa egl surface queue} wl_buffer#44.release()
[12:07:02.963734] {Default Queue}  -> xdg_toplevel#30.set_min_size(1400, 948)
[12:07:02.963750] {Default Queue}  -> xdg_toplevel#30.set_max_size(0, 0)
[12:07:02.963752] {Default Queue}  -> xdg_surface#29.set_window_geometry(45, 45, 1400, 948)
[12:07:02.963858] {mesa egl surface queue}  -> wl_surface#14.attach(wl_buffer#44, 0, 0)
[12:07:02.963869] {mesa egl surface queue}  -> wl_surface#14.damage(0, 0, 2147483647, 2147483647)
[12:07:02.963871] {mesa egl surface queue}  -> wl_surface#14.commit()
[12:07:02.963873] {mesa egl surface queue}  -> wl_display#1.sync(new id wl_callback#43)
[12:07:02.964011] {Display Queue} wl_display#1.delete_id(43)
[12:07:03.043977] {mesa egl surface queue} wl_callback#43.done(7)
[12:07:03.043994] {mesa egl surface queue} wl_buffer#40.release()
[12:07:03.044821] {Default Queue}  -> xdg_toplevel#30.set_min_size(1400, 948)
[12:07:03.044829] {Default Queue}  -> xdg_toplevel#30.set_max_size(0, 0)
[12:07:03.044831] {Default Queue}  -> xdg_surface#29.set_window_geometry(45, 45, 1400, 948)
[12:07:03.044876] {mesa egl surface queue}  -> wl_surface#14.attach(wl_buffer#40, 0, 0)
[12:07:03.044879] {mesa egl surface queue}  -> wl_surface#14.damage(0, 0, 2147483647, 2147483647)
[12:07:03.044881] {mesa egl surface queue}  -> wl_surface#14.commit()
[12:07:03.044883] {mesa egl surface queue}  -> wl_display#1.sync(new id wl_callback#43)
[12:07:03.044952] {Display Queue} wl_display#1.delete_id(43)
[12:07:03.075495] {mesa egl surface queue} wl_callback#43.done(7)
[12:07:03.075513] {mesa egl surface queue} wl_buffer#44.release()
[12:07:03.076327] {Default Queue}  -> xdg_toplevel#30.set_min_size(1400, 948)
[12:07:03.076334] {Default Queue}  -> xdg_toplevel#30.set_max_size(0, 0)
[12:07:03.076337] {Default Queue}  -> xdg_surface#29.set_window_geometry(45, 45, 1400, 948)
[12:07:03.076379] {mesa egl surface queue}  -> wl_surface#14.attach(wl_buffer#44, 0, 0)
[12:07:03.076382] {mesa egl surface queue}  -> wl_surface#14.damage(0, 0, 2147483647, 2147483647)
[12:07:03.076384] {mesa egl surface queue}  -> wl_surface#14.commit()
[12:07:03.076386] {mesa egl surface queue}  -> wl_display#1.sync(new id wl_callback#43)
[12:07:03.076465] {Display Queue} wl_display#1.delete_id(43)
[12:07:03.171953] {mesa egl surface queue} wl_callback#43.done(7)
[12:07:03.171971] {mesa egl surface queue} wl_buffer#40.release()
[12:07:03.172854] {Default Queue}  -> xdg_toplevel#30.set_min_size(1400, 948)
[12:07:03.172862] {Default Queue}  -> xdg_toplevel#30.set_max_size(0, 0)
[12:07:03.172864] {Default Queue}  -> xdg_surface#29.set_window_geometry(45, 45, 1400, 948)
[12:07:03.172909] {mesa egl surface queue}  -> wl_surface#14.attach(wl_buffer#40, 0, 0)
[12:07:03.172913] {mesa egl surface queue}  -> wl_surface#14.damage(0, 0, 2147483647, 2147483647)
[12:07:03.172915] {mesa egl surface queue}  -> wl_surface#14.commit()
[12:07:03.172917] {mesa egl surface queue}  -> wl_display#1.sync(new id wl_callback#43)
[12:07:03.172988] {Display Queue} wl_display#1.delete_id(43)
[12:07:03.285802] {mesa egl surface queue} wl_callback#43.done(7)
[12:07:03.285819] {mesa egl surface queue} wl_buffer#44.release()
[12:07:03.286643] {Default Queue}  -> xdg_toplevel#30.set_min_size(1400, 948)
[12:07:03.286652] {Default Queue}  -> xdg_toplevel#30.set_max_size(0, 0)
[12:07:03.286660] {Default Queue}  -> xdg_surface#29.set_window_geometry(45, 45, 1400, 948)
[12:07:03.286718] {mesa egl surface queue}  -> wl_surface#14.attach(wl_buffer#44, 0, 0)
[12:07:03.286723] {mesa egl surface queue}  -> wl_surface#14.damage(0, 0, 2147483647, 2147483647)
[12:07:03.286725] {mesa egl surface queue}  -> wl_surface#14.commit()
[12:07:03.286727] {mesa egl surface queue}  -> wl_display#1.sync(new id wl_callback#43)
[12:07:03.286800] {Display Queue} wl_display#1.delete_id(43)
[12:07:03.380882] {mesa egl surface queue} wl_callback#43.done(7)
[12:07:03.380901] {mesa egl surface queue} wl_buffer#40.release()
[12:07:03.381714] {Default Queue}  -> xdg_toplevel#30.set_min_size(1400, 948)
[12:07:03.381722] {Default Queue}  -> xdg_toplevel#30.set_max_size(0, 0)
[12:07:03.381724] {Default Queue}  -> xdg_surface#29.set_window_geometry(45, 45, 1400, 948)
[12:07:03.381772] {mesa egl surface queue}  -> wl_surface#14.attach(wl_buffer#40, 0, 0)
[12:07:03.381775] {mesa egl surface queue}  -> wl_surface#14.damage(0, 0, 2147483647, 2147483647)
[12:07:03.381777] {mesa egl surface queue}  -> wl_surface#14.commit()
[12:07:03.381779] {mesa egl surface queue}  -> wl_display#1.sync(new id wl_callback#43)
[12:07:03.381849] {Display Queue} wl_display#1.delete_id(43)
[12:07:03.477401] {mesa egl surface queue} wl_callback#43.done(7)
[12:07:03.477420] {mesa egl surface queue} wl_buffer#44.release()
[12:07:03.478340] {Default Queue}  -> xdg_toplevel#30.set_min_size(1400, 948)
[12:07:03.478348] {Default Queue}  -> xdg_toplevel#30.set_max_size(0, 0)
[12:07:03.478351] {Default Queue}  -> xdg_surface#29.set_window_geometry(45, 45, 1400, 948)
[12:07:03.478392] {mesa egl surface queue}  -> wl_surface#14.attach(wl_buffer#44, 0, 0)
[12:07:03.478395] {mesa egl surface queue}  -> wl_surface#14.damage(0, 0, 2147483647, 2147483647)
[12:07:03.478397] {mesa egl surface queue}  -> wl_surface#14.commit()
[12:07:03.478399] {mesa egl surface queue}  -> wl_display#1.sync(new id wl_callback#43)
[12:07:03.478469] {Display Queue} wl_display#1.delete_id(43)
[12:07:03.542630] {mesa egl surface queue} wl_callback#43.done(7)
[12:07:03.542648] {mesa egl surface queue} wl_buffer#40.release()
[12:07:03.543466] {Default Queue}  -> xdg_toplevel#30.set_min_size(1400, 948)
[12:07:03.543473] {Default Queue}  -> xdg_toplevel#30.set_max_size(0, 0)
[12:07:03.543475] {Default Queue}  -> xdg_surface#29.set_window_geometry(45, 45, 1400, 948)
[12:07:03.543520] {mesa egl surface queue}  -> wl_surface#14.attach(wl_buffer#40, 0, 0)
[12:07:03.543523] {mesa egl surface queue}  -> wl_surface#14.damage(0, 0, 2147483647, 2147483647)
[12:07:03.543525] {mesa egl surface queue}  -> wl_surface#14.commit()
[12:07:03.543527] {mesa egl surface queue}  -> wl_display#1.sync(new id wl_callback#43)
[12:07:03.543594] {Display Queue} wl_display#1.delete_id(43)
[12:07:03.589994] {mesa egl surface queue} wl_callback#43.done(7)
[12:07:03.590011] {mesa egl surface queue} wl_buffer#44.release()
[12:07:03.590848] {Default Queue}  -> xdg_toplevel#30.set_min_size(1400, 948)
[12:07:03.590855] {Default Queue}  -> xdg_toplevel#30.set_max_size(0, 0)
[12:07:03.590857] {Default Queue}  -> xdg_surface#29.set_window_geometry(45, 45, 1400, 948)
[12:07:03.590901] {mesa egl surface queue}  -> wl_surface#14.attach(wl_buffer#44, 0, 0)
[12:07:03.590904] {mesa egl surface queue}  -> wl_surface#14.damage(0, 0, 2147483647, 2147483647)
[12:07:03.590906] {mesa egl surface queue}  -> wl_surface#14.commit()
[12:07:03.590908] {mesa egl surface queue}  -> wl_display#1.sync(new id wl_callback#43)
[12:07:03.590972] {Display Queue} wl_display#1.delete_id(43)
[12:07:03.686419] {mesa egl surface queue} wl_callback#43.done(7)
[12:07:03.686437] {mesa egl surface queue} wl_buffer#40.release()
[12:07:03.687280] {Default Queue}  -> xdg_toplevel#30.set_min_size(1400, 948)
[12:07:03.687288] {Default Queue}  -> xdg_toplevel#30.set_max_size(0, 0)
[12:07:03.687290] {Default Queue}  -> xdg_surface#29.set_window_geometry(45, 45, 1400, 948)
[12:07:03.687333] {mesa egl surface queue}  -> wl_surface#14.attach(wl_buffer#40, 0, 0)
[12:07:03.687341] {mesa egl surface queue}  -> wl_surface#14.damage(0, 0, 2147483647, 2147483647)
[12:07:03.687350] {mesa egl surface queue}  -> wl_surface#14.commit()
[12:07:03.687353] {mesa egl surface queue}  -> wl_display#1.sync(new id wl_callback#43)
[12:07:03.687470] {Display Queue} wl_display#1.delete_id(43)
[12:07:03.800180] {mesa egl surface queue} wl_callback#43.done(7)
[12:07:03.800197] {mesa egl surface queue} wl_buffer#44.release()
[12:07:03.801014] {Default Queue}  -> xdg_toplevel#30.set_min_size(1400, 948)
[12:07:03.801022] {Default Queue}  -> xdg_toplevel#30.set_max_size(0, 0)
[12:07:03.801024] {Default Queue}  -> xdg_surface#29.set_window_geometry(45, 45, 1400, 948)
[12:07:03.801069] {mesa egl surface queue}  -> wl_surface#14.attach(wl_buffer#44, 0, 0)
[12:07:03.801072] {mesa egl surface queue}  -> wl_surface#14.damage(0, 0, 2147483647, 2147483647)
[12:07:03.801074] {mesa egl surface queue}  -> wl_surface#14.commit()
[12:07:03.801076] {mesa egl surface queue}  -> wl_display#1.sync(new id wl_callback#43)
[12:07:03.801180] {Display Queue} wl_display#1.delete_id(43)
[12:07:03.895245] {mesa egl surface queue} wl_callback#43.done(7)
[12:07:03.895262] {mesa egl surface queue} wl_buffer#40.release()
[12:07:03.896095] {Default Queue}  -> xdg_toplevel#30.set_min_size(1400, 948)
[12:07:03.896103] {Default Queue}  -> xdg_toplevel#30.set_max_size(0, 0)
[12:07:03.896105] {Default Queue}  -> xdg_surface#29.set_window_geometry(45, 45, 1400, 948)
[12:07:03.896151] {mesa egl surface queue}  -> wl_surface#14.attach(wl_buffer#40, 0, 0)
[12:07:03.896154] {mesa egl surface queue}  -> wl_surface#14.damage(0, 0, 2147483647, 2147483647)
[12:07:03.896156] {mesa egl surface queue}  -> wl_surface#14.commit()
[12:07:03.896158] {mesa egl surface queue}  -> wl_display#1.sync(new id wl_callback#43)
[12:07:03.896222] {Display Queue} wl_display#1.delete_id(43)
[12:07:04.008368] {mesa egl surface queue} wl_callback#43.done(7)
[12:07:04.008392] {mesa egl surface queue} wl_buffer#44.release()
[12:07:04.009218] {Default Queue}  -> xdg_toplevel#30.set_min_size(1400, 948)
[12:07:04.009225] {Default Queue}  -> xdg_toplevel#30.set_max_size(0, 0)
[12:07:04.009228] {Default Queue}  -> xdg_surface#29.set_window_geometry(45, 45, 1400, 948)
[12:07:04.009275] {mesa egl surface queue}  -> wl_surface#14.attach(wl_buffer#44, 0, 0)
[12:07:04.009278] {mesa egl surface queue}  -> wl_surface#14.damage(0, 0, 2147483647, 2147483647)
[12:07:04.009280] {mesa egl surface queue}  -> wl_surface#14.commit()
[12:07:04.009282] {mesa egl surface queue}  -> wl_display#1.sync(new id wl_callback#43)
[12:07:04.009346] {Display Queue} wl_display#1.delete_id(43)
[12:07:04.041365] {mesa egl surface queue} wl_callback#43.done(7)
[12:07:04.041380] {mesa egl surface queue} wl_buffer#40.release()
[12:07:04.042311] {Default Queue}  -> xdg_toplevel#30.set_min_size(1400, 948)
[12:07:04.042321] {Default Queue}  -> xdg_toplevel#30.set_max_size(0, 0)
[12:07:04.042324] {Default Queue}  -> xdg_surface#29.set_window_geometry(45, 45, 1400, 948)
[12:07:04.042364] {mesa egl surface queue}  -> wl_surface#14.attach(wl_buffer#40, 0, 0)
[12:07:04.042367] {mesa egl surface queue}  -> wl_surface#14.damage(0, 0, 2147483647, 2147483647)
[12:07:04.042369] {mesa egl surface queue}  -> wl_surface#14.commit()
[12:07:04.042371] {mesa egl surface queue}  -> wl_display#1.sync(new id wl_callback#43)
[12:07:04.042439] {Display Queue} wl_display#1.delete_id(43)
[12:07:04.104863] {mesa egl surface queue} wl_callback#43.done(7)
[12:07:04.104880] {mesa egl surface queue} wl_buffer#44.release()
[12:07:04.105688] {Default Queue}  -> xdg_toplevel#30.set_min_size(1400, 948)
[12:07:04.105695] {Default Queue}  -> xdg_toplevel#30.set_max_size(0, 0)
[12:07:04.105698] {Default Queue}  -> xdg_surface#29.set_window_geometry(45, 45, 1400, 948)
[12:07:04.105753] {mesa egl surface queue}  -> wl_surface#14.attach(wl_buffer#44, 0, 0)
[12:07:04.105756] {mesa egl surface queue}  -> wl_surface#14.damage(0, 0, 2147483647, 2147483647)
[12:07:04.105758] {mesa egl surface queue}  -> wl_surface#14.commit()
[12:07:04.105760] {mesa egl surface queue}  -> wl_display#1.sync(new id wl_callback#43)
[12:07:04.105840] {Display Queue} wl_display#1.delete_id(43)
[12:07:04.217444] {mesa egl surface queue} wl_callback#43.done(7)
[12:07:04.217461] {mesa egl surface queue} wl_buffer#40.release()
[12:07:04.218280] {Default Queue}  -> xdg_toplevel#30.set_min_size(1400, 948)
[12:07:04.218287] {Default Queue}  -> xdg_toplevel#30.set_max_size(0, 0)
[12:07:04.218290] {Default Queue}  -> xdg_surface#29.set_window_geometry(45, 45, 1400, 948)
[12:07:04.218337] {mesa egl surface queue}  -> wl_surface#14.attach(wl_buffer#40, 0, 0)
[12:07:04.218339] {mesa egl surface queue}  -> wl_surface#14.damage(0, 0, 2147483647, 2147483647)
[12:07:04.218342] {mesa egl surface queue}  -> wl_surface#14.commit()
[12:07:04.218344] {mesa egl surface queue}  -> wl_display#1.sync(new id wl_callback#43)
[12:07:04.218417] {Display Queue} wl_display#1.delete_id(43)
[12:07:04.298827] {mesa egl surface queue} wl_callback#43.done(7)
[12:07:04.298850] {mesa egl surface queue} wl_buffer#44.release()
[12:07:04.299751] {Default Queue}  -> xdg_toplevel#30.set_min_size(1400, 948)
[12:07:04.299761] {Default Queue}  -> xdg_toplevel#30.set_max_size(0, 0)
[12:07:04.299763] {Default Queue}  -> xdg_surface#29.set_window_geometry(45, 45, 1400, 948)
[12:07:04.299809] {mesa egl surface queue}  -> wl_surface#14.attach(wl_buffer#44, 0, 0)
[12:07:04.299812] {mesa egl surface queue}  -> wl_surface#14.damage(0, 0, 2147483647, 2147483647)
[12:07:04.299814] {mesa egl surface queue}  -> wl_surface#14.commit()
[12:07:04.299815] {mesa egl surface queue}  -> wl_display#1.sync(new id wl_callback#43)
[12:07:04.299883] {Display Queue} wl_display#1.delete_id(43)
[12:07:04.321650] {mesa egl surface queue} wl_callback#43.done(7)
[12:07:04.321667] {mesa egl surface queue} wl_buffer#40.release()
[12:07:04.322457] {Default Queue}  -> xdg_toplevel#30.set_min_size(1400, 948)
[12:07:04.322464] {Default Queue}  -> xdg_toplevel#30.set_max_size(0, 0)
[12:07:04.322466] {Default Queue}  -> xdg_surface#29.set_window_geometry(45, 45, 1400, 948)
[12:07:04.322509] {mesa egl surface queue}  -> wl_surface#14.attach(wl_buffer#40, 0, 0)
[12:07:04.322512] {mesa egl surface queue}  -> wl_surface#14.damage(0, 0, 2147483647, 2147483647)
[12:07:04.322514] {mesa egl surface queue}  -> wl_surface#14.commit()
[12:07:04.322515] {mesa egl surface queue}  -> wl_display#1.sync(new id wl_callback#43)
[12:07:04.322573] {Display Queue} wl_display#1.delete_id(43)
[12:07:04.425898] {mesa egl surface queue} wl_callback#43.done(7)
[12:07:04.425918] {mesa egl surface queue} wl_buffer#44.release()
[12:07:04.426729] {Default Queue}  -> xdg_toplevel#30.set_min_size(1400, 948)
[12:07:04.426736] {Default Queue}  -> xdg_toplevel#30.set_max_size(0, 0)
[12:07:04.426739] {Default Queue}  -> xdg_surface#29.set_window_geometry(45, 45, 1400, 948)
[12:07:04.426787] {mesa egl surface queue}  -> wl_surface#14.attach(wl_buffer#44, 0, 0)
[12:07:04.426790] {mesa egl surface queue}  -> wl_surface#14.damage(0, 0, 2147483647, 2147483647)
[12:07:04.426792] {mesa egl surface queue}  -> wl_surface#14.commit()
[12:07:04.426794] {mesa egl surface queue}  -> wl_display#1.sync(new id wl_callback#43)
[12:07:04.426866] {Display Queue} wl_display#1.delete_id(43)
[12:07:04.522868] {mesa egl surface queue} wl_callback#43.done(7)
[12:07:04.522886] {mesa egl surface queue} wl_buffer#40.release()
[12:07:04.523727] {Default Queue}  -> xdg_toplevel#30.set_min_size(1400, 948)
[12:07:04.523735] {Default Queue}  -> xdg_toplevel#30.set_max_size(0, 0)
[12:07:04.523737] {Default Queue}  -> xdg_surface#29.set_window_geometry(45, 45, 1400, 948)
[12:07:04.523789] {mesa egl surface queue}  -> wl_surface#14.attach(wl_buffer#40, 0, 0)
[12:07:04.523793] {mesa egl surface queue}  -> wl_surface#14.damage(0, 0, 2147483647, 2147483647)
[12:07:04.523795] {mesa egl surface queue}  -> wl_surface#14.commit()
[12:07:04.523796] {mesa egl surface queue}  -> wl_display#1.sync(new id wl_callback#43)
[12:07:04.523862] {Display Queue} wl_display#1.delete_id(43)
[12:07:04.555672] {mesa egl surface queue} wl_callback#43.done(7)
[12:07:04.555700] {mesa egl surface queue} wl_buffer#44.release()
[12:07:04.556624] {Default Queue}  -> xdg_toplevel#30.set_min_size(1400, 948)
[12:07:04.556634] {Default Queue}  -> xdg_toplevel#30.set_max_size(0, 0)
[12:07:04.556636] {Default Queue}  -> xdg_surface#29.set_window_geometry(45, 45, 1400, 948)
[12:07:04.556680] {mesa egl surface queue}  -> wl_surface#14.attach(wl_buffer#44, 0, 0)
[12:07:04.556683] {mesa egl surface queue}  -> wl_surface#14.damage(0, 0, 2147483647, 2147483647)
[12:07:04.556685] {mesa egl surface queue}  -> wl_surface#14.commit()
[12:07:04.556687] {mesa egl surface queue}  -> wl_display#1.sync(new id wl_callback#43)
[12:07:04.556756] {Display Queue} wl_display#1.delete_id(43)
[12:07:04.635075] {mesa egl surface queue} wl_callback#43.done(7)
[12:07:04.635093] {mesa egl surface queue} wl_buffer#40.release()
[12:07:04.636026] {Default Queue}  -> xdg_toplevel#30.set_min_size(1400, 948)
[12:07:04.636037] {Default Queue}  -> xdg_toplevel#30.set_max_size(0, 0)
[12:07:04.636040] {Default Queue}  -> xdg_surface#29.set_window_geometry(45, 45, 1400, 948)
[12:07:04.636083] {mesa egl surface queue}  -> wl_surface#14.attach(wl_buffer#40, 0, 0)
[12:07:04.636086] {mesa egl surface queue}  -> wl_surface#14.damage(0, 0, 2147483647, 2147483647)
[12:07:04.636088] {mesa egl surface queue}  -> wl_surface#14.commit()
[12:07:04.636090] {mesa egl surface queue}  -> wl_display#1.sync(new id wl_callback#43)
[12:07:04.636160] {Display Queue} wl_display#1.delete_id(43)
[12:07:04.731747] {mesa egl surface queue} wl_callback#43.done(7)
[12:07:04.731767] {mesa egl surface queue} wl_buffer#44.release()
[12:07:04.732578] {Default Queue}  -> xdg_toplevel#30.set_min_size(1400, 948)
[12:07:04.732586] {Default Queue}  -> xdg_toplevel#30.set_max_size(0, 0)
[12:07:04.732588] {Default Queue}  -> xdg_surface#29.set_window_geometry(45, 45, 1400, 948)
[12:07:04.732633] {mesa egl surface queue}  -> wl_surface#14.attach(wl_buffer#44, 0, 0)
[12:07:04.732636] {mesa egl surface queue}  -> wl_surface#14.damage(0, 0, 2147483647, 2147483647)
[12:07:04.732638] {mesa egl surface queue}  -> wl_surface#14.commit()
[12:07:04.732640] {mesa egl surface queue}  -> wl_display#1.sync(new id wl_callback#43)
[12:07:04.732722] {Display Queue} wl_display#1.delete_id(43)
[12:07:04.796718] {mesa egl surface queue} wl_callback#43.done(7)
[12:07:04.796736] {mesa egl surface queue} wl_buffer#40.release()
[12:07:04.797555] {Default Queue}  -> xdg_toplevel#30.set_min_size(1400, 948)
[12:07:04.797563] {Default Queue}  -> xdg_toplevel#30.set_max_size(0, 0)
[12:07:04.797565] {Default Queue}  -> xdg_surface#29.set_window_geometry(45, 45, 1400, 948)
[12:07:04.797608] {mesa egl surface queue}  -> wl_surface#14.attach(wl_buffer#40, 0, 0)
[12:07:04.797611] {mesa egl surface queue}  -> wl_surface#14.damage(0, 0, 2147483647, 2147483647)
[12:07:04.797613] {mesa egl surface queue}  -> wl_surface#14.commit()
[12:07:04.797615] {mesa egl surface queue}  -> wl_display#1.sync(new id wl_callback#43)
[12:07:04.797689] {Display Queue} wl_display#1.delete_id(43)
[12:07:04.844257] {mesa egl surface queue} wl_callback#43.done(7)
[12:07:04.844274] {mesa egl surface queue} wl_buffer#44.release()
[12:07:04.845120] {Default Queue}  -> xdg_toplevel#30.set_min_size(1400, 948)
[12:07:04.845128] {Default Queue}  -> xdg_toplevel#30.set_max_size(0, 0)
[12:07:04.845130] {Default Queue}  -> xdg_surface#29.set_window_geometry(45, 45, 1400, 948)
[12:07:04.845176] {mesa egl surface queue}  -> wl_surface#14.attach(wl_buffer#44, 0, 0)
[12:07:04.845179] {mesa egl surface queue}  -> wl_surface#14.damage(0, 0, 2147483647, 2147483647)
[12:07:04.845181] {mesa egl surface queue}  -> wl_surface#14.commit()
[12:07:04.845183] {mesa egl surface queue}  -> wl_display#1.sync(new id wl_callback#43)
[12:07:04.845250] {Display Queue} wl_display#1.delete_id(43)
[12:07:04.940870] {mesa egl surface queue} wl_callback#43.done(7)
[12:07:04.940886] {mesa egl surface queue} wl_buffer#40.release()
[12:07:04.941704] {Default Queue}  -> xdg_toplevel#30.set_min_size(1400, 948)
[12:07:04.941712] {Default Queue}  -> xdg_toplevel#30.set_max_size(0, 0)
[12:07:04.941720] {Default Queue}  -> xdg_surface#29.set_window_geometry(45, 45, 1400, 948)
[12:07:04.941776] {mesa egl surface queue}  -> wl_surface#14.attach(wl_buffer#40, 0, 0)
[12:07:04.941779] {mesa egl surface queue}  -> wl_surface#14.damage(0, 0, 2147483647, 2147483647)
[12:07:04.941781] {mesa egl surface queue}  -> wl_surface#14.commit()
[12:07:04.941783] {mesa egl surface queue}  -> wl_display#1.sync(new id wl_callback#43)
[12:07:04.941849] {Display Queue} wl_display#1.delete_id(43)
[12:07:05.037039] {mesa egl surface queue} wl_callback#43.done(7)
[12:07:05.037057] {mesa egl surface queue} wl_buffer#44.release()
[12:07:05.037878] {Default Queue}  -> xdg_toplevel#30.set_min_size(1400, 948)
[12:07:05.037886] {Default Queue}  -> xdg_toplevel#30.set_max_size(0, 0)
[12:07:05.037888] {Default Queue}  -> xdg_surface#29.set_window_geometry(45, 45, 1400, 948)
[12:07:05.037933] {mesa egl surface queue}  -> wl_surface#14.attach(wl_buffer#44, 0, 0)
[12:07:05.037936] {mesa egl surface queue}  -> wl_surface#14.damage(0, 0, 2147483647, 2147483647)
[12:07:05.037938] {mesa egl surface queue}  -> wl_surface#14.commit()
[12:07:05.037940] {mesa egl surface queue}  -> wl_display#1.sync(new id wl_callback#43)
[12:07:05.038019] {Display Queue} wl_display#1.delete_id(43)
[12:07:05.054945] {mesa egl surface queue} wl_callback#43.done(7)
[12:07:05.054961] {mesa egl surface queue} wl_buffer#40.release()
[12:07:05.055754] {Default Queue}  -> xdg_toplevel#30.set_min_size(1400, 948)
[12:07:05.055762] {Default Queue}  -> xdg_toplevel#30.set_max_size(0, 0)
[12:07:05.055765] {Default Queue}  -> xdg_surface#29.set_window_geometry(45, 45, 1400, 948)
[12:07:05.055858] {mesa egl surface queue}  -> wl_surface#14.attach(wl_buffer#40, 0, 0)
[12:07:05.055861] {mesa egl surface queue}  -> wl_surface#14.damage(0, 0, 2147483647, 2147483647)
[12:07:05.055863] {mesa egl surface queue}  -> wl_surface#14.commit()
[12:07:05.055865] {mesa egl surface queue}  -> wl_display#1.sync(new id wl_callback#43)
[12:07:05.055937] {Display Queue} wl_display#1.delete_id(43)
[12:07:05.150010] {mesa egl surface queue} wl_callback#43.done(7)
[12:07:05.150026] {mesa egl surface queue} wl_buffer#44.release()
[12:07:05.150844] {Default Queue}  -> xdg_toplevel#30.set_min_size(1400, 948)
[12:07:05.150851] {Default Queue}  -> xdg_toplevel#30.set_max_size(0, 0)
[12:07:05.150853] {Default Queue}  -> xdg_surface#29.set_window_geometry(45, 45, 1400, 948)
[12:07:05.150899] {mesa egl surface queue}  -> wl_surface#14.attach(wl_buffer#44, 0, 0)
[12:07:05.150902] {mesa egl surface queue}  -> wl_surface#14.damage(0, 0, 2147483647, 2147483647)
[12:07:05.150904] {mesa egl surface queue}  -> wl_surface#14.commit()
[12:07:05.150906] {mesa egl surface queue}  -> wl_display#1.sync(new id wl_callback#43)
[12:07:05.150980] {Display Queue} wl_display#1.delete_id(43)
[12:07:05.246565] {mesa egl surface queue} wl_callback#43.done(7)
[12:07:05.246583] {mesa egl surface queue} wl_buffer#40.release()
[12:07:05.247429] {Default Queue}  -> xdg_toplevel#30.set_min_size(1400, 948)
[12:07:05.247437] {Default Queue}  -> xdg_toplevel#30.set_max_size(0, 0)
[12:07:05.247440] {Default Queue}  -> xdg_surface#29.set_window_geometry(45, 45, 1400, 948)
[12:07:05.247484] {mesa egl surface queue}  -> wl_surface#14.attach(wl_buffer#40, 0, 0)
[12:07:05.247487] {mesa egl surface queue}  -> wl_surface#14.damage(0, 0, 2147483647, 2147483647)
[12:07:05.247489] {mesa egl surface queue}  -> wl_surface#14.commit()
[12:07:05.247491] {mesa egl surface queue}  -> wl_display#1.sync(new id wl_callback#43)
[12:07:05.247565] {Display Queue} wl_display#1.delete_id(43)
[12:07:05.311944] {mesa egl surface queue} wl_callback#43.done(7)
[12:07:05.311961] {mesa egl surface queue} wl_buffer#44.release()
[12:07:05.312799] {Default Queue}  -> xdg_toplevel#30.set_min_size(1400, 948)
[12:07:05.312807] {Default Queue}  -> xdg_toplevel#30.set_max_size(0, 0)
[12:07:05.312810] {Default Queue}  -> xdg_surface#29.set_window_geometry(45, 45, 1400, 948)
[12:07:05.312853] {mesa egl surface queue}  -> wl_surface#14.attach(wl_buffer#44, 0, 0)
[12:07:05.312861] {mesa egl surface queue}  -> wl_surface#14.damage(0, 0, 2147483647, 2147483647)
[12:07:05.312870] {mesa egl surface queue}  -> wl_surface#14.commit()
[12:07:05.312872] {mesa egl surface queue}  -> wl_display#1.sync(new id wl_callback#43)
[12:07:05.312937] {Display Queue} wl_display#1.delete_id(43)
[12:07:05.358922] {mesa egl surface queue} wl_callback#43.done(7)
[12:07:05.358940] {mesa egl surface queue} wl_buffer#40.release()
[12:07:05.359836] {Default Queue}  -> xdg_toplevel#30.set_min_size(1400, 948)
[12:07:05.359845] {Default Queue}  -> xdg_toplevel#30.set_max_size(0, 0)
[12:07:05.359847] {Default Queue}  -> xdg_surface#29.set_window_geometry(45, 45, 1400, 948)
[12:07:05.359895] {mesa egl surface queue}  -> wl_surface#14.attach(wl_buffer#40, 0, 0)
[12:07:05.359898] {mesa egl surface queue}  -> wl_surface#14.damage(0, 0, 2147483647, 2147483647)
[12:07:05.359900] {mesa egl surface queue}  -> wl_surface#14.commit()
[12:07:05.359902] {mesa egl surface queue}  -> wl_display#1.sync(new id wl_callback#43)
[12:07:05.359980] {Display Queue} wl_display#1.delete_id(43)
[12:07:05.455435] {mesa egl surface queue} wl_callback#43.done(7)
[12:07:05.455450] {mesa egl surface queue} wl_buffer#44.release()
[12:07:05.456348] {Default Queue}  -> xdg_toplevel#30.set_min_size(1400, 948)
[12:07:05.456356] {Default Queue}  -> xdg_toplevel#30.set_max_size(0, 0)
[12:07:05.456359] {Default Queue}  -> xdg_surface#29.set_window_geometry(45, 45, 1400, 948)
[12:07:05.456403] {mesa egl surface queue}  -> wl_surface#14.attach(wl_buffer#44, 0, 0)
[12:07:05.456406] {mesa egl surface queue}  -> wl_surface#14.damage(0, 0, 2147483647, 2147483647)
[12:07:05.456408] {mesa egl surface queue}  -> wl_surface#14.commit()
[12:07:05.456410] {mesa egl surface queue}  -> wl_display#1.sync(new id wl_callback#43)
[12:07:05.456484] {Display Queue} wl_display#1.delete_id(43)
[12:07:05.552718] {mesa egl surface queue} wl_callback#43.done(7)
[12:07:05.552736] {mesa egl surface queue} wl_buffer#40.release()
[12:07:05.553594] {Default Queue}  -> xdg_toplevel#30.set_min_size(1400, 948)
[12:07:05.553602] {Default Queue}  -> xdg_toplevel#30.set_max_size(0, 0)
[12:07:05.553604] {Default Queue}  -> xdg_surface#29.set_window_geometry(45, 45, 1400, 948)
[12:07:05.553649] {mesa egl surface queue}  -> wl_surface#14.attach(wl_buffer#40, 0, 0)
[12:07:05.553652] {mesa egl surface queue}  -> wl_surface#14.damage(0, 0, 2147483647, 2147483647)
[12:07:05.553654] {mesa egl surface queue}  -> wl_surface#14.commit()
[12:07:05.553657] {mesa egl surface queue}  -> wl_display#1.sync(new id wl_callback#43)
[12:07:05.553747] {Display Queue} wl_display#1.delete_id(43)
[12:07:05.572247] {mesa egl surface queue} wl_callback#43.done(7)
[12:07:05.572272] {mesa egl surface queue} wl_buffer#44.release()
[12:07:05.573247] {Default Queue}  -> xdg_toplevel#30.set_min_size(1400, 948)
[12:07:05.573259] {Default Queue}  -> xdg_toplevel#30.set_max_size(0, 0)
[12:07:05.573261] {Default Queue}  -> xdg_surface#29.set_window_geometry(45, 45, 1400, 948)
[12:07:05.573309] {mesa egl surface queue}  -> wl_surface#14.attach(wl_buffer#44, 0, 0)
[12:07:05.573314] {mesa egl surface queue}  -> wl_surface#14.damage(0, 0, 2147483647, 2147483647)
[12:07:05.573317] {mesa egl surface queue}  -> wl_surface#14.commit()
[12:07:05.573357] {mesa egl surface queue}  -> wl_display#1.sync(new id wl_callback#43)
[12:07:05.573425] {Display Queue} wl_display#1.delete_id(43)
[12:07:05.664513] {mesa egl surface queue} wl_callback#43.done(7)
[12:07:05.664532] {mesa egl surface queue} wl_buffer#40.release()
[12:07:05.665419] {Default Queue}  -> xdg_toplevel#30.set_min_size(1400, 948)
[12:07:05.665428] {Default Queue}  -> xdg_toplevel#30.set_max_size(0, 0)
[12:07:05.665430] {Default Queue}  -> xdg_surface#29.set_window_geometry(45, 45, 1400, 948)
[12:07:05.665479] {mesa egl surface queue}  -> wl_surface#14.attach(wl_buffer#40, 0, 0)
[12:07:05.665482] {mesa egl surface queue}  -> wl_surface#14.damage(0, 0, 2147483647, 2147483647)
[12:07:05.665484] {mesa egl surface queue}  -> wl_surface#14.commit()
[12:07:05.665486] {mesa egl surface queue}  -> wl_display#1.sync(new id wl_callback#43)
[12:07:05.665582] {Display Queue} wl_display#1.delete_id(43)
[12:07:05.777341] {mesa egl surface queue} wl_callback#43.done(7)
[12:07:05.777360] {mesa egl surface queue} wl_buffer#44.release()
[12:07:05.778176] {Default Queue}  -> xdg_toplevel#30.set_min_size(1400, 948)
[12:07:05.778184] {Default Queue}  -> xdg_toplevel#30.set_max_size(0, 0)
[12:07:05.778186] {Default Queue}  -> xdg_surface#29.set_window_geometry(45, 45, 1400, 948)
[12:07:05.778233] {mesa egl surface queue}  -> wl_surface#14.attach(wl_buffer#44, 0, 0)
[12:07:05.778236] {mesa egl surface queue}  -> wl_surface#14.damage(0, 0, 2147483647, 2147483647)
[12:07:05.778238] {mesa egl surface queue}  -> wl_surface#14.commit()
[12:07:05.778239] {mesa egl surface queue}  -> wl_display#1.sync(new id wl_callback#43)
[12:07:05.778354] {Display Queue} wl_display#1.delete_id(43)
[12:07:05.809844] {mesa egl surface queue} wl_callback#43.done(7)
[12:07:05.809861] {mesa egl surface queue} wl_buffer#40.release()
[12:07:05.810649] {Default Queue}  -> xdg_toplevel#30.set_min_size(1400, 948)
[12:07:05.810655] {Default Queue}  -> xdg_toplevel#30.set_max_size(0, 0)
[12:07:05.810658] {Default Queue}  -> xdg_surface#29.set_window_geometry(45, 45, 1400, 948)
[12:07:05.810701] {mesa egl surface queue}  -> wl_surface#14.attach(wl_buffer#40, 0, 0)
[12:07:05.810703] {mesa egl surface queue}  -> wl_surface#14.damage(0, 0, 2147483647, 2147483647)
[12:07:05.810706] {mesa egl surface queue}  -> wl_surface#14.commit()
[12:07:05.810707] {mesa egl surface queue}  -> wl_display#1.sync(new id wl_callback#43)
[12:07:05.810789] {Display Queue} wl_display#1.delete_id(43)
[12:07:05.873789] {mesa egl surface queue} wl_callback#43.done(7)
[12:07:05.873819] {mesa egl surface queue} wl_buffer#44.release()
[12:07:05.874994] {Default Queue}  -> xdg_toplevel#30.set_min_size(1400, 948)
[12:07:05.875007] {Default Queue}  -> xdg_toplevel#30.set_max_size(0, 0)
[12:07:05.875011] {Default Queue}  -> xdg_surface#29.set_window_geometry(45, 45, 1400, 948)
[12:07:05.875077] {mesa egl surface queue}  -> wl_surface#14.attach(wl_buffer#44, 0, 0)
[12:07:05.875084] {mesa egl surface queue}  -> wl_surface#14.damage(0, 0, 2147483647, 2147483647)
[12:07:05.875088] {mesa egl surface queue}  -> wl_surface#14.commit()
[12:07:05.875091] {mesa egl surface queue}  -> wl_display#1.sync(new id wl_callback#43)
[12:07:05.875289] {Display Queue} wl_display#1.delete_id(43)
[12:07:05.986392] {mesa egl surface queue} wl_callback#43.done(7)
[12:07:05.986413] {mesa egl surface queue} wl_buffer#40.release()
[12:07:05.987554] {Default Queue}  -> xdg_toplevel#30.set_min_size(1400, 948)
[12:07:05.987564] {Default Queue}  -> xdg_toplevel#30.set_max_size(0, 0)
[12:07:05.987567] {Default Queue}  -> xdg_surface#29.set_window_geometry(45, 45, 1400, 948)
[12:07:05.987614] {mesa egl surface queue}  -> wl_surface#14.attach(wl_buffer#40, 0, 0)
[12:07:05.987617] {mesa egl surface queue}  -> wl_surface#14.damage(0, 0, 2147483647, 2147483647)
[12:07:05.987619] {mesa egl surface queue}  -> wl_surface#14.commit()
[12:07:05.987621] {mesa egl surface queue}  -> wl_display#1.sync(new id wl_callback#43)
[12:07:05.987720] {Display Queue} wl_display#1.delete_id(43)
[12:07:06.067842] {mesa egl surface queue} wl_callback#43.done(7)
[12:07:06.067858] {mesa egl surface queue} wl_buffer#44.release()
[12:07:06.068844] {Default Queue}  -> xdg_toplevel#30.set_min_size(1400, 948)
[12:07:06.068855] {Default Queue}  -> xdg_toplevel#30.set_max_size(0, 0)
[12:07:06.068857] {Default Queue}  -> xdg_surface#29.set_window_geometry(45, 45, 1400, 948)
[12:07:06.068904] {mesa egl surface queue}  -> wl_surface#14.attach(wl_buffer#44, 0, 0)
[12:07:06.068907] {mesa egl surface queue}  -> wl_surface#14.damage(0, 0, 2147483647, 2147483647)
[12:07:06.068909] {mesa egl surface queue}  -> wl_surface#14.commit()
[12:07:06.068912] {mesa egl surface queue}  -> wl_display#1.sync(new id wl_callback#43)
[12:07:06.069107] {Display Queue} wl_display#1.delete_id(43)
[12:07:06.088300] {mesa egl surface queue} wl_callback#43.done(7)
[12:07:06.088317] {mesa egl surface queue} wl_buffer#40.release()
[12:07:06.089153] {Default Queue}  -> xdg_toplevel#30.set_min_size(1400, 948)
[12:07:06.089170] {Default Queue}  -> xdg_toplevel#30.set_max_size(0, 0)
[12:07:06.089173] {Default Queue}  -> xdg_surface#29.set_window_geometry(45, 45, 1400, 948)
[12:07:06.089215] {mesa egl surface queue}  -> wl_surface#14.attach(wl_buffer#40, 0, 0)
[12:07:06.089218] {mesa egl surface queue}  -> wl_surface#14.damage(0, 0, 2147483647, 2147483647)
[12:07:06.089220] {mesa egl surface queue}  -> wl_surface#14.commit()
[12:07:06.089222] {mesa egl surface queue}  -> wl_display#1.sync(new id wl_callback#43)
[12:07:06.089321] {Display Queue} wl_display#1.delete_id(43)
[12:07:06.195678] {mesa egl surface queue} wl_callback#43.done(7)
[12:07:06.195702] {mesa egl surface queue} wl_buffer#44.release()
[12:07:06.196529] {Default Queue}  -> xdg_toplevel#30.set_min_size(1400, 948)
[12:07:06.196535] {Default Queue}  -> xdg_toplevel#30.set_max_size(0, 0)
[12:07:06.196537] {Default Queue}  -> xdg_surface#29.set_window_geometry(45, 45, 1400, 948)
[12:07:06.196584] {mesa egl surface queue}  -> wl_surface#14.attach(wl_buffer#44, 0, 0)
[12:07:06.196586] {mesa egl surface queue}  -> wl_surface#14.damage(0, 0, 2147483647, 2147483647)
[12:07:06.196588] {mesa egl surface queue}  -> wl_surface#14.commit()
[12:07:06.196590] {mesa egl surface queue}  -> wl_display#1.sync(new id wl_callback#43)
[12:07:06.196852] {Display Queue} wl_display#1.delete_id(43)
[12:07:06.291943] {mesa egl surface queue} wl_callback#43.done(7)
[12:07:06.291960] {mesa egl surface queue} wl_buffer#40.release()
[12:07:06.292788] {Default Queue}  -> xdg_toplevel#30.set_min_size(1400, 948)
[12:07:06.292796] {Default Queue}  -> xdg_toplevel#30.set_max_size(0, 0)
[12:07:06.292798] {Default Queue}  -> xdg_surface#29.set_window_geometry(45, 45, 1400, 948)
[12:07:06.292845] {mesa egl surface queue}  -> wl_surface#14.attach(wl_buffer#40, 0, 0)
[12:07:06.292848] {mesa egl surface queue}  -> wl_surface#14.damage(0, 0, 2147483647, 2147483647)
[12:07:06.292850] {mesa egl surface queue}  -> wl_surface#14.commit()
[12:07:06.292852] {mesa egl surface queue}  -> wl_display#1.sync(new id wl_callback#43)
[12:07:06.292931] {Display Queue} wl_display#1.delete_id(43)
[12:07:06.308850] {mesa egl surface queue} wl_callback#43.done(7)
[12:07:06.308863] {mesa egl surface queue} wl_buffer#44.release()
[12:07:06.309654] {Default Queue}  -> xdg_toplevel#30.set_min_size(1400, 948)
[12:07:06.309660] {Default Queue}  -> xdg_toplevel#30.set_max_size(0, 0)
[12:07:06.309662] {Default Queue}  -> xdg_surface#29.set_window_geometry(45, 45, 1400, 948)
[12:07:06.309710] {mesa egl surface queue}  -> wl_surface#14.attach(wl_buffer#44, 0, 0)
[12:07:06.309713] {mesa egl surface queue}  -> wl_surface#14.damage(0, 0, 2147483647, 2147483647)
[12:07:06.309715] {mesa egl surface queue}  -> wl_surface#14.commit()
[12:07:06.309717] {mesa egl surface queue}  -> wl_display#1.sync(new id wl_callback#43)
[12:07:06.309828] {Display Queue} wl_display#1.delete_id(43)
[12:07:06.404466] {mesa egl surface queue} wl_callback#43.done(7)
[12:07:06.404485] {mesa egl surface queue} wl_buffer#40.release()
[12:07:06.405319] {Default Queue}  -> xdg_toplevel#30.set_min_size(1400, 948)
[12:07:06.405325] {Default Queue}  -> xdg_toplevel#30.set_max_size(0, 0)
[12:07:06.405327] {Default Queue}  -> xdg_surface#29.set_window_geometry(45, 45, 1400, 948)
[12:07:06.405369] {mesa egl surface queue}  -> wl_surface#14.attach(wl_buffer#40, 0, 0)
[12:07:06.405371] {mesa egl surface queue}  -> wl_surface#14.damage(0, 0, 2147483647, 2147483647)
[12:07:06.405373] {mesa egl surface queue}  -> wl_surface#14.commit()
[12:07:06.405375] {mesa egl surface queue}  -> wl_display#1.sync(new id wl_callback#43)
[12:07:06.405486] {Display Queue} wl_display#1.delete_id(43)
[12:07:06.500946] {mesa egl surface queue} wl_callback#43.done(7)
[12:07:06.500963] {mesa egl surface queue} wl_buffer#44.release()
[12:07:06.501835] {Default Queue}  -> xdg_toplevel#30.set_min_size(1400, 948)
[12:07:06.501844] {Default Queue}  -> xdg_toplevel#30.set_max_size(0, 0)
[12:07:06.501851] {Default Queue}  -> xdg_surface#29.set_window_geometry(45, 45, 1400, 948)
[12:07:06.501909] {mesa egl surface queue}  -> wl_surface#14.attach(wl_buffer#44, 0, 0)
[12:07:06.501912] {mesa egl surface queue}  -> wl_surface#14.damage(0, 0, 2147483647, 2147483647)
[12:07:06.501914] {mesa egl surface queue}  -> wl_surface#14.commit()
[12:07:06.501916] {mesa egl surface queue}  -> wl_display#1.sync(new id wl_callback#43)
[12:07:06.501994] {Display Queue} wl_display#1.delete_id(43)
[12:07:06.566453] {mesa egl surface queue} wl_callback#43.done(7)
[12:07:06.566474] {mesa egl surface queue} wl_buffer#40.release()
[12:07:06.567398] {Default Queue}  -> xdg_toplevel#30.set_min_size(1400, 948)
[12:07:06.567407] {Default Queue}  -> xdg_toplevel#30.set_max_size(0, 0)
[12:07:06.567409] {Default Queue}  -> xdg_surface#29.set_window_geometry(45, 45, 1400, 948)
[12:07:06.567461] {mesa egl surface queue}  -> wl_surface#14.attach(wl_buffer#40, 0, 0)
[12:07:06.567465] {mesa egl surface queue}  -> wl_surface#14.damage(0, 0, 2147483647, 2147483647)
[12:07:06.567467] {mesa egl surface queue}  -> wl_surface#14.commit()
[12:07:06.567469] {mesa egl surface queue}  -> wl_display#1.sync(new id wl_callback#43)
[12:07:06.567556] {Display Queue} wl_display#1.delete_id(43)
[12:07:06.597541] {mesa egl surface queue} wl_callback#43.done(7)
[12:07:06.597561] {mesa egl surface queue} wl_buffer#44.release()
[12:07:06.598534] {Default Queue}  -> xdg_toplevel#30.set_min_size(1400, 948)
[12:07:06.598545] {Default Queue}  -> xdg_toplevel#30.set_max_size(0, 0)
[12:07:06.598548] {Default Queue}  -> xdg_surface#29.set_window_geometry(45, 45, 1400, 948)
[12:07:06.598597] {mesa egl surface queue}  -> wl_surface#14.attach(wl_buffer#44, 0, 0)
[12:07:06.598600] {mesa egl surface queue}  -> wl_surface#14.damage(0, 0, 2147483647, 2147483647)
[12:07:06.598602] {mesa egl surface queue}  -> wl_surface#14.commit()
[12:07:06.598604] {mesa egl surface queue}  -> wl_display#1.sync(new id wl_callback#43)
[12:07:06.598713] {Display Queue} wl_display#1.delete_id(43)
[12:07:06.710342] {mesa egl surface queue} wl_callback#43.done(7)
[12:07:06.710356] {mesa egl surface queue} wl_buffer#40.release()
[12:07:06.711188] {Default Queue}  -> xdg_toplevel#30.set_min_size(1400, 948)
[12:07:06.711195] {Default Queue}  -> xdg_toplevel#30.set_max_size(0, 0)
[12:07:06.711198] {Default Queue}  -> xdg_surface#29.set_window_geometry(45, 45, 1400, 948)
[12:07:06.711243] {mesa egl surface queue}  -> wl_surface#14.attach(wl_buffer#40, 0, 0)
[12:07:06.711246] {mesa egl surface queue}  -> wl_surface#14.damage(0, 0, 2147483647, 2147483647)
[12:07:06.711248] {mesa egl surface queue}  -> wl_surface#14.commit()
[12:07:06.711250] {mesa egl surface queue}  -> wl_display#1.sync(new id wl_callback#43)
[12:07:06.711359] {Display Queue} wl_display#1.delete_id(43)
[12:07:06.807143] {mesa egl surface queue} wl_callback#43.done(7)
[12:07:06.807160] {mesa egl surface queue} wl_buffer#44.release()
[12:07:06.807996] {Default Queue}  -> xdg_toplevel#30.set_min_size(1400, 948)
[12:07:06.808004] {Default Queue}  -> xdg_toplevel#30.set_max_size(0, 0)
[12:07:06.808006] {Default Queue}  -> xdg_surface#29.set_window_geometry(45, 45, 1400, 948)
[12:07:06.808054] {mesa egl surface queue}  -> wl_surface#14.attach(wl_buffer#44, 0, 0)
[12:07:06.808057] {mesa egl surface queue}  -> wl_surface#14.damage(0, 0, 2147483647, 2147483647)
[12:07:06.808059] {mesa egl surface queue}  -> wl_surface#14.commit()
[12:07:06.808060] {mesa egl surface queue}  -> wl_display#1.sync(new id wl_callback#43)
[12:07:06.808150] {Display Queue} wl_display#1.delete_id(43)
[12:07:06.823882] {mesa egl surface queue} wl_callback#43.done(7)
[12:07:06.823895] {mesa egl surface queue} wl_buffer#40.release()
[12:07:06.824671] {Default Queue}  -> xdg_toplevel#30.set_min_size(1400, 948)
[12:07:06.824680] {Default Queue}  -> xdg_toplevel#30.set_max_size(0, 0)
[12:07:06.824683] {Default Queue}  -> xdg_surface#29.set_window_geometry(45, 45, 1400, 948)
[12:07:06.824723] {mesa egl surface queue}  -> wl_surface#14.attach(wl_buffer#40, 0, 0)
[12:07:06.824731] {mesa egl surface queue}  -> wl_surface#14.damage(0, 0, 2147483647, 2147483647)
[12:07:06.824738] {mesa egl surface queue}  -> wl_surface#14.commit()
[12:07:06.824747] {mesa egl surface queue}  -> wl_display#1.sync(new id wl_callback#43)
[12:07:06.824817] {Display Queue} wl_display#1.delete_id(43)
[12:07:06.920077] {mesa egl surface queue} wl_callback#43.done(7)
[12:07:06.920098] {mesa egl surface queue} wl_buffer#44.release()
[12:07:06.920906] {Default Queue}  -> xdg_toplevel#30.set_min_size(1400, 948)
[12:07:06.920913] {Default Queue}  -> xdg_toplevel#30.set_max_size(0, 0)
[12:07:06.920915] {Default Queue}  -> xdg_surface#29.set_window_geometry(45, 45, 1400, 948)
[12:07:06.920960] {mesa egl surface queue}  -> wl_surface#14.attach(wl_buffer#44, 0, 0)
[12:07:06.920963] {mesa egl surface queue}  -> wl_surface#14.damage(0, 0, 2147483647, 2147483647)
[12:07:06.920965] {mesa egl surface queue}  -> wl_surface#14.commit()
[12:07:06.920967] {mesa egl surface queue}  -> wl_display#1.sync(new id wl_callback#43)
[12:07:06.921034] {Display Queue} wl_display#1.delete_id(43)
[12:07:07.017114] {mesa egl surface queue} wl_callback#43.done(7)
[12:07:07.017131] {mesa egl surface queue} wl_buffer#40.release()
[12:07:07.017942] {Default Queue}  -> xdg_toplevel#30.set_min_size(1400, 948)
[12:07:07.017950] {Default Queue}  -> xdg_toplevel#30.set_max_size(0, 0)
[12:07:07.017952] {Default Queue}  -> xdg_surface#29.set_window_geometry(45, 45, 1400, 948)
[12:07:07.017997] {mesa egl surface queue}  -> wl_surface#14.attach(wl_buffer#40, 0, 0)
[12:07:07.018000] {mesa egl surface queue}  -> wl_surface#14.damage(0, 0, 2147483647, 2147483647)
[12:07:07.018002] {mesa egl surface queue}  -> wl_surface#14.commit()
[12:07:07.018004] {mesa egl surface queue}  -> wl_display#1.sync(new id wl_callback#43)
[12:07:07.018074] {Display Queue} wl_display#1.delete_id(43)
[12:07:07.066830] {mesa egl surface queue} wl_callback#43.done(7)
[12:07:07.066848] {mesa egl surface queue} wl_buffer#44.release()
[12:07:07.067683] {Default Queue}  -> xdg_toplevel#30.set_min_size(1400, 948)
[12:07:07.067691] {Default Queue}  -> xdg_toplevel#30.set_max_size(0, 0)
[12:07:07.067694] {Default Queue}  -> xdg_surface#29.set_window_geometry(45, 45, 1400, 948)
[12:07:07.067744] {mesa egl surface queue}  -> wl_surface#14.attach(wl_buffer#44, 0, 0)
[12:07:07.067747] {mesa egl surface queue}  -> wl_surface#14.damage(0, 0, 2147483647, 2147483647)
[12:07:07.067751] {mesa egl surface queue}  -> wl_surface#14.commit()
[12:07:07.067753] {mesa egl surface queue}  -> wl_display#1.sync(new id wl_callback#43)
[12:07:07.067831] {Display Queue} wl_display#1.delete_id(43)
[12:07:07.130645] {mesa egl surface queue} wl_callback#43.done(7)
[12:07:07.130662] {mesa egl surface queue} wl_buffer#40.release()
[12:07:07.131494] {Default Queue}  -> xdg_toplevel#30.set_min_size(1400, 948)
[12:07:07.131501] {Default Queue}  -> xdg_toplevel#30.set_max_size(0, 0)
[12:07:07.131503] {Default Queue}  -> xdg_surface#29.set_window_geometry(45, 45, 1400, 948)
[12:07:07.131554] {mesa egl surface queue}  -> wl_surface#14.attach(wl_buffer#40, 0, 0)
[12:07:07.131557] {mesa egl surface queue}  -> wl_surface#14.damage(0, 0, 2147483647, 2147483647)
[12:07:07.131558] {mesa egl surface queue}  -> wl_surface#14.commit()
[12:07:07.131560] {mesa egl surface queue}  -> wl_display#1.sync(new id wl_callback#43)
[12:07:07.131632] {Display Queue} wl_display#1.delete_id(43)
[12:07:07.227276] {mesa egl surface queue} wl_callback#43.done(7)
[12:07:07.227296] {mesa egl surface queue} wl_buffer#44.release()
[12:07:07.228198] {Default Queue}  -> xdg_toplevel#30.set_min_size(1400, 948)
[12:07:07.228207] {Default Queue}  -> xdg_toplevel#30.set_max_size(0, 0)
[12:07:07.228209] {Default Queue}  -> xdg_surface#29.set_window_geometry(45, 45, 1400, 948)
[12:07:07.228256] {mesa egl surface queue}  -> wl_surface#14.attach(wl_buffer#44, 0, 0)
[12:07:07.228258] {mesa egl surface queue}  -> wl_surface#14.damage(0, 0, 2147483647, 2147483647)
[12:07:07.228260] {mesa egl surface queue}  -> wl_surface#14.commit()
[12:07:07.228262] {mesa egl surface queue}  -> wl_display#1.sync(new id wl_callback#43)
[12:07:07.228343] {Display Queue} wl_display#1.delete_id(43)
[12:07:07.325393] {mesa egl surface queue} wl_callback#43.done(7)
[12:07:07.325412] {mesa egl surface queue} wl_buffer#40.release()
[12:07:07.326235] {Default Queue}  -> xdg_toplevel#30.set_min_size(1400, 948)
[12:07:07.326243] {Default Queue}  -> xdg_toplevel#30.set_max_size(0, 0)
[12:07:07.326246] {Default Queue}  -> xdg_surface#29.set_window_geometry(45, 45, 1400, 948)
[12:07:07.326292] {mesa egl surface queue}  -> wl_surface#14.attach(wl_buffer#40, 0, 0)
[12:07:07.326295] {mesa egl surface queue}  -> wl_surface#14.damage(0, 0, 2147483647, 2147483647)
[12:07:07.326297] {mesa egl surface queue}  -> wl_surface#14.commit()
[12:07:07.326299] {mesa egl surface queue}  -> wl_display#1.sync(new id wl_callback#43)
[12:07:07.326377] {Display Queue} wl_display#1.delete_id(43)
[12:07:07.437518] {mesa egl surface queue} wl_callback#43.done(7)
[12:07:07.437536] {mesa egl surface queue} wl_buffer#44.release()
[12:07:07.438407] {Default Queue}  -> xdg_toplevel#30.set_min_size(1400, 948)
[12:07:07.438414] {Default Queue}  -> xdg_toplevel#30.set_max_size(0, 0)
[12:07:07.438416] {Default Queue}  -> xdg_surface#29.set_window_geometry(45, 45, 1400, 948)
[12:07:07.438460] {mesa egl surface queue}  -> wl_surface#14.attach(wl_buffer#44, 0, 0)
[12:07:07.438463] {mesa egl surface queue}  -> wl_surface#14.damage(0, 0, 2147483647, 2147483647)
[12:07:07.438465] {mesa egl surface queue}  -> wl_surface#14.commit()
[12:07:07.438467] {mesa egl surface queue}  -> wl_display#1.sync(new id wl_callback#43)
[12:07:07.438556] {Display Queue} wl_display#1.delete_id(43)
[12:07:07.533409] {mesa egl surface queue} wl_callback#43.done(7)
[12:07:07.533430] {mesa egl surface queue} wl_buffer#40.release()
[12:07:07.534247] {Default Queue}  -> xdg_toplevel#30.set_min_size(1400, 948)
[12:07:07.534256] {Default Queue}  -> xdg_toplevel#30.set_max_size(0, 0)
[12:07:07.534258] {Default Queue}  -> xdg_surface#29.set_window_geometry(45, 45, 1400, 948)
[12:07:07.534305] {mesa egl surface queue}  -> wl_surface#14.attach(wl_buffer#40, 0, 0)
[12:07:07.534308] {mesa egl surface queue}  -> wl_surface#14.damage(0, 0, 2147483647, 2147483647)
[12:07:07.534310] {mesa egl surface queue}  -> wl_surface#14.commit()
[12:07:07.534312] {mesa egl surface queue}  -> wl_display#1.sync(new id wl_callback#43)
[12:07:07.534394] {Display Queue} wl_display#1.delete_id(43)
[12:07:07.566894] {mesa egl surface queue} wl_callback#43.done(7)
[12:07:07.566911] {mesa egl surface queue} wl_buffer#44.release()
[12:07:07.567827] {Default Queue}  -> xdg_toplevel#30.set_min_size(1400, 948)
[12:07:07.567836] {Default Queue}  -> xdg_toplevel#30.set_max_size(0, 0)
[12:07:07.567839] {Default Queue}  -> xdg_surface#29.set_window_geometry(45, 45, 1400, 948)
[12:07:07.567884] {mesa egl surface queue}  -> wl_surface#14.attach(wl_buffer#44, 0, 0)
[12:07:07.567887] {mesa egl surface queue}  -> wl_surface#14.damage(0, 0, 2147483647, 2147483647)
[12:07:07.567889] {mesa egl surface queue}  -> wl_surface#14.commit()
[12:07:07.567891] {mesa egl surface queue}  -> wl_display#1.sync(new id wl_callback#43)
[12:07:07.567962] {Display Queue} wl_display#1.delete_id(43)
[12:07:07.646063] {mesa egl surface queue} wl_callback#43.done(7)
[12:07:07.646081] {mesa egl surface queue} wl_buffer#40.release()
[12:07:07.646902] {Default Queue}  -> xdg_toplevel#30.set_min_size(1400, 948)
[12:07:07.646910] {Default Queue}  -> xdg_toplevel#30.set_max_size(0, 0)
[12:07:07.646913] {Default Queue}  -> xdg_surface#29.set_window_geometry(45, 45, 1400, 948)
[12:07:07.646958] {mesa egl surface queue}  -> wl_surface#14.attach(wl_buffer#40, 0, 0)
[12:07:07.646961] {mesa egl surface queue}  -> wl_surface#14.damage(0, 0, 2147483647, 2147483647)
[12:07:07.646963] {mesa egl surface queue}  -> wl_surface#14.commit()
[12:07:07.646965] {mesa egl surface queue}  -> wl_display#1.sync(new id wl_callback#43)
[12:07:07.647040] {Display Queue} wl_display#1.delete_id(43)
[12:07:07.741966] {mesa egl surface queue} wl_callback#43.done(7)
[12:07:07.741989] {mesa egl surface queue} wl_buffer#44.release()
[12:07:07.742793] {Default Queue}  -> xdg_toplevel#30.set_min_size(1400, 948)
[12:07:07.742807] {Default Queue}  -> xdg_toplevel#30.set_max_size(0, 0)
[12:07:07.742810] {Default Queue}  -> xdg_surface#29.set_window_geometry(45, 45, 1400, 948)
[12:07:07.742855] {mesa egl surface queue}  -> wl_surface#14.attach(wl_buffer#44, 0, 0)
[12:07:07.742858] {mesa egl surface queue}  -> wl_surface#14.damage(0, 0, 2147483647, 2147483647)
[12:07:07.742860] {mesa egl surface queue}  -> wl_surface#14.commit()
[12:07:07.742862] {mesa egl surface queue}  -> wl_display#1.sync(new id wl_callback#43)
[12:07:07.742937] {Display Queue} wl_display#1.delete_id(43)
[12:07:07.823454] {mesa egl surface queue} wl_callback#43.done(7)
[12:07:07.823477] {mesa egl surface queue} wl_buffer#40.release()
[12:07:07.824278] {Default Queue}  -> xdg_toplevel#30.set_min_size(1400, 948)
[12:07:07.824285] {Default Queue}  -> xdg_toplevel#30.set_max_size(0, 0)
[12:07:07.824287] {Default Queue}  -> xdg_surface#29.set_window_geometry(45, 45, 1400, 948)
[12:07:07.824385] {mesa egl surface queue}  -> wl_surface#14.attach(wl_buffer#40, 0, 0)
[12:07:07.824389] {mesa egl surface queue}  -> wl_surface#14.damage(0, 0, 2147483647, 2147483647)
[12:07:07.824391] {mesa egl surface queue}  -> wl_surface#14.commit()
[12:07:07.824393] {mesa egl surface queue}  -> wl_display#1.sync(new id wl_callback#43)
[12:07:07.824496] {Display Queue} wl_display#1.delete_id(43)
[12:07:07.854875] {mesa egl surface queue} wl_callback#43.done(7)
[12:07:07.854891] {mesa egl surface queue} wl_buffer#44.release()
[12:07:07.855726] {Default Queue}  -> xdg_toplevel#30.set_min_size(1400, 948)
[12:07:07.855734] {Default Queue}  -> xdg_toplevel#30.set_max_size(0, 0)
[12:07:07.855736] {Default Queue}  -> xdg_surface#29.set_window_geometry(45, 45, 1400, 948)
[12:07:07.855783] {mesa egl surface queue}  -> wl_surface#14.attach(wl_buffer#44, 0, 0)
[12:07:07.855787] {mesa egl surface queue}  -> wl_surface#14.damage(0, 0, 2147483647, 2147483647)
[12:07:07.855789] {mesa egl surface queue}  -> wl_surface#14.commit()
[12:07:07.855791] {mesa egl surface queue}  -> wl_display#1.sync(new id wl_callback#43)
[12:07:07.855860] {Display Queue} wl_display#1.delete_id(43)
[12:07:07.951430] {mesa egl surface queue} wl_callback#43.done(7)
[12:07:07.951450] {mesa egl surface queue} wl_buffer#40.release()
[12:07:07.952404] {Default Queue}  -> xdg_toplevel#30.set_min_size(1400, 948)
[12:07:07.952413] {Default Queue}  -> xdg_toplevel#30.set_max_size(0, 0)
[12:07:07.952415] {Default Queue}  -> xdg_surface#29.set_window_geometry(45, 45, 1400, 948)
[12:07:07.952462] {mesa egl surface queue}  -> wl_surface#14.attach(wl_buffer#40, 0, 0)
[12:07:07.952465] {mesa egl surface queue}  -> wl_surface#14.damage(0, 0, 2147483647, 2147483647)
[12:07:07.952467] {mesa egl surface queue}  -> wl_surface#14.commit()
[12:07:07.952469] {mesa egl surface queue}  -> wl_display#1.sync(new id wl_callback#43)
[12:07:07.952534] {Display Queue} wl_display#1.delete_id(43)
[12:07:08.064283] {mesa egl surface queue} wl_callback#43.done(7)
[12:07:08.064300] {mesa egl surface queue} wl_buffer#44.release()
[12:07:08.065153] {Default Queue}  -> xdg_toplevel#30.set_min_size(1400, 948)
[12:07:08.065160] {Default Queue}  -> xdg_toplevel#30.set_max_size(0, 0)
[12:07:08.065162] {Default Queue}  -> xdg_surface#29.set_window_geometry(45, 45, 1400, 948)
[12:07:08.065210] {mesa egl surface queue}  -> wl_surface#14.attach(wl_buffer#44, 0, 0)
[12:07:08.065213] {mesa egl surface queue}  -> wl_surface#14.damage(0, 0, 2147483647, 2147483647)
[12:07:08.065215] {mesa egl surface queue}  -> wl_surface#14.commit()
[12:07:08.065217] {mesa egl surface queue}  -> wl_display#1.sync(new id wl_callback#43)
[12:07:08.065304] {Display Queue} wl_display#1.delete_id(43)
[12:07:08.088147] {mesa egl surface queue} wl_callback#43.done(7)
[12:07:08.088162] {mesa egl surface queue} wl_buffer#40.release()
[12:07:08.089012] {Default Queue}  -> xdg_toplevel#30.set_min_size(1400, 948)
[12:07:08.089022] {Default Queue}  -> xdg_toplevel#30.set_max_size(0, 0)
[12:07:08.089030] {Default Queue}  -> xdg_surface#29.set_window_geometry(45, 45, 1400, 948)
[12:07:08.089080] {mesa egl surface queue}  -> wl_surface#14.attach(wl_buffer#40, 0, 0)
[12:07:08.089083] {mesa egl surface queue}  -> wl_surface#14.damage(0, 0, 2147483647, 2147483647)
[12:07:08.089085] {mesa egl surface queue}  -> wl_surface#14.commit()
[12:07:08.089087] {mesa egl surface queue}  -> wl_display#1.sync(new id wl_callback#43)
[12:07:08.089162] {Display Queue} wl_display#1.delete_id(43)
[12:07:08.160437] {mesa egl surface queue} wl_callback#43.done(7)
[12:07:08.160457] {mesa egl surface queue} wl_buffer#44.release()
[12:07:08.161290] {Default Queue}  -> xdg_toplevel#30.set_min_size(1400, 948)
[12:07:08.161299] {Default Queue}  -> xdg_toplevel#30.set_max_size(0, 0)
[12:07:08.161301] {Default Queue}  -> xdg_surface#29.set_window_geometry(45, 45, 1400, 948)
[12:07:08.161347] {mesa egl surface queue}  -> wl_surface#14.attach(wl_buffer#44, 0, 0)
[12:07:08.161350] {mesa egl surface queue}  -> wl_surface#14.damage(0, 0, 2147483647, 2147483647)
[12:07:08.161352] {mesa egl surface queue}  -> wl_surface#14.commit()
[12:07:08.161354] {mesa egl surface queue}  -> wl_display#1.sync(new id wl_callback#43)
[12:07:08.161432] {Display Queue} wl_display#1.delete_id(43)
[12:07:08.273012] {mesa egl surface queue} wl_callback#43.done(7)
[12:07:08.273030] {mesa egl surface queue} wl_buffer#40.release()
[12:07:08.273846] {Default Queue}  -> xdg_toplevel#30.set_min_size(1400, 948)
[12:07:08.273854] {Default Queue}  -> xdg_toplevel#30.set_max_size(0, 0)
[12:07:08.273857] {Default Queue}  -> xdg_surface#29.set_window_geometry(45, 45, 1400, 948)
[12:07:08.273905] {mesa egl surface queue}  -> wl_surface#14.attach(wl_buffer#40, 0, 0)
[12:07:08.273908] {mesa egl surface queue}  -> wl_surface#14.damage(0, 0, 2147483647, 2147483647)
[12:07:08.273910] {mesa egl surface queue}  -> wl_surface#14.commit()
[12:07:08.273912] {mesa egl surface queue}  -> wl_display#1.sync(new id wl_callback#43)
[12:07:08.273993] {Display Queue} wl_display#1.delete_id(43)
[12:07:08.321850] {mesa egl surface queue} wl_callback#43.done(7)
[12:07:08.321869] {mesa egl surface queue} wl_buffer#44.release()
[12:07:08.322696] {Default Queue}  -> xdg_toplevel#30.set_min_size(1400, 948)
[12:07:08.322704] {Default Queue}  -> xdg_toplevel#30.set_max_size(0, 0)
[12:07:08.322706] {Default Queue}  -> xdg_surface#29.set_window_geometry(45, 45, 1400, 948)
[12:07:08.322769] {mesa egl surface queue}  -> wl_surface#14.attach(wl_buffer#44, 0, 0)
[12:07:08.322772] {mesa egl surface queue}  -> wl_surface#14.damage(0, 0, 2147483647, 2147483647)
[12:07:08.322775] {mesa egl surface queue}  -> wl_surface#14.commit()
[12:07:08.322777] {mesa egl surface queue}  -> wl_display#1.sync(new id wl_callback#43)
[12:07:08.322854] {Display Queue} wl_display#1.delete_id(43)
[12:07:08.369460] {mesa egl surface queue} wl_callback#43.done(7)
[12:07:08.369479] {mesa egl surface queue} wl_buffer#40.release()
[12:07:08.370385] {Default Queue}  -> xdg_toplevel#30.set_min_size(1400, 948)
[12:07:08.370393] {Default Queue}  -> xdg_toplevel#30.set_max_size(0, 0)
[12:07:08.370396] {Default Queue}  -> xdg_surface#29.set_window_geometry(45, 45, 1400, 948)
[12:07:08.370445] {mesa egl surface queue}  -> wl_surface#14.attach(wl_buffer#40, 0, 0)
[12:07:08.370448] {mesa egl surface queue}  -> wl_surface#14.damage(0, 0, 2147483647, 2147483647)
[12:07:08.370450] {mesa egl surface queue}  -> wl_surface#14.commit()
[12:07:08.370452] {mesa egl surface queue}  -> wl_display#1.sync(new id wl_callback#43)
[12:07:08.370535] {Display Queue} wl_display#1.delete_id(43)
[12:07:08.481881] {mesa egl surface queue} wl_callback#43.done(7)
[12:07:08.481900] {mesa egl surface queue} wl_buffer#44.release()
[12:07:08.482735] {Default Queue}  -> xdg_toplevel#30.set_min_size(1400, 948)
[12:07:08.482747] {Default Queue}  -> xdg_toplevel#30.set_max_size(0, 0)
[12:07:08.482750] {Default Queue}  -> xdg_surface#29.set_window_geometry(45, 45, 1400, 948)
[12:07:08.482801] {mesa egl surface queue}  -> wl_surface#14.attach(wl_buffer#44, 0, 0)
[12:07:08.482804] {mesa egl surface queue}  -> wl_surface#14.damage(0, 0, 2147483647, 2147483647)
[12:07:08.482812] {mesa egl surface queue}  -> wl_surface#14.commit()
[12:07:08.482822] {mesa egl surface queue}  -> wl_display#1.sync(new id wl_callback#43)
[12:07:08.482898] {Display Queue} wl_display#1.delete_id(43)
[12:07:08.579607] {mesa egl surface queue} wl_callback#43.done(7)
[12:07:08.579626] {mesa egl surface queue} wl_buffer#40.release()
[12:07:08.580473] {Default Queue}  -> xdg_toplevel#30.set_min_size(1400, 948)
[12:07:08.580479] {Default Queue}  -> xdg_toplevel#30.set_max_size(0, 0)
[12:07:08.580482] {Default Queue}  -> xdg_surface#29.set_window_geometry(45, 45, 1400, 948)
[12:07:08.580526] {mesa egl surface queue}  -> wl_surface#14.attach(wl_buffer#40, 0, 0)
[12:07:08.580529] {mesa egl surface queue}  -> wl_surface#14.damage(0, 0, 2147483647, 2147483647)
[12:07:08.580531] {mesa egl surface queue}  -> wl_surface#14.commit()
[12:07:08.580533] {mesa egl surface queue}  -> wl_display#1.sync(new id wl_callback#43)
[12:07:08.580618] {Display Queue} wl_display#1.delete_id(43)
[12:07:08.690991] {mesa egl surface queue} wl_callback#43.done(7)
[12:07:08.691014] {mesa egl surface queue} wl_buffer#44.release()
[12:07:08.691842] {Default Queue}  -> xdg_toplevel#30.set_min_size(1400, 948)
[12:07:08.691849] {Default Queue}  -> xdg_toplevel#30.set_max_size(0, 0)
[12:07:08.691851] {Default Queue}  -> xdg_surface#29.set_window_geometry(45, 45, 1400, 948)
[12:07:08.691895] {mesa egl surface queue}  -> wl_surface#14.attach(wl_buffer#44, 0, 0)
[12:07:08.691898] {mesa egl surface queue}  -> wl_surface#14.damage(0, 0, 2147483647, 2147483647)
[12:07:08.691900] {mesa egl surface queue}  -> wl_surface#14.commit()
[12:07:08.691902] {mesa egl surface queue}  -> wl_display#1.sync(new id wl_callback#43)
[12:07:08.692030] {Display Queue} wl_display#1.delete_id(43)
[12:07:08.787791] {mesa egl surface queue} wl_callback#43.done(7)
[12:07:08.787812] {mesa egl surface queue} wl_buffer#40.release()
[12:07:08.788658] {Default Queue}  -> xdg_toplevel#30.set_min_size(1400, 948)
[12:07:08.788665] {Default Queue}  -> xdg_toplevel#30.set_max_size(0, 0)
[12:07:08.788667] {Default Queue}  -> xdg_surface#29.set_window_geometry(45, 45, 1400, 948)
[12:07:08.788714] {mesa egl surface queue}  -> wl_surface#14.attach(wl_buffer#40, 0, 0)
[12:07:08.788717] {mesa egl surface queue}  -> wl_surface#14.damage(0, 0, 2147483647, 2147483647)
[12:07:08.788719] {mesa egl surface queue}  -> wl_surface#14.commit()
[12:07:08.788720] {mesa egl surface queue}  -> wl_display#1.sync(new id wl_callback#43)
[12:07:08.788825] {Display Queue} wl_display#1.delete_id(43)
[12:07:08.836702] {mesa egl surface queue} wl_callback#43.done(7)
[12:07:08.836721] {mesa egl surface queue} wl_buffer#44.release()
[12:07:08.837539] {Default Queue}  -> xdg_toplevel#30.set_min_size(1400, 948)
[12:07:08.837546] {Default Queue}  -> xdg_toplevel#30.set_max_size(0, 0)
[12:07:08.837549] {Default Queue}  -> xdg_surface#29.set_window_geometry(45, 45, 1400, 948)
[12:07:08.837594] {mesa egl surface queue}  -> wl_surface#14.attach(wl_buffer#44, 0, 0)
[12:07:08.837597] {mesa egl surface queue}  -> wl_surface#14.damage(0, 0, 2147483647, 2147483647)
[12:07:08.837599] {mesa egl surface queue}  -> wl_surface#14.commit()
[12:07:08.837601] {mesa egl surface queue}  -> wl_display#1.sync(new id wl_callback#43)
[12:07:08.837676] {Display Queue} wl_display#1.delete_id(43)
[12:07:08.899973] {mesa egl surface queue} wl_callback#43.done(7)
[12:07:08.899990] {mesa egl surface queue} wl_buffer#40.release()
[12:07:08.900859] {Default Queue}  -> xdg_toplevel#30.set_min_size(1400, 948)
[12:07:08.900867] {Default Queue}  -> xdg_toplevel#30.set_max_size(0, 0)
[12:07:08.900869] {Default Queue}  -> xdg_surface#29.set_window_geometry(45, 45, 1400, 948)
[12:07:08.900915] {mesa egl surface queue}  -> wl_surface#14.attach(wl_buffer#40, 0, 0)
[12:07:08.900918] {mesa egl surface queue}  -> wl_surface#14.damage(0, 0, 2147483647, 2147483647)
[12:07:08.900920] {mesa egl surface queue}  -> wl_surface#14.commit()
[12:07:08.900923] {mesa egl surface queue}  -> wl_display#1.sync(new id wl_callback#43)
[12:07:08.901003] {Display Queue} wl_display#1.delete_id(43)
[12:07:08.996460] {mesa egl surface queue} wl_callback#43.done(7)
[12:07:08.996479] {mesa egl surface queue} wl_buffer#44.release()
[12:07:08.997574] {Default Queue}  -> xdg_toplevel#30.set_min_size(1400, 948)
[12:07:08.997585] {Default Queue}  -> xdg_toplevel#30.set_max_size(0, 0)
[12:07:08.997587] {Default Queue}  -> xdg_surface#29.set_window_geometry(45, 45, 1400, 948)
[12:07:08.997642] {mesa egl surface queue}  -> wl_surface#14.attach(wl_buffer#44, 0, 0)
[12:07:08.997646] {mesa egl surface queue}  -> wl_surface#14.damage(0, 0, 2147483647, 2147483647)
[12:07:08.997648] {mesa egl surface queue}  -> wl_surface#14.commit()
[12:07:08.997649] {mesa egl surface queue}  -> wl_display#1.sync(new id wl_callback#43)
[12:07:08.997771] {Display Queue} wl_display#1.delete_id(43)
[12:07:09.094283] {mesa egl surface queue} wl_callback#43.done(7)
[12:07:09.094300] {mesa egl surface queue} wl_buffer#40.release()
[12:07:09.095124] {Default Queue}  -> xdg_toplevel#30.set_min_size(1400, 948)
[12:07:09.095131] {Default Queue}  -> xdg_toplevel#30.set_max_size(0, 0)
[12:07:09.095133] {Default Queue}  -> xdg_surface#29.set_window_geometry(45, 45, 1400, 948)
[12:07:09.095178] {mesa egl surface queue}  -> wl_surface#14.attach(wl_buffer#40, 0, 0)
[12:07:09.095181] {mesa egl surface queue}  -> wl_surface#14.damage(0, 0, 2147483647, 2147483647)
[12:07:09.095183] {mesa egl surface queue}  -> wl_surface#14.commit()
[12:07:09.095185] {mesa egl surface queue}  -> wl_display#1.sync(new id wl_callback#43)
[12:07:09.095260] {Display Queue} wl_display#1.delete_id(43)
[12:07:09.206013] {mesa egl surface queue} wl_callback#43.done(7)
[12:07:09.206031] {mesa egl surface queue} wl_buffer#44.release()
[12:07:09.206890] {Default Queue}  -> xdg_toplevel#30.set_min_size(1400, 948)
[12:07:09.206897] {Default Queue}  -> xdg_toplevel#30.set_max_size(0, 0)
[12:07:09.206899] {Default Queue}  -> xdg_surface#29.set_window_geometry(45, 45, 1400, 948)
[12:07:09.206949] {mesa egl surface queue}  -> wl_surface#14.attach(wl_buffer#44, 0, 0)
[12:07:09.206952] {mesa egl surface queue}  -> wl_surface#14.damage(0, 0, 2147483647, 2147483647)
[12:07:09.206954] {mesa egl surface queue}  -> wl_surface#14.commit()
[12:07:09.206956] {mesa egl surface queue}  -> wl_display#1.sync(new id wl_callback#43)
[12:07:09.207033] {Display Queue} wl_display#1.delete_id(43)
[12:07:09.303058] {mesa egl surface queue} wl_callback#43.done(7)
[12:07:09.303082] {mesa egl surface queue} wl_buffer#40.release()
[12:07:09.303879] {Default Queue}  -> xdg_toplevel#30.set_min_size(1400, 948)
[12:07:09.303886] {Default Queue}  -> xdg_toplevel#30.set_max_size(0, 0)
[12:07:09.303890] {Default Queue}  -> xdg_surface#29.set_window_geometry(45, 45, 1400, 948)
[12:07:09.303936] {mesa egl surface queue}  -> wl_surface#14.attach(wl_buffer#40, 0, 0)
[12:07:09.303938] {mesa egl surface queue}  -> wl_surface#14.damage(0, 0, 2147483647, 2147483647)
[12:07:09.303940] {mesa egl surface queue}  -> wl_surface#14.commit()
[12:07:09.303942] {mesa egl surface queue}  -> wl_display#1.sync(new id wl_callback#43)
[12:07:09.304019] {Display Queue} wl_display#1.delete_id(43)
[12:07:09.336525] {mesa egl surface queue} wl_callback#43.done(7)
[12:07:09.336540] {mesa egl surface queue} wl_buffer#44.release()
[12:07:09.337354] {Default Queue}  -> xdg_toplevel#30.set_min_size(1400, 948)
[12:07:09.337362] {Default Queue}  -> xdg_toplevel#30.set_max_size(0, 0)
[12:07:09.337364] {Default Queue}  -> xdg_surface#29.set_window_geometry(45, 45, 1400, 948)
[12:07:09.337404] {mesa egl surface queue}  -> wl_surface#14.attach(wl_buffer#44, 0, 0)
[12:07:09.337407] {mesa egl surface queue}  -> wl_surface#14.damage(0, 0, 2147483647, 2147483647)
[12:07:09.337409] {mesa egl surface queue}  -> wl_surface#14.commit()
[12:07:09.337411] {mesa egl surface queue}  -> wl_display#1.sync(new id wl_callback#43)
[12:07:09.337484] {Display Queue} wl_display#1.delete_id(43)
[12:07:09.416690] {mesa egl surface queue} wl_callback#43.done(7)
[12:07:09.416712] {mesa egl surface queue} wl_buffer#40.release()
[12:07:09.417574] {Default Queue}  -> xdg_toplevel#30.set_min_size(1400, 948)
[12:07:09.417588] {Default Queue}  -> xdg_toplevel#30.set_max_size(0, 0)
[12:07:09.417591] {Default Queue}  -> xdg_surface#29.set_window_geometry(45, 45, 1400, 948)
[12:07:09.417637] {mesa egl surface queue}  -> wl_surface#14.attach(wl_buffer#40, 0, 0)
[12:07:09.417640] {mesa egl surface queue}  -> wl_surface#14.damage(0, 0, 2147483647, 2147483647)
[12:07:09.417642] {mesa egl surface queue}  -> wl_surface#14.commit()
[12:07:09.417643] {mesa egl surface queue}  -> wl_display#1.sync(new id wl_callback#43)
[12:07:09.417726] {Display Queue} wl_display#1.delete_id(43)
[12:07:09.513417] {mesa egl surface queue} wl_callback#43.done(7)
[12:07:09.513436] {mesa egl surface queue} wl_buffer#44.release()
[12:07:09.514333] {Default Queue}  -> xdg_toplevel#30.set_min_size(1400, 948)
[12:07:09.514340] {Default Queue}  -> xdg_toplevel#30.set_max_size(0, 0)
[12:07:09.514343] {Default Queue}  -> xdg_surface#29.set_window_geometry(45, 45, 1400, 948)
[12:07:09.514386] {mesa egl surface queue}  -> wl_surface#14.attach(wl_buffer#44, 0, 0)
[12:07:09.514389] {mesa egl surface queue}  -> wl_surface#14.damage(0, 0, 2147483647, 2147483647)
[12:07:09.514391] {mesa egl surface queue}  -> wl_surface#14.commit()
[12:07:09.514393] {mesa egl surface queue}  -> wl_display#1.sync(new id wl_callback#43)
[12:07:09.514469] {Display Queue} wl_display#1.delete_id(43)
[12:07:09.594827] {mesa egl surface queue} wl_callback#43.done(7)
[12:07:09.594844] {mesa egl surface queue} wl_buffer#40.release()
[12:07:09.595666] {Default Queue}  -> xdg_toplevel#30.set_min_size(1400, 948)
[12:07:09.595674] {Default Queue}  -> xdg_toplevel#30.set_max_size(0, 0)
[12:07:09.595677] {Default Queue}  -> xdg_surface#29.set_window_geometry(45, 45, 1400, 948)
[12:07:09.595736] {mesa egl surface queue}  -> wl_surface#14.attach(wl_buffer#40, 0, 0)
[12:07:09.595745] {mesa egl surface queue}  -> wl_surface#14.damage(0, 0, 2147483647, 2147483647)
[12:07:09.595749] {mesa egl surface queue}  -> wl_surface#14.commit()
[12:07:09.595751] {mesa egl surface queue}  -> wl_display#1.sync(new id wl_callback#43)
[12:07:09.595845] {Display Queue} wl_display#1.delete_id(43)
[12:07:09.626435] {mesa egl surface queue} wl_callback#43.done(7)
[12:07:09.626453] {mesa egl surface queue} wl_buffer#44.release()
[12:07:09.627281] {Default Queue}  -> xdg_toplevel#30.set_min_size(1400, 948)
[12:07:09.627288] {Default Queue}  -> xdg_toplevel#30.set_max_size(0, 0)
[12:07:09.627290] {Default Queue}  -> xdg_surface#29.set_window_geometry(45, 45, 1400, 948)
[12:07:09.627335] {mesa egl surface queue}  -> wl_surface#14.attach(wl_buffer#44, 0, 0)
[12:07:09.627338] {mesa egl surface queue}  -> wl_surface#14.damage(0, 0, 2147483647, 2147483647)
[12:07:09.627340] {mesa egl surface queue}  -> wl_surface#14.commit()
[12:07:09.627342] {mesa egl surface queue}  -> wl_display#1.sync(new id wl_callback#43)
[12:07:09.627419] {Display Queue} wl_display#1.delete_id(43)
[12:07:09.723136] {mesa egl surface queue} wl_callback#43.done(7)
[12:07:09.723154] {mesa egl surface queue} wl_buffer#40.release()
[12:07:09.724023] {Default Queue}  -> xdg_toplevel#30.set_min_size(1400, 948)
[12:07:09.724031] {Default Queue}  -> xdg_toplevel#30.set_max_size(0, 0)
[12:07:09.724033] {Default Queue}  -> xdg_surface#29.set_window_geometry(45, 45, 1400, 948)
[12:07:09.724079] {mesa egl surface queue}  -> wl_surface#14.attach(wl_buffer#40, 0, 0)
[12:07:09.724082] {mesa egl surface queue}  -> wl_surface#14.damage(0, 0, 2147483647, 2147483647)
[12:07:09.724084] {mesa egl surface queue}  -> wl_surface#14.commit()
[12:07:09.724086] {mesa egl surface queue}  -> wl_display#1.sync(new id wl_callback#43)
[12:07:09.724194] {Display Queue} wl_display#1.delete_id(43)
[12:07:09.837698] {mesa egl surface queue} wl_callback#43.done(7)
[12:07:09.837716] {mesa egl surface queue} wl_buffer#44.release()
[12:07:09.838566] {Default Queue}  -> xdg_toplevel#30.set_min_size(1400, 948)
[12:07:09.838573] {Default Queue}  -> xdg_toplevel#30.set_max_size(0, 0)
[12:07:09.838580] {Default Queue}  -> xdg_surface#29.set_window_geometry(45, 45, 1400, 948)
[12:07:09.838636] {mesa egl surface queue}  -> wl_surface#14.attach(wl_buffer#44, 0, 0)
[12:07:09.838642] {mesa egl surface queue}  -> wl_surface#14.damage(0, 0, 2147483647, 2147483647)
[12:07:09.838644] {mesa egl surface queue}  -> wl_surface#14.commit()
[12:07:09.838646] {mesa egl surface queue}  -> wl_display#1.sync(new id wl_callback#43)
[12:07:09.838756] {Display Queue} wl_display#1.delete_id(43)
[12:07:09.932833] {mesa egl surface queue} wl_callback#43.done(7)
[12:07:09.932850] {mesa egl surface queue} wl_buffer#40.release()
[12:07:09.933682] {Default Queue}  -> xdg_toplevel#30.set_min_size(1400, 948)
[12:07:09.933689] {Default Queue}  -> xdg_toplevel#30.set_max_size(0, 0)
[12:07:09.933692] {Default Queue}  -> xdg_surface#29.set_window_geometry(45, 45, 1400, 948)
[12:07:09.933749] {mesa egl surface queue}  -> wl_surface#14.attach(wl_buffer#40, 0, 0)
[12:07:09.933753] {mesa egl surface queue}  -> wl_surface#14.damage(0, 0, 2147483647, 2147483647)
[12:07:09.933755] {mesa egl surface queue}  -> wl_surface#14.commit()
[12:07:09.933764] {mesa egl surface queue}  -> wl_display#1.sync(new id wl_callback#43)
[12:07:09.933834] {Display Queue} wl_display#1.delete_id(43)
[12:07:10.029993] {mesa egl surface queue} wl_callback#43.done(7)
[12:07:10.030016] {mesa egl surface queue} wl_buffer#44.release()
[12:07:10.030836] {Default Queue}  -> xdg_toplevel#30.set_min_size(1400, 948)
[12:07:10.030844] {Default Queue}  -> xdg_toplevel#30.set_max_size(0, 0)
[12:07:10.030847] {Default Queue}  -> xdg_surface#29.set_window_geometry(45, 45, 1400, 948)
[12:07:10.030892] {mesa egl surface queue}  -> wl_surface#14.attach(wl_buffer#44, 0, 0)
[12:07:10.030895] {mesa egl surface queue}  -> wl_surface#14.damage(0, 0, 2147483647, 2147483647)
[12:07:10.030897] {mesa egl surface queue}  -> wl_surface#14.commit()
[12:07:10.030899] {mesa egl surface queue}  -> wl_display#1.sync(new id wl_callback#43)
[12:07:10.030964] {Display Queue} wl_display#1.delete_id(43)
[12:07:10.095799] {mesa egl surface queue} wl_callback#43.done(7)
[12:07:10.095820] {mesa egl surface queue} wl_buffer#40.release()
[12:07:10.096732] {Default Queue}  -> xdg_toplevel#30.set_min_size(1400, 948)
[12:07:10.096748] {Default Queue}  -> xdg_toplevel#30.set_max_size(0, 0)
[12:07:10.096751] {Default Queue}  -> xdg_surface#29.set_window_geometry(45, 45, 1400, 948)
[12:07:10.096796] {mesa egl surface queue}  -> wl_surface#14.attach(wl_buffer#40, 0, 0)
[12:07:10.096799] {mesa egl surface queue}  -> wl_surface#14.damage(0, 0, 2147483647, 2147483647)
[12:07:10.096801] {mesa egl surface queue}  -> wl_surface#14.commit()
[12:07:10.096803] {mesa egl surface queue}  -> wl_display#1.sync(new id wl_callback#43)
[12:07:10.096876] {Display Queue} wl_display#1.delete_id(43)
[12:07:10.143347] {mesa egl surface queue} wl_callback#43.done(7)
[12:07:10.143363] {mesa egl surface queue} wl_buffer#44.release()
[12:07:10.144167] {Default Queue}  -> xdg_toplevel#30.set_min_size(1400, 948)
[12:07:10.144176] {Default Queue}  -> xdg_toplevel#30.set_max_size(0, 0)
[12:07:10.144179] {Default Queue}  -> xdg_surface#29.set_window_geometry(45, 45, 1400, 948)
[12:07:10.144232] {mesa egl surface queue}  -> wl_surface#14.attach(wl_buffer#44, 0, 0)
[12:07:10.144236] {mesa egl surface queue}  -> wl_surface#14.damage(0, 0, 2147483647, 2147483647)
[12:07:10.144239] {mesa egl surface queue}  -> wl_surface#14.commit()
[12:07:10.144241] {mesa egl surface queue}  -> wl_display#1.sync(new id wl_callback#43)
[12:07:10.144315] {Display Queue} wl_display#1.delete_id(43)
[12:07:10.240492] {mesa egl surface queue} wl_callback#43.done(7)
[12:07:10.240509] {mesa egl surface queue} wl_buffer#40.release()
[12:07:10.241320] {Default Queue}  -> xdg_toplevel#30.set_min_size(1400, 948)
[12:07:10.241328] {Default Queue}  -> xdg_toplevel#30.set_max_size(0, 0)
[12:07:10.241331] {Default Queue}  -> xdg_surface#29.set_window_geometry(45, 45, 1400, 948)
[12:07:10.241375] {mesa egl surface queue}  -> wl_surface#14.attach(wl_buffer#40, 0, 0)
[12:07:10.241379] {mesa egl surface queue}  -> wl_surface#14.damage(0, 0, 2147483647, 2147483647)
[12:07:10.241387] {mesa egl surface queue}  -> wl_surface#14.commit()
[12:07:10.241397] {mesa egl surface queue}  -> wl_display#1.sync(new id wl_callback#43)
[12:07:10.241469] {Display Queue} wl_display#1.delete_id(43)
[12:07:10.338384] {mesa egl surface queue} wl_callback#43.done(7)
[12:07:10.338401] {mesa egl surface queue} wl_buffer#44.release()
[12:07:10.339384] {Default Queue}  -> xdg_toplevel#30.set_min_size(1400, 948)
[12:07:10.339396] {Default Queue}  -> xdg_toplevel#30.set_max_size(0, 0)
[12:07:10.339399] {Default Queue}  -> xdg_surface#29.set_window_geometry(45, 45, 1400, 948)
[12:07:10.339445] {mesa egl surface queue}  -> wl_surface#14.attach(wl_buffer#44, 0, 0)
[12:07:10.339448] {mesa egl surface queue}  -> wl_surface#14.damage(0, 0, 2147483647, 2147483647)
[12:07:10.339450] {mesa egl surface queue}  -> wl_surface#14.commit()
[12:07:10.339452] {mesa egl surface queue}  -> wl_display#1.sync(new id wl_callback#43)
[12:07:10.339520] {Display Queue} wl_display#1.delete_id(43)
[12:07:10.355212] {mesa egl surface queue} wl_callback#43.done(7)
[12:07:10.355235] {mesa egl surface queue} wl_buffer#40.release()
[12:07:10.356200] {Default Queue}  -> xdg_toplevel#30.set_min_size(1400, 948)
[12:07:10.356210] {Default Queue}  -> xdg_toplevel#30.set_max_size(0, 0)
[12:07:10.356213] {Default Queue}  -> xdg_surface#29.set_window_geometry(45, 45, 1400, 948)
[12:07:10.356271] {mesa egl surface queue}  -> wl_surface#14.attach(wl_buffer#40, 0, 0)
[12:07:10.356274] {mesa egl surface queue}  -> wl_surface#14.damage(0, 0, 2147483647, 2147483647)
[12:07:10.356276] {mesa egl surface queue}  -> wl_surface#14.commit()
[12:07:10.356278] {mesa egl surface queue}  -> wl_display#1.sync(new id wl_callback#43)
[12:07:10.356381] {Display Queue} wl_display#1.delete_id(43)
[12:07:10.450230] {mesa egl surface queue} wl_callback#43.done(7)
[12:07:10.450247] {mesa egl surface queue} wl_buffer#44.release()
[12:07:10.451056] {Default Queue}  -> xdg_toplevel#30.set_min_size(1400, 948)
[12:07:10.451064] {Default Queue}  -> xdg_toplevel#30.set_max_size(0, 0)
[12:07:10.451066] {Default Queue}  -> xdg_surface#29.set_window_geometry(45, 45, 1400, 948)
[12:07:10.451111] {mesa egl surface queue}  -> wl_surface#14.attach(wl_buffer#44, 0, 0)
[12:07:10.451114] {mesa egl surface queue}  -> wl_surface#14.damage(0, 0, 2147483647, 2147483647)
[12:07:10.451116] {mesa egl surface queue}  -> wl_surface#14.commit()
[12:07:10.451118] {mesa egl surface queue}  -> wl_display#1.sync(new id wl_callback#43)
[12:07:10.451189] {Display Queue} wl_display#1.delete_id(43)
[12:07:10.562853] {mesa egl surface queue} wl_callback#43.done(7)
[12:07:10.562871] {mesa egl surface queue} wl_buffer#40.release()
[12:07:10.563762] {Default Queue}  -> xdg_toplevel#30.set_min_size(1400, 948)
[12:07:10.563771] {Default Queue}  -> xdg_toplevel#30.set_max_size(0, 0)
[12:07:10.563774] {Default Queue}  -> xdg_surface#29.set_window_geometry(45, 45, 1400, 948)
[12:07:10.563821] {mesa egl surface queue}  -> wl_surface#14.attach(wl_buffer#40, 0, 0)
[12:07:10.563824] {mesa egl surface queue}  -> wl_surface#14.damage(0, 0, 2147483647, 2147483647)
[12:07:10.563826] {mesa egl surface queue}  -> wl_surface#14.commit()
[12:07:10.563828] {mesa egl surface queue}  -> wl_display#1.sync(new id wl_callback#43)
[12:07:10.563906] {Display Queue} wl_display#1.delete_id(43)
[12:07:10.595937] {mesa egl surface queue} wl_callback#43.done(7)
[12:07:10.595955] {mesa egl surface queue} wl_buffer#44.release()
[12:07:10.596815] {Default Queue}  -> xdg_toplevel#30.set_min_size(1400, 948)
[12:07:10.596823] {Default Queue}  -> xdg_toplevel#30.set_max_size(0, 0)
[12:07:10.596825] {Default Queue}  -> xdg_surface#29.set_window_geometry(45, 45, 1400, 948)
[12:07:10.596876] {mesa egl surface queue}  -> wl_surface#14.attach(wl_buffer#44, 0, 0)
[12:07:10.596878] {mesa egl surface queue}  -> wl_surface#14.damage(0, 0, 2147483647, 2147483647)
[12:07:10.596880] {mesa egl surface queue}  -> wl_surface#14.commit()
[12:07:10.596882] {mesa egl surface queue}  -> wl_display#1.sync(new id wl_callback#43)
[12:07:10.596960] {Display Queue} wl_display#1.delete_id(43)
[12:07:10.659612] {mesa egl surface queue} wl_callback#43.done(7)
[12:07:10.659839] {mesa egl surface queue} wl_buffer#40.release()
[12:07:10.660705] {Default Queue}  -> xdg_toplevel#30.set_min_size(1400, 948)
[12:07:10.660721] {Default Queue}  -> xdg_toplevel#30.set_max_size(0, 0)
[12:07:10.660723] {Default Queue}  -> xdg_surface#29.set_window_geometry(45, 45, 1400, 948)
[12:07:10.660776] {mesa egl surface queue}  -> wl_surface#14.attach(wl_buffer#40, 0, 0)
[12:07:10.660779] {mesa egl surface queue}  -> wl_surface#14.damage(0, 0, 2147483647, 2147483647)
[12:07:10.660781] {mesa egl surface queue}  -> wl_surface#14.commit()
[12:07:10.660784] {mesa egl surface queue}  -> wl_display#1.sync(new id wl_callback#43)
[12:07:10.660856] {Display Queue} wl_display#1.delete_id(43)
[12:07:10.772186] {mesa egl surface queue} wl_callback#43.done(7)
[12:07:10.772205] {mesa egl surface queue} wl_buffer#44.release()
[12:07:10.773039] {Default Queue}  -> xdg_toplevel#30.set_min_size(1400, 948)
[12:07:10.773047] {Default Queue}  -> xdg_toplevel#30.set_max_size(0, 0)
[12:07:10.773049] {Default Queue}  -> xdg_surface#29.set_window_geometry(45, 45, 1400, 948)
[12:07:10.773097] {mesa egl surface queue}  -> wl_surface#14.attach(wl_buffer#44, 0, 0)
[12:07:10.773099] {mesa egl surface queue}  -> wl_surface#14.damage(0, 0, 2147483647, 2147483647)
[12:07:10.773102] {mesa egl surface queue}  -> wl_surface#14.commit()
[12:07:10.773103] {mesa egl surface queue}  -> wl_display#1.sync(new id wl_callback#43)
[12:07:10.773179] {Display Queue} wl_display#1.delete_id(43)
[12:07:10.853552] {mesa egl surface queue} wl_callback#43.done(7)
[12:07:10.853565] {mesa egl surface queue} wl_buffer#40.release()
[12:07:10.854413] {Default Queue}  -> xdg_toplevel#30.set_min_size(1400, 948)
[12:07:10.854421] {Default Queue}  -> xdg_toplevel#30.set_max_size(0, 0)
[12:07:10.854423] {Default Queue}  -> xdg_surface#29.set_window_geometry(45, 45, 1400, 948)
[12:07:10.854469] {mesa egl surface queue}  -> wl_surface#14.attach(wl_buffer#40, 0, 0)
[12:07:10.854471] {mesa egl surface queue}  -> wl_surface#14.damage(0, 0, 2147483647, 2147483647)
[12:07:10.854473] {mesa egl surface queue}  -> wl_surface#14.commit()
[12:07:10.854475] {mesa egl surface queue}  -> wl_display#1.sync(new id wl_callback#43)
[12:07:10.854546] {Display Queue} wl_display#1.delete_id(43)
[12:07:10.871508] {mesa egl surface queue} wl_callback#43.done(7)
[12:07:10.871528] {mesa egl surface queue} wl_buffer#44.release()
[12:07:10.872408] {Default Queue}  -> xdg_toplevel#30.set_min_size(1400, 948)
[12:07:10.872416] {Default Queue}  -> xdg_toplevel#30.set_max_size(0, 0)
[12:07:10.872418] {Default Queue}  -> xdg_surface#29.set_window_geometry(45, 45, 1400, 948)
[12:07:10.872471] {mesa egl surface queue}  -> wl_surface#14.attach(wl_buffer#44, 0, 0)
[12:07:10.872474] {mesa egl surface queue}  -> wl_surface#14.damage(0, 0, 2147483647, 2147483647)
[12:07:10.872476] {mesa egl surface queue}  -> wl_surface#14.commit()
[12:07:10.872478] {mesa egl surface queue}  -> wl_display#1.sync(new id wl_callback#43)
[12:07:10.872543] {Display Queue} wl_display#1.delete_id(43)
[12:07:10.964968] {mesa egl surface queue} wl_callback#43.done(7)
[12:07:10.964986] {mesa egl surface queue} wl_buffer#40.release()
[12:07:10.965837] {Default Queue}  -> xdg_toplevel#30.set_min_size(1400, 948)
[12:07:10.965846] {Default Queue}  -> xdg_toplevel#30.set_max_size(0, 0)
[12:07:10.965849] {Default Queue}  -> xdg_surface#29.set_window_geometry(45, 45, 1400, 948)
[12:07:10.965896] {mesa egl surface queue}  -> wl_surface#14.attach(wl_buffer#40, 0, 0)
[12:07:10.965899] {mesa egl surface queue}  -> wl_surface#14.damage(0, 0, 2147483647, 2147483647)
[12:07:10.965901] {mesa egl surface queue}  -> wl_surface#14.commit()
[12:07:10.965903] {mesa egl surface queue}  -> wl_display#1.sync(new id wl_callback#43)
[12:07:10.965974] {Display Queue} wl_display#1.delete_id(43)
[12:07:11.077525] {mesa egl surface queue} wl_callback#43.done(7)
[12:07:11.077544] {mesa egl surface queue} wl_buffer#44.release()
[12:07:11.078387] {Default Queue}  -> xdg_toplevel#30.set_min_size(1400, 948)
[12:07:11.078402] {Default Queue}  -> xdg_toplevel#30.set_max_size(0, 0)
[12:07:11.078404] {Default Queue}  -> xdg_surface#29.set_window_geometry(45, 45, 1400, 948)
[12:07:11.078451] {mesa egl surface queue}  -> wl_surface#14.attach(wl_buffer#44, 0, 0)
[12:07:11.078454] {mesa egl surface queue}  -> wl_surface#14.damage(0, 0, 2147483647, 2147483647)
[12:07:11.078456] {mesa egl surface queue}  -> wl_surface#14.commit()
[12:07:11.078458] {mesa egl surface queue}  -> wl_display#1.sync(new id wl_callback#43)
[12:07:11.078529] {Display Queue} wl_display#1.delete_id(43)
[12:07:11.094584] {mesa egl surface queue} wl_callback#43.done(7)
[12:07:11.094598] {mesa egl surface queue} wl_buffer#40.release()
[12:07:11.095327] {Default Queue}  -> xdg_toplevel#30.set_min_size(1400, 948)
[12:07:11.095334] {Default Queue}  -> xdg_toplevel#30.set_max_size(0, 0)
[12:07:11.095337] {Default Queue}  -> xdg_surface#29.set_window_geometry(45, 45, 1400, 948)
[12:07:11.095376] {mesa egl surface queue}  -> wl_surface#14.attach(wl_buffer#40, 0, 0)
[12:07:11.095378] {mesa egl surface queue}  -> wl_surface#14.damage(0, 0, 2147483647, 2147483647)
[12:07:11.095380] {mesa egl surface queue}  -> wl_surface#14.commit()
[12:07:11.095382] {mesa egl surface queue}  -> wl_display#1.sync(new id wl_callback#43)
[12:07:11.095445] {Display Queue} wl_display#1.delete_id(43)
[12:07:11.173962] {mesa egl surface queue} wl_callback#43.done(7)
[12:07:11.173980] {mesa egl surface queue} wl_buffer#44.release()
[12:07:11.174784] {Default Queue}  -> xdg_toplevel#30.set_min_size(1400, 948)
[12:07:11.174792] {Default Queue}  -> xdg_toplevel#30.set_max_size(0, 0)
[12:07:11.174794] {Default Queue}  -> xdg_surface#29.set_window_geometry(45, 45, 1400, 948)
[12:07:11.174840] {mesa egl surface queue}  -> wl_surface#14.attach(wl_buffer#44, 0, 0)
[12:07:11.174842] {mesa egl surface queue}  -> wl_surface#14.damage(0, 0, 2147483647, 2147483647)
[12:07:11.174844] {mesa egl surface queue}  -> wl_surface#14.commit()
[12:07:11.174846] {mesa egl surface queue}  -> wl_display#1.sync(new id wl_callback#43)
[12:07:11.174914] {Display Queue} wl_display#1.delete_id(43)
[12:07:11.286663] {mesa egl surface queue} wl_callback#43.done(7)
[12:07:11.286681] {mesa egl surface queue} wl_buffer#40.release()
[12:07:11.287492] {Default Queue}  -> xdg_toplevel#30.set_min_size(1400, 948)
[12:07:11.287502] {Default Queue}  -> xdg_toplevel#30.set_max_size(0, 0)
[12:07:11.287504] {Default Queue}  -> xdg_surface#29.set_window_geometry(45, 45, 1400, 948)
[12:07:11.287549] {mesa egl surface queue}  -> wl_surface#14.attach(wl_buffer#40, 0, 0)
[12:07:11.287551] {mesa egl surface queue}  -> wl_surface#14.damage(0, 0, 2147483647, 2147483647)
[12:07:11.287553] {mesa egl surface queue}  -> wl_surface#14.commit()
[12:07:11.287555] {mesa egl surface queue}  -> wl_display#1.sync(new id wl_callback#43)
[12:07:11.287727] {Display Queue} wl_display#1.delete_id(43)
[12:07:11.351938] {mesa egl surface queue} wl_callback#43.done(7)
[12:07:11.351955] {mesa egl surface queue} wl_buffer#44.release()
[12:07:11.352834] {Default Queue}  -> xdg_toplevel#30.set_min_size(1400, 948)
[12:07:11.352843] {Default Queue}  -> xdg_toplevel#30.set_max_size(0, 0)
[12:07:11.352846] {Default Queue}  -> xdg_surface#29.set_window_geometry(45, 45, 1400, 948)
[12:07:11.352892] {mesa egl surface queue}  -> wl_surface#14.attach(wl_buffer#44, 0, 0)
[12:07:11.352895] {mesa egl surface queue}  -> wl_surface#14.damage(0, 0, 2147483647, 2147483647)
[12:07:11.352897] {mesa egl surface queue}  -> wl_surface#14.commit()
[12:07:11.352899] {mesa egl surface queue}  -> wl_display#1.sync(new id wl_callback#43)
[12:07:11.352994] {Display Queue} wl_display#1.delete_id(43)
[12:07:11.383443] {mesa egl surface queue} wl_callback#43.done(7)
[12:07:11.383463] {mesa egl surface queue} wl_buffer#40.release()
[12:07:11.384300] {Default Queue}  -> xdg_toplevel#30.set_min_size(1400, 948)
[12:07:11.384307] {Default Queue}  -> xdg_toplevel#30.set_max_size(0, 0)
[12:07:11.384315] {Default Queue}  -> xdg_surface#29.set_window_geometry(45, 45, 1400, 948)
[12:07:11.384364] {mesa egl surface queue}  -> wl_surface#14.attach(wl_buffer#40, 0, 0)
[12:07:11.384366] {mesa egl surface queue}  -> wl_surface#14.damage(0, 0, 2147483647, 2147483647)
[12:07:11.384368] {mesa egl surface queue}  -> wl_surface#14.commit()
[12:07:11.384370] {mesa egl surface queue}  -> wl_display#1.sync(new id wl_callback#43)
[12:07:11.384450] {Display Queue} wl_display#1.delete_id(43)
[12:07:11.496377] {mesa egl surface queue} wl_callback#43.done(7)
[12:07:11.496393] {mesa egl surface queue} wl_buffer#44.release()
[12:07:11.497322] {Default Queue}  -> xdg_toplevel#30.set_min_size(1400, 948)
[12:07:11.497331] {Default Queue}  -> xdg_toplevel#30.set_max_size(0, 0)
[12:07:11.497333] {Default Queue}  -> xdg_surface#29.set_window_geometry(45, 45, 1400, 948)
[12:07:11.497381] {mesa egl surface queue}  -> wl_surface#14.attach(wl_buffer#44, 0, 0)
[12:07:11.497384] {mesa egl surface queue}  -> wl_surface#14.damage(0, 0, 2147483647, 2147483647)
[12:07:11.497386] {mesa egl surface queue}  -> wl_surface#14.commit()
[12:07:11.497388] {mesa egl surface queue}  -> wl_display#1.sync(new id wl_callback#43)
[12:07:11.497473] {Display Queue} wl_display#1.delete_id(43)
[12:07:11.592842] {mesa egl surface queue} wl_callback#43.done(7)
[12:07:11.592860] {mesa egl surface queue} wl_buffer#40.release()
[12:07:11.593696] {Default Queue}  -> xdg_toplevel#30.set_min_size(1400, 948)
[12:07:11.593704] {Default Queue}  -> xdg_toplevel#30.set_max_size(0, 0)
[12:07:11.593706] {Default Queue}  -> xdg_surface#29.set_window_geometry(45, 45, 1400, 948)
[12:07:11.593759] {mesa egl surface queue}  -> wl_surface#14.attach(wl_buffer#40, 0, 0)
[12:07:11.593762] {mesa egl surface queue}  -> wl_surface#14.damage(0, 0, 2147483647, 2147483647)
[12:07:11.593764] {mesa egl surface queue}  -> wl_surface#14.commit()
[12:07:11.593766] {mesa egl surface queue}  -> wl_display#1.sync(new id wl_callback#43)
[12:07:11.593845] {Display Queue} wl_display#1.delete_id(43)
[12:07:11.610269] {mesa egl surface queue} wl_callback#43.done(7)
[12:07:11.610288] {mesa egl surface queue} wl_buffer#44.release()
[12:07:11.611066] {Default Queue}  -> xdg_toplevel#30.set_min_size(1400, 948)
[12:07:11.611073] {Default Queue}  -> xdg_toplevel#30.set_max_size(0, 0)
[12:07:11.611075] {Default Queue}  -> xdg_surface#29.set_window_geometry(45, 45, 1400, 948)
[12:07:11.611118] {mesa egl surface queue}  -> wl_surface#14.attach(wl_buffer#44, 0, 0)
[12:07:11.611121] {mesa egl surface queue}  -> wl_surface#14.damage(0, 0, 2147483647, 2147483647)
[12:07:11.611123] {mesa egl surface queue}  -> wl_surface#14.commit()
[12:07:11.611125] {mesa egl surface queue}  -> wl_display#1.sync(new id wl_callback#43)
[12:07:11.611201] {Display Queue} wl_display#1.delete_id(43)
[12:07:11.705059] {mesa egl surface queue} wl_callback#43.done(7)
[12:07:11.705077] {mesa egl surface queue} wl_buffer#40.release()
[12:07:11.705907] {Default Queue}  -> xdg_toplevel#30.set_min_size(1400, 948)
[12:07:11.705916] {Default Queue}  -> xdg_toplevel#30.set_max_size(0, 0)
[12:07:11.705918] {Default Queue}  -> xdg_surface#29.set_window_geometry(45, 45, 1400, 948)
[12:07:11.705964] {mesa egl surface queue}  -> wl_surface#14.attach(wl_buffer#40, 0, 0)
[12:07:11.705967] {mesa egl surface queue}  -> wl_surface#14.damage(0, 0, 2147483647, 2147483647)
[12:07:11.705969] {mesa egl surface queue}  -> wl_surface#14.commit()
[12:07:11.705971] {mesa egl surface queue}  -> wl_display#1.sync(new id wl_callback#43)
[12:07:11.706048] {Display Queue} wl_display#1.delete_id(43)
[12:07:11.801851] {mesa egl surface queue} wl_callback#43.done(7)
[12:07:11.801869] {mesa egl surface queue} wl_buffer#44.release()
[12:07:11.802676] {Default Queue}  -> xdg_toplevel#30.set_min_size(1400, 948)
[12:07:11.802684] {Default Queue}  -> xdg_toplevel#30.set_max_size(0, 0)
[12:07:11.802686] {Default Queue}  -> xdg_surface#29.set_window_geometry(45, 45, 1400, 948)
[12:07:11.802732] {mesa egl surface queue}  -> wl_surface#14.attach(wl_buffer#44, 0, 0)
[12:07:11.802735] {mesa egl surface queue}  -> wl_surface#14.damage(0, 0, 2147483647, 2147483647)
[12:07:11.802751] {mesa egl surface queue}  -> wl_surface#14.commit()
[12:07:11.802767] {mesa egl surface queue}  -> wl_display#1.sync(new id wl_callback#43)
[12:07:11.802840] {Display Queue} wl_display#1.delete_id(43)
[12:07:11.850834] {mesa egl surface queue} wl_callback#43.done(7)
[12:07:11.850850] {mesa egl surface queue} wl_buffer#40.release()
[12:07:11.851667] {Default Queue}  -> xdg_toplevel#30.set_min_size(1400, 948)
[12:07:11.851675] {Default Queue}  -> xdg_toplevel#30.set_max_size(0, 0)
[12:07:11.851677] {Default Queue}  -> xdg_surface#29.set_window_geometry(45, 45, 1400, 948)
[12:07:11.851721] {mesa egl surface queue}  -> wl_surface#14.attach(wl_buffer#40, 0, 0)
[12:07:11.851724] {mesa egl surface queue}  -> wl_surface#14.damage(0, 0, 2147483647, 2147483647)
[12:07:11.851726] {mesa egl surface queue}  -> wl_surface#14.commit()
[12:07:11.851728] {mesa egl surface queue}  -> wl_display#1.sync(new id wl_callback#43)
[12:07:11.851813] {Display Queue} wl_display#1.delete_id(43)
[12:07:11.913979] {mesa egl surface queue} wl_callback#43.done(7)
[12:07:11.913998] {mesa egl surface queue} wl_buffer#44.release()
[12:07:11.914794] {Default Queue}  -> xdg_toplevel#30.set_min_size(1400, 948)
[12:07:11.914802] {Default Queue}  -> xdg_toplevel#30.set_max_size(0, 0)
[12:07:11.914805] {Default Queue}  -> xdg_surface#29.set_window_geometry(45, 45, 1400, 948)
[12:07:11.914848] {mesa egl surface queue}  -> wl_surface#14.attach(wl_buffer#44, 0, 0)
[12:07:11.914850] {mesa egl surface queue}  -> wl_surface#14.damage(0, 0, 2147483647, 2147483647)
[12:07:11.914852] {mesa egl surface queue}  -> wl_surface#14.commit()
[12:07:11.914854] {mesa egl surface queue}  -> wl_display#1.sync(new id wl_callback#43)
[12:07:11.914930] {Display Queue} wl_display#1.delete_id(43)
[12:07:12.010467] {mesa egl surface queue} wl_callback#43.done(7)
[12:07:12.010485] {mesa egl surface queue} wl_buffer#40.release()
[12:07:12.011330] {Default Queue}  -> xdg_toplevel#30.set_min_size(1400, 948)
[12:07:12.011338] {Default Queue}  -> xdg_toplevel#30.set_max_size(0, 0)
[12:07:12.011340] {Default Queue}  -> xdg_surface#29.set_window_geometry(45, 45, 1400, 948)
[12:07:12.011391] {mesa egl surface queue}  -> wl_surface#14.attach(wl_buffer#40, 0, 0)
[12:07:12.011394] {mesa egl surface queue}  -> wl_surface#14.damage(0, 0, 2147483647, 2147483647)
[12:07:12.011396] {mesa egl surface queue}  -> wl_surface#14.commit()
[12:07:12.011398] {mesa egl surface queue}  -> wl_display#1.sync(new id wl_callback#43)
[12:07:12.011478] {Display Queue} wl_display#1.delete_id(43)
[12:07:12.107852] {mesa egl surface queue} wl_callback#43.done(7)
[12:07:12.107869] {mesa egl surface queue} wl_buffer#44.release()
[12:07:12.108711] {Default Queue}  -> xdg_toplevel#30.set_min_size(1400, 948)
[12:07:12.108719] {Default Queue}  -> xdg_toplevel#30.set_max_size(0, 0)
[12:07:12.108721] {Default Queue}  -> xdg_surface#29.set_window_geometry(45, 45, 1400, 948)
[12:07:12.108772] {mesa egl surface queue}  -> wl_surface#14.attach(wl_buffer#44, 0, 0)
[12:07:12.108775] {mesa egl surface queue}  -> wl_surface#14.damage(0, 0, 2147483647, 2147483647)
[12:07:12.108777] {mesa egl surface queue}  -> wl_surface#14.commit()
[12:07:12.108779] {mesa egl surface queue}  -> wl_display#1.sync(new id wl_callback#43)
[12:07:12.108856] {Display Queue} wl_display#1.delete_id(43)
[12:07:12.123112] {mesa egl surface queue} wl_callback#43.done(7)
[12:07:12.123130] {mesa egl surface queue} wl_buffer#40.release()
[12:07:12.124082] {Default Queue}  -> xdg_toplevel#30.set_min_size(1400, 948)
[12:07:12.124093] {Default Queue}  -> xdg_toplevel#30.set_max_size(0, 0)
[12:07:12.124096] {Default Queue}  -> xdg_surface#29.set_window_geometry(45, 45, 1400, 948)
[12:07:12.124143] {mesa egl surface queue}  -> wl_surface#14.attach(wl_buffer#40, 0, 0)
[12:07:12.124146] {mesa egl surface queue}  -> wl_surface#14.damage(0, 0, 2147483647, 2147483647)
[12:07:12.124148] {mesa egl surface queue}  -> wl_surface#14.commit()
[12:07:12.124150] {mesa egl surface queue}  -> wl_display#1.sync(new id wl_callback#43)
[12:07:12.124228] {Display Queue} wl_display#1.delete_id(43)
[12:07:12.219641] {mesa egl surface queue} wl_callback#43.done(7)
[12:07:12.219663] {mesa egl surface queue} wl_buffer#44.release()
[12:07:12.220642] {Default Queue}  -> xdg_toplevel#30.set_min_size(1400, 948)
[12:07:12.220654] {Default Queue}  -> xdg_toplevel#30.set_max_size(0, 0)
[12:07:12.220657] {Default Queue}  -> xdg_surface#29.set_window_geometry(45, 45, 1400, 948)
[12:07:12.220708] {mesa egl surface queue}  -> wl_surface#14.attach(wl_buffer#44, 0, 0)
[12:07:12.220711] {mesa egl surface queue}  -> wl_surface#14.damage(0, 0, 2147483647, 2147483647)
[12:07:12.220714] {mesa egl surface queue}  -> wl_surface#14.commit()
[12:07:12.220716] {mesa egl surface queue}  -> wl_display#1.sync(new id wl_callback#43)
[12:07:12.220809] {Display Queue} wl_display#1.delete_id(43)
[12:07:12.332286] {mesa egl surface queue} wl_callback#43.done(7)
[12:07:12.332303] {mesa egl surface queue} wl_buffer#40.release()
[12:07:12.333145] {Default Queue}  -> xdg_toplevel#30.set_min_size(1400, 948)
[12:07:12.333154] {Default Queue}  -> xdg_toplevel#30.set_max_size(0, 0)
[12:07:12.333156] {Default Queue}  -> xdg_surface#29.set_window_geometry(45, 45, 1400, 948)
[12:07:12.333202] {mesa egl surface queue}  -> wl_surface#14.attach(wl_buffer#40, 0, 0)
[12:07:12.333205] {mesa egl surface queue}  -> wl_surface#14.damage(0, 0, 2147483647, 2147483647)
[12:07:12.333207] {mesa egl surface queue}  -> wl_surface#14.commit()
[12:07:12.333209] {mesa egl surface queue}  -> wl_display#1.sync(new id wl_callback#43)
[12:07:12.333510] {Display Queue} wl_display#1.delete_id(43)
[12:07:12.365431] {mesa egl surface queue} wl_callback#43.done(7)
[12:07:12.365449] {mesa egl surface queue} wl_buffer#44.release()
[12:07:12.366309] {Default Queue}  -> xdg_toplevel#30.set_min_size(1400, 948)
[12:07:12.366318] {Default Queue}  -> xdg_toplevel#30.set_max_size(0, 0)
[12:07:12.366320] {Default Queue}  -> xdg_surface#29.set_window_geometry(45, 45, 1400, 948)
[12:07:12.366364] {mesa egl surface queue}  -> wl_surface#14.attach(wl_buffer#44, 0, 0)
[12:07:12.366367] {mesa egl surface queue}  -> wl_surface#14.damage(0, 0, 2147483647, 2147483647)
[12:07:12.366369] {mesa egl surface queue}  -> wl_surface#14.commit()
[12:07:12.366371] {mesa egl surface queue}  -> wl_display#1.sync(new id wl_callback#43)
[12:07:12.366454] {Display Queue} wl_display#1.delete_id(43)
[12:07:12.429032] {mesa egl surface queue} wl_callback#43.done(7)
[12:07:12.429049] {mesa egl surface queue} wl_buffer#40.release()
[12:07:12.429932] {Default Queue}  -> xdg_toplevel#30.set_min_size(1400, 948)
[12:07:12.429939] {Default Queue}  -> xdg_toplevel#30.set_max_size(0, 0)
[12:07:12.429942] {Default Queue}  -> xdg_surface#29.set_window_geometry(45, 45, 1400, 948)
[12:07:12.429982] {mesa egl surface queue}  -> wl_surface#14.attach(wl_buffer#40, 0, 0)
[12:07:12.429985] {mesa egl surface queue}  -> wl_surface#14.damage(0, 0, 2147483647, 2147483647)
[12:07:12.429987] {mesa egl surface queue}  -> wl_surface#14.commit()
[12:07:12.429989] {mesa egl surface queue}  -> wl_display#1.sync(new id wl_callback#43)
[12:07:12.430117] {Display Queue} wl_display#1.delete_id(43)
[12:07:12.525492] {mesa egl surface queue} wl_callback#43.done(7)
[12:07:12.525510] {mesa egl surface queue} wl_buffer#44.release()
[12:07:12.526354] {Default Queue}  -> xdg_toplevel#30.set_min_size(1400, 948)
[12:07:12.526363] {Default Queue}  -> xdg_toplevel#30.set_max_size(0, 0)
[12:07:12.526365] {Default Queue}  -> xdg_surface#29.set_window_geometry(45, 45, 1400, 948)
[12:07:12.526411] {mesa egl surface queue}  -> wl_surface#14.attach(wl_buffer#44, 0, 0)
[12:07:12.526414] {mesa egl surface queue}  -> wl_surface#14.damage(0, 0, 2147483647, 2147483647)
[12:07:12.526416] {mesa egl surface queue}  -> wl_surface#14.commit()
[12:07:12.526418] {mesa egl surface queue}  -> wl_display#1.sync(new id wl_callback#43)
[12:07:12.526498] {Display Queue} wl_display#1.delete_id(43)
[12:07:12.607826] {mesa egl surface queue} wl_callback#43.done(7)
[12:07:12.607843] {mesa egl surface queue} wl_buffer#40.release()
[12:07:12.608666] {Default Queue}  -> xdg_toplevel#30.set_min_size(1400, 948)
[12:07:12.608681] {Default Queue}  -> xdg_toplevel#30.set_max_size(0, 0)
[12:07:12.608683] {Default Queue}  -> xdg_surface#29.set_window_geometry(45, 45, 1400, 948)
[12:07:12.608726] {mesa egl surface queue}  -> wl_surface#14.attach(wl_buffer#40, 0, 0)
[12:07:12.608729] {mesa egl surface queue}  -> wl_surface#14.damage(0, 0, 2147483647, 2147483647)
[12:07:12.608731] {mesa egl surface queue}  -> wl_surface#14.commit()
[12:07:12.608733] {mesa egl surface queue}  -> wl_display#1.sync(new id wl_callback#43)
[12:07:12.608808] {Display Queue} wl_display#1.delete_id(43)
[12:07:12.638316] {mesa egl surface queue} wl_callback#43.done(7)
[12:07:12.638333] {mesa egl surface queue} wl_buffer#44.release()
[12:07:12.639156] {Default Queue}  -> xdg_toplevel#30.set_min_size(1400, 948)
[12:07:12.639164] {Default Queue}  -> xdg_toplevel#30.set_max_size(0, 0)
[12:07:12.639167] {Default Queue}  -> xdg_surface#29.set_window_geometry(45, 45, 1400, 948)
[12:07:12.639210] {mesa egl surface queue}  -> wl_surface#14.attach(wl_buffer#44, 0, 0)
[12:07:12.639213] {mesa egl surface queue}  -> wl_surface#14.damage(0, 0, 2147483647, 2147483647)
[12:07:12.639215] {mesa egl surface queue}  -> wl_surface#14.commit()
[12:07:12.639217] {mesa egl surface queue}  -> wl_display#1.sync(new id wl_callback#43)
[12:07:12.639283] {Display Queue} wl_display#1.delete_id(43)
[12:07:12.734592] {mesa egl surface queue} wl_callback#43.done(7)
[12:07:12.734610] {mesa egl surface queue} wl_buffer#40.release()
[12:07:12.735459] {Default Queue}  -> xdg_toplevel#30.set_min_size(1400, 948)
[12:07:12.735467] {Default Queue}  -> xdg_toplevel#30.set_max_size(0, 0)
[12:07:12.735470] {Default Queue}  -> xdg_surface#29.set_window_geometry(45, 45, 1400, 948)
[12:07:12.735514] {mesa egl surface queue}  -> wl_surface#14.attach(wl_buffer#40, 0, 0)
[12:07:12.735518] {mesa egl surface queue}  -> wl_surface#14.damage(0, 0, 2147483647, 2147483647)
[12:07:12.735520] {mesa egl surface queue}  -> wl_surface#14.commit()
[12:07:12.735521] {mesa egl surface queue}  -> wl_display#1.sync(new id wl_callback#43)
[12:07:12.735602] {Display Queue} wl_display#1.delete_id(43)
[12:07:12.847431] {mesa egl surface queue} wl_callback#43.done(7)
[12:07:12.847450] {mesa egl surface queue} wl_buffer#44.release()
[12:07:12.848307] {Default Queue}  -> xdg_toplevel#30.set_min_size(1400, 948)
[12:07:12.848317] {Default Queue}  -> xdg_toplevel#30.set_max_size(0, 0)
[12:07:12.848320] {Default Queue}  -> xdg_surface#29.set_window_geometry(45, 45, 1400, 948)
[12:07:12.848378] {mesa egl surface queue}  -> wl_surface#14.attach(wl_buffer#44, 0, 0)
[12:07:12.848382] {mesa egl surface queue}  -> wl_surface#14.damage(0, 0, 2147483647, 2147483647)
[12:07:12.848385] {mesa egl surface queue}  -> wl_surface#14.commit()
[12:07:12.848388] {mesa egl surface queue}  -> wl_display#1.sync(new id wl_callback#43)
[12:07:12.848473] {Display Queue} wl_display#1.delete_id(43)
[12:07:12.872385] {mesa egl surface queue} wl_callback#43.done(7)
[12:07:12.872406] {mesa egl surface queue} wl_buffer#40.release()
[12:07:12.873693] {Default Queue}  -> xdg_toplevel#30.set_min_size(1400, 948)
[12:07:12.873710] {Default Queue}  -> xdg_toplevel#30.set_max_size(0, 0)
[12:07:12.873713] {Default Queue}  -> xdg_surface#29.set_window_geometry(45, 45, 1400, 948)
[12:07:12.873774] {mesa egl surface queue}  -> wl_surface#14.attach(wl_buffer#40, 0, 0)
[12:07:12.873778] {mesa egl surface queue}  -> wl_surface#14.damage(0, 0, 2147483647, 2147483647)
[12:07:12.873780] {mesa egl surface queue}  -> wl_surface#14.commit()
[12:07:12.873782] {mesa egl surface queue}  -> wl_display#1.sync(new id wl_callback#43)
[12:07:12.873869] {Display Queue} wl_display#1.delete_id(43)
[12:07:12.944449] {mesa egl surface queue} wl_callback#43.done(7)
[12:07:12.944471] {mesa egl surface queue} wl_buffer#44.release()
[12:07:12.945669] {Default Queue}  -> xdg_toplevel#30.set_min_size(1400, 948)
[12:07:12.945681] {Default Queue}  -> xdg_toplevel#30.set_max_size(0, 0)
[12:07:12.945692] {Default Queue}  -> xdg_surface#29.set_window_geometry(45, 45, 1400, 948)
[12:07:12.945772] {mesa egl surface queue}  -> wl_surface#14.attach(wl_buffer#44, 0, 0)
[12:07:12.945779] {mesa egl surface queue}  -> wl_surface#14.damage(0, 0, 2147483647, 2147483647)
[12:07:12.945782] {mesa egl surface queue}  -> wl_surface#14.commit()
[12:07:12.945786] {mesa egl surface queue}  -> wl_display#1.sync(new id wl_callback#43)
[12:07:12.945862] {Display Queue} wl_display#1.delete_id(43)
[12:07:13.056888] {mesa egl surface queue} wl_callback#43.done(7)
[12:07:13.056905] {mesa egl surface queue} wl_buffer#40.release()
[12:07:13.057745] {Default Queue}  -> xdg_toplevel#30.set_min_size(1400, 948)
[12:07:13.057753] {Default Queue}  -> xdg_toplevel#30.set_max_size(0, 0)
[12:07:13.057755] {Default Queue}  -> xdg_surface#29.set_window_geometry(45, 45, 1400, 948)
[12:07:13.057801] {mesa egl surface queue}  -> wl_surface#14.attach(wl_buffer#40, 0, 0)
[12:07:13.057805] {mesa egl surface queue}  -> wl_surface#14.damage(0, 0, 2147483647, 2147483647)
[12:07:13.057807] {mesa egl surface queue}  -> wl_surface#14.commit()
[12:07:13.057809] {mesa egl surface queue}  -> wl_display#1.sync(new id wl_callback#43)
[12:07:13.057872] {Display Queue} wl_display#1.delete_id(43)
[12:07:13.121992] {mesa egl surface queue} wl_callback#43.done(7)
[12:07:13.122010] {mesa egl surface queue} wl_buffer#44.release()
[12:07:13.122832] {Default Queue}  -> xdg_toplevel#30.set_min_size(1400, 948)
[12:07:13.122841] {Default Queue}  -> xdg_toplevel#30.set_max_size(0, 0)
[12:07:13.122843] {Default Queue}  -> xdg_surface#29.set_window_geometry(45, 45, 1400, 948)
[12:07:13.122892] {mesa egl surface queue}  -> wl_surface#14.attach(wl_buffer#44, 0, 0)
[12:07:13.122895] {mesa egl surface queue}  -> wl_surface#14.damage(0, 0, 2147483647, 2147483647)
[12:07:13.122897] {mesa egl surface queue}  -> wl_surface#14.commit()
[12:07:13.122899] {mesa egl surface queue}  -> wl_display#1.sync(new id wl_callback#43)
[12:07:13.122971] {Display Queue} wl_display#1.delete_id(43)
[12:07:13.153068] {mesa egl surface queue} wl_callback#43.done(7)
[12:07:13.153084] {mesa egl surface queue} wl_buffer#40.release()
[12:07:13.153868] {Default Queue}  -> xdg_toplevel#30.set_min_size(1400, 948)
[12:07:13.153875] {Default Queue}  -> xdg_toplevel#30.set_max_size(0, 0)
[12:07:13.153878] {Default Queue}  -> xdg_surface#29.set_window_geometry(45, 45, 1400, 948)
[12:07:13.153918] {mesa egl surface queue}  -> wl_surface#14.attach(wl_buffer#40, 0, 0)
[12:07:13.153921] {mesa egl surface queue}  -> wl_surface#14.damage(0, 0, 2147483647, 2147483647)
[12:07:13.153923] {mesa egl surface queue}  -> wl_surface#14.commit()
[12:07:13.153925] {mesa egl surface queue}  -> wl_display#1.sync(new id wl_callback#43)
[12:07:13.153987] {Display Queue} wl_display#1.delete_id(43)
[12:07:13.265562] {mesa egl surface queue} wl_callback#43.done(7)
[12:07:13.265580] {mesa egl surface queue} wl_buffer#44.release()
[12:07:13.266421] {Default Queue}  -> xdg_toplevel#30.set_min_size(1400, 948)
[12:07:13.266429] {Default Queue}  -> xdg_toplevel#30.set_max_size(0, 0)
[12:07:13.266432] {Default Queue}  -> xdg_surface#29.set_window_geometry(45, 45, 1400, 948)
[12:07:13.266476] {mesa egl surface queue}  -> wl_surface#14.attach(wl_buffer#44, 0, 0)
[12:07:13.266479] {mesa egl surface queue}  -> wl_surface#14.damage(0, 0, 2147483647, 2147483647)
[12:07:13.266481] {mesa egl surface queue}  -> wl_surface#14.commit()
[12:07:13.266483] {mesa egl surface queue}  -> wl_display#1.sync(new id wl_callback#43)
[12:07:13.266554] {Display Queue} wl_display#1.delete_id(43)
[12:07:13.363451] {mesa egl surface queue} wl_callback#43.done(7)
[12:07:13.363468] {mesa egl surface queue} wl_buffer#40.release()
[12:07:13.364509] {Default Queue}  -> xdg_toplevel#30.set_min_size(1400, 948)
[12:07:13.364521] {Default Queue}  -> xdg_toplevel#30.set_max_size(0, 0)
[12:07:13.364523] {Default Queue}  -> xdg_surface#29.set_window_geometry(45, 45, 1400, 948)
[12:07:13.364572] {mesa egl surface queue}  -> wl_surface#14.attach(wl_buffer#40, 0, 0)
[12:07:13.364575] {mesa egl surface queue}  -> wl_surface#14.damage(0, 0, 2147483647, 2147483647)
[12:07:13.364583] {mesa egl surface queue}  -> wl_surface#14.commit()
[12:07:13.364592] {mesa egl surface queue}  -> wl_display#1.sync(new id wl_callback#43)
[12:07:13.364660] {Display Queue} wl_display#1.delete_id(43)
[12:07:13.474494] {mesa egl surface queue} wl_callback#43.done(7)
[12:07:13.474513] {mesa egl surface queue} wl_buffer#44.release()
[12:07:13.475411] {Default Queue}  -> xdg_toplevel#30.set_min_size(1400, 948)
[12:07:13.475418] {Default Queue}  -> xdg_toplevel#30.set_max_size(0, 0)
[12:07:13.475421] {Default Queue}  -> xdg_surface#29.set_window_geometry(45, 45, 1400, 948)
[12:07:13.475465] {mesa egl surface queue}  -> wl_surface#14.attach(wl_buffer#44, 0, 0)
[12:07:13.475469] {mesa egl surface queue}  -> wl_surface#14.damage(0, 0, 2147483647, 2147483647)
[12:07:13.475471] {mesa egl surface queue}  -> wl_surface#14.commit()
[12:07:13.475473] {mesa egl surface queue}  -> wl_display#1.sync(new id wl_callback#43)
[12:07:13.475543] {Display Queue} wl_display#1.delete_id(43)
[12:07:13.571078] {mesa egl surface queue} wl_callback#43.done(7)
[12:07:13.571098] {mesa egl surface queue} wl_buffer#40.release()
[12:07:13.571942] {Default Queue}  -> xdg_toplevel#30.set_min_size(1400, 948)
[12:07:13.571951] {Default Queue}  -> xdg_toplevel#30.set_max_size(0, 0)
[12:07:13.571953] {Default Queue}  -> xdg_surface#29.set_window_geometry(45, 45, 1400, 948)
[12:07:13.572004] {mesa egl surface queue}  -> wl_surface#14.attach(wl_buffer#40, 0, 0)
[12:07:13.572007] {mesa egl surface queue}  -> wl_surface#14.damage(0, 0, 2147483647, 2147483647)
[12:07:13.572009] {mesa egl surface queue}  -> wl_surface#14.commit()
[12:07:13.572011] {mesa egl surface queue}  -> wl_display#1.sync(new id wl_callback#43)
[12:07:13.572126] {Display Queue} wl_display#1.delete_id(43)
[12:07:13.620326] {mesa egl surface queue} wl_callback#43.done(7)
[12:07:13.620346] {mesa egl surface queue} wl_buffer#44.release()
[12:07:13.621176] {Default Queue}  -> xdg_toplevel#30.set_min_size(1400, 948)
[12:07:13.621185] {Default Queue}  -> xdg_toplevel#30.set_max_size(0, 0)
[12:07:13.621188] {Default Queue}  -> xdg_surface#29.set_window_geometry(45, 45, 1400, 948)
[12:07:13.621231] {mesa egl surface queue}  -> wl_surface#14.attach(wl_buffer#44, 0, 0)
[12:07:13.621234] {mesa egl surface queue}  -> wl_surface#14.damage(0, 0, 2147483647, 2147483647)
[12:07:13.621236] {mesa egl surface queue}  -> wl_surface#14.commit()
[12:07:13.621239] {mesa egl surface queue}  -> wl_display#1.sync(new id wl_callback#43)
[12:07:13.621320] {Display Queue} wl_display#1.delete_id(43)
[12:07:13.683388] {mesa egl surface queue} wl_callback#43.done(7)
[12:07:13.683406] {mesa egl surface queue} wl_buffer#40.release()
[12:07:13.684236] {Default Queue}  -> xdg_toplevel#30.set_min_size(1400, 948)
[12:07:13.684244] {Default Queue}  -> xdg_toplevel#30.set_max_size(0, 0)
[12:07:13.684246] {Default Queue}  -> xdg_surface#29.set_window_geometry(45, 45, 1400, 948)
[12:07:13.684293] {mesa egl surface queue}  -> wl_surface#14.attach(wl_buffer#40, 0, 0)
[12:07:13.684296] {mesa egl surface queue}  -> wl_surface#14.damage(0, 0, 2147483647, 2147483647)
[12:07:13.684298] {mesa egl surface queue}  -> wl_surface#14.commit()
[12:07:13.684300] {mesa egl surface queue}  -> wl_display#1.sync(new id wl_callback#43)
[12:07:13.684373] {Display Queue} wl_display#1.delete_id(43)
[12:07:13.780083] {mesa egl surface queue} wl_callback#43.done(7)
[12:07:13.780100] {mesa egl surface queue} wl_buffer#44.release()
[12:07:13.780930] {Default Queue}  -> xdg_toplevel#30.set_min_size(1400, 948)
[12:07:13.780936] {Default Queue}  -> xdg_toplevel#30.set_max_size(0, 0)
[12:07:13.780938] {Default Queue}  -> xdg_surface#29.set_window_geometry(45, 45, 1400, 948)
[12:07:13.780984] {mesa egl surface queue}  -> wl_surface#14.attach(wl_buffer#44, 0, 0)
[12:07:13.780987] {mesa egl surface queue}  -> wl_surface#14.damage(0, 0, 2147483647, 2147483647)
[12:07:13.780989] {mesa egl surface queue}  -> wl_surface#14.commit()
[12:07:13.780990] {mesa egl surface queue}  -> wl_display#1.sync(new id wl_callback#43)
[12:07:13.781120] {Display Queue} wl_display#1.delete_id(43)
[12:07:13.877389] {mesa egl surface queue} wl_callback#43.done(7)
[12:07:13.877407] {mesa egl surface queue} wl_buffer#40.release()
[12:07:13.878266] {Default Queue}  -> xdg_toplevel#30.set_min_size(1400, 948)
[12:07:13.878274] {Default Queue}  -> xdg_toplevel#30.set_max_size(0, 0)
[12:07:13.878276] {Default Queue}  -> xdg_surface#29.set_window_geometry(45, 45, 1400, 948)
[12:07:13.878328] {mesa egl surface queue}  -> wl_surface#14.attach(wl_buffer#40, 0, 0)
[12:07:13.878331] {mesa egl surface queue}  -> wl_surface#14.damage(0, 0, 2147483647, 2147483647)
[12:07:13.878333] {mesa egl surface queue}  -> wl_surface#14.commit()
[12:07:13.878335] {mesa egl surface queue}  -> wl_display#1.sync(new id wl_callback#43)
[12:07:13.878413] {Display Queue} wl_display#1.delete_id(43)
[12:07:13.892439] {mesa egl surface queue} wl_callback#43.done(7)
[12:07:13.892458] {mesa egl surface queue} wl_buffer#44.release()
[12:07:13.893304] {Default Queue}  -> xdg_toplevel#30.set_min_size(1400, 948)
[12:07:13.893312] {Default Queue}  -> xdg_toplevel#30.set_max_size(0, 0)
[12:07:13.893314] {Default Queue}  -> xdg_surface#29.set_window_geometry(45, 45, 1400, 948)
[12:07:13.893364] {mesa egl surface queue}  -> wl_surface#14.attach(wl_buffer#44, 0, 0)
[12:07:13.893368] {mesa egl surface queue}  -> wl_surface#14.damage(0, 0, 2147483647, 2147483647)
[12:07:13.893370] {mesa egl surface queue}  -> wl_surface#14.commit()
[12:07:13.893372] {mesa egl surface queue}  -> wl_display#1.sync(new id wl_callback#43)
[12:07:13.893445] {Display Queue} wl_display#1.delete_id(43)
[12:07:13.988946] {mesa egl surface queue} wl_callback#43.done(7)
[12:07:13.988965] {mesa egl surface queue} wl_buffer#40.release()
[12:07:13.990139] {Default Queue}  -> xdg_toplevel#30.set_min_size(1400, 948)
[12:07:13.990151] {Default Queue}  -> xdg_toplevel#30.set_max_size(0, 0)
[12:07:13.990155] {Default Queue}  -> xdg_surface#29.set_window_geometry(45, 45, 1400, 948)
[12:07:13.990219] {mesa egl surface queue}  -> wl_surface#14.attach(wl_buffer#40, 0, 0)
[12:07:13.990226] {mesa egl surface queue}  -> wl_surface#14.damage(0, 0, 2147483647, 2147483647)
[12:07:13.990230] {mesa egl surface queue}  -> wl_surface#14.commit()
[12:07:13.990233] {mesa egl surface queue}  -> wl_display#1.sync(new id wl_callback#43)
[12:07:13.990360] {Display Queue} wl_display#1.delete_id(43)
[12:07:14.085645] {mesa egl surface queue} wl_callback#43.done(7)
[12:07:14.085664] {mesa egl surface queue} wl_buffer#44.release()
[12:07:14.086509] {Default Queue}  -> xdg_toplevel#30.set_min_size(1400, 948)
[12:07:14.086517] {Default Queue}  -> xdg_toplevel#30.set_max_size(0, 0)
[12:07:14.086519] {Default Queue}  -> xdg_surface#29.set_window_geometry(45, 45, 1400, 948)
[12:07:14.086566] {mesa egl surface queue}  -> wl_surface#14.attach(wl_buffer#44, 0, 0)
[12:07:14.086569] {mesa egl surface queue}  -> wl_surface#14.damage(0, 0, 2147483647, 2147483647)
[12:07:14.086571] {mesa egl surface queue}  -> wl_surface#14.commit()
[12:07:14.086573] {mesa egl surface queue}  -> wl_display#1.sync(new id wl_callback#43)
[12:07:14.086652] {Display Queue} wl_display#1.delete_id(43)
[12:07:14.119043] {mesa egl surface queue} wl_callback#43.done(7)
[12:07:14.119059] {mesa egl surface queue} wl_buffer#40.release()
[12:07:14.119885] {Default Queue}  -> xdg_toplevel#30.set_min_size(1400, 948)
[12:07:14.119893] {Default Queue}  -> xdg_toplevel#30.set_max_size(0, 0)
[12:07:14.119895] {Default Queue}  -> xdg_surface#29.set_window_geometry(45, 45, 1400, 948)
[12:07:14.119940] {mesa egl surface queue}  -> wl_surface#14.attach(wl_buffer#40, 0, 0)
[12:07:14.119943] {mesa egl surface queue}  -> wl_surface#14.damage(0, 0, 2147483647, 2147483647)
[12:07:14.119945] {mesa egl surface queue}  -> wl_surface#14.commit()
[12:07:14.119947] {mesa egl surface queue}  -> wl_display#1.sync(new id wl_callback#43)
[12:07:14.120015] {Display Queue} wl_display#1.delete_id(43)
[12:07:14.197880] {mesa egl surface queue} wl_callback#43.done(7)
[12:07:14.197896] {mesa egl surface queue} wl_buffer#44.release()
[12:07:14.198771] {Default Queue}  -> xdg_toplevel#30.set_min_size(1400, 948)
[12:07:14.198785] {Default Queue}  -> xdg_toplevel#30.set_max_size(0, 0)
[12:07:14.198788] {Default Queue}  -> xdg_surface#29.set_window_geometry(45, 45, 1400, 948)
[12:07:14.198840] {mesa egl surface queue}  -> wl_surface#14.attach(wl_buffer#44, 0, 0)
[12:07:14.198843] {mesa egl surface queue}  -> wl_surface#14.damage(0, 0, 2147483647, 2147483647)
[12:07:14.198846] {mesa egl surface queue}  -> wl_surface#14.commit()
[12:07:14.198848] {mesa egl surface queue}  -> wl_display#1.sync(new id wl_callback#43)
[12:07:14.198933] {Display Queue} wl_display#1.delete_id(43)
[12:07:14.294534] {mesa egl surface queue} wl_callback#43.done(7)
[12:07:14.294552] {mesa egl surface queue} wl_buffer#40.release()
[12:07:14.295366] {Default Queue}  -> xdg_toplevel#30.set_min_size(1400, 948)
[12:07:14.295373] {Default Queue}  -> xdg_toplevel#30.set_max_size(0, 0)
[12:07:14.295375] {Default Queue}  -> xdg_surface#29.set_window_geometry(45, 45, 1400, 948)
[12:07:14.295421] {mesa egl surface queue}  -> wl_surface#14.attach(wl_buffer#40, 0, 0)
[12:07:14.295423] {mesa egl surface queue}  -> wl_surface#14.damage(0, 0, 2147483647, 2147483647)
[12:07:14.295425] {mesa egl surface queue}  -> wl_surface#14.commit()
[12:07:14.295427] {mesa egl surface queue}  -> wl_display#1.sync(new id wl_callback#43)
[12:07:14.295527] {Display Queue} wl_display#1.delete_id(43)
PROOF_PTY_STOP id=0 status=ExitStatus { code: 1, signal: Some("Hangup") }
PROOF_PTY_STOP id=1 status=ExitStatus { code: 1, signal: Some("Hangup") }
PROOF_PTY_STOP id=2 status=ExitStatus { code: 1, signal: Some("Hangup") }
PROOF_EXIT
