[12:30:56.613625] {Default Queue}  -> wl_display#1.get_registry(new id wl_registry#2)
[12:30:56.613632] {Default Queue}  -> wl_display#1.sync(new id wl_callback#3)
[12:30:56.616778] {Display Queue} wl_display#1.delete_id(3)
[12:30:56.616785] {Default Queue} wl_registry#2.global(1, "wl_compositor", 6)
[12:30:56.616788] {Default Queue}  -> wl_registry#2.bind(1, "wl_compositor", 3, new id [unknown]#4)
[12:30:56.616792] {Default Queue} wl_registry#2.global(3, "zwp_tablet_manager_v2", 2)
[12:30:56.616794] {Default Queue}  -> wl_registry#2.bind(3, "zwp_tablet_manager_v2", 1, new id [unknown]#5)
[12:30:56.616796] {Default Queue} wl_registry#2.global(4, "zwp_keyboard_shortcuts_inhibit_manager_v1", 1)
[12:30:56.616799] {Default Queue}  -> wl_registry#2.bind(4, "zwp_keyboard_shortcuts_inhibit_manager_v1", 1, new id [unknown]#6)
[12:30:56.616800] {Default Queue} wl_registry#2.global(5, "xdg_session_manager_v1", 1)
[12:30:56.616802] {Default Queue} wl_registry#2.global(6, "zxdg_decoration_manager_v1", 2)
[12:30:56.616804] {Default Queue} wl_registry#2.global(7, "wp_viewporter", 1)
[12:30:56.616806] {Default Queue} wl_registry#2.global(8, "wp_security_context_manager_v1", 1)
[12:30:56.616807] {Default Queue} wl_registry#2.global(9, "wp_fractional_scale_manager_v1", 1)
[12:30:56.616810] {Default Queue} wl_registry#2.global(10, "wl_shm", 2)
[12:30:56.616811] {Default Queue}  -> wl_registry#2.bind(10, "wl_shm", 1, new id [unknown]#7)
[12:30:56.616813] {Default Queue} wl_registry#2.global(11, "wl_seat", 10)
[12:30:56.616815] {Default Queue} wl_registry#2.global(12, "zwp_pointer_gestures_v1", 3)
[12:30:56.616817] {Default Queue}  -> wl_registry#2.bind(12, "zwp_pointer_gestures_v1", 1, new id [unknown]#8)
[12:30:56.616819] {Default Queue} wl_registry#2.global(13, "zwp_pointer_constraints_v1", 1)
[12:30:56.616821] {Default Queue} wl_registry#2.global(14, "zwp_relative_pointer_manager_v1", 1)
[12:30:56.616822] {Default Queue} wl_registry#2.global(15, "wl_data_device_manager", 3)
[12:30:56.616824] {Default Queue}  -> wl_registry#2.bind(15, "wl_data_device_manager", 3, new id [unknown]#9)
[12:30:56.616826] {Default Queue} wl_registry#2.global(16, "ext_data_control_manager_v1", 1)
[12:30:56.616827] {Default Queue} wl_registry#2.global(17, "wp_cursor_shape_manager_v1", 2)
[12:30:56.616829] {Default Queue}  -> wl_registry#2.bind(17, "wp_cursor_shape_manager_v1", 1, new id [unknown]#10)
[12:30:56.616831] {Default Queue} wl_registry#2.global(18, "zwp_primary_selection_device_manager_v1", 1)
[12:30:56.616833] {Default Queue}  -> wl_registry#2.bind(18, "zwp_primary_selection_device_manager_v1", 1, new id [unknown]#11)
[12:30:56.616835] {Default Queue} wl_registry#2.global(19, "org_kde_kwin_idle", 1)
[12:30:56.616836] {Default Queue} wl_registry#2.global(20, "zwp_idle_inhibit_manager_v1", 1)
[12:30:56.616838] {Default Queue} wl_registry#2.global(21, "ext_idle_notifier_v1", 2)
[12:30:56.616840] {Default Queue} wl_registry#2.global(22, "org_kde_plasma_shell", 8)
[12:30:56.616841] {Default Queue} wl_registry#2.global(23, "org_kde_kwin_appmenu_manager", 2)
[12:30:56.616843] {Default Queue} wl_registry#2.global(24, "org_kde_kwin_server_decoration_palette_manager", 1)
[12:30:56.616845] {Default Queue} wl_registry#2.global(26, "org_kde_plasma_virtual_desktop_management", 4)
[12:30:56.616846] {Default Queue} wl_registry#2.global(28, "org_kde_kwin_shadow_manager", 2)
[12:30:56.616848] {Default Queue} wl_registry#2.global(29, "org_kde_kwin_dpms_manager", 1)
[12:30:56.616850] {Default Queue} wl_registry#2.global(30, "org_kde_kwin_server_decoration_manager", 1)
[12:30:56.616852] {Default Queue}  -> wl_registry#2.bind(30, "org_kde_kwin_server_decoration_manager", 1, new id [unknown]#12)
[12:30:56.616854] {Default Queue} wl_registry#2.global(31, "kde_output_management_v2", 21)
[12:30:56.616856] {Default Queue} wl_registry#2.global(32, "kde_output_device_registry_v2", 23)
[12:30:56.616858] {Default Queue} wl_registry#2.global(33, "zxdg_output_manager_v1", 3)
[12:30:56.616860] {Default Queue}  -> wl_registry#2.bind(33, "zxdg_output_manager_v1", 3, new id [unknown]#13)
[12:30:56.616866] {Default Queue}  -> wl_display#1.sync(new id wl_callback#14)
[12:30:56.616871] {Default Queue} wl_registry#2.global(34, "wl_subcompositor", 1)
[12:30:56.616872] {Default Queue}  -> wl_registry#2.bind(34, "wl_subcompositor", 1, new id [unknown]#15)
[12:30:56.616875] {Default Queue} wl_registry#2.global(35, "zxdg_exporter_v2", 1)
[12:30:56.616877] {Default Queue}  -> wl_registry#2.bind(35, "zxdg_exporter_v2", 1, new id [unknown]#16)
[12:30:56.616878] {Default Queue} wl_registry#2.global(36, "zxdg_importer_v2", 1)
[12:30:56.616880] {Default Queue}  -> wl_registry#2.bind(36, "zxdg_importer_v2", 1, new id [unknown]#17)
[12:30:56.616882] {Default Queue} wl_registry#2.global(37, "zwp_input_method_v1", 1)
[12:30:56.616883] {Default Queue} wl_registry#2.global(39, "xdg_activation_v1", 1)
[12:30:56.616885] {Default Queue}  -> wl_registry#2.bind(39, "xdg_activation_v1", 1, new id [unknown]#18)
[12:30:56.616887] {Default Queue} wl_registry#2.global(41, "wp_content_type_manager_v1", 1)
[12:30:56.616888] {Default Queue} wl_registry#2.global(42, "wp_tearing_control_manager_v1", 1)
[12:30:56.616890] {Default Queue} wl_registry#2.global(43, "xdg_toplevel_drag_manager_v1", 1)
[12:30:56.616892] {Default Queue} wl_registry#2.global(44, "xdg_toplevel_icon_manager_v1", 1)
[12:30:56.616894] {Default Queue} wl_registry#2.global(45, "kde_screen_edge_manager_v1", 1)
[12:30:56.616895] {Default Queue} wl_registry#2.global(46, "frog_color_management_factory_v1", 1)
[12:30:56.616897] {Default Queue} wl_registry#2.global(47, "wp_presentation", 2)
[12:30:56.616899] {Default Queue} wl_registry#2.global(48, "wp_color_manager_v1", 2)
[12:30:56.616900] {Default Queue} wl_registry#2.global(49, "xdg_wm_dialog_v1", 1)
[12:30:56.616902] {Default Queue} wl_registry#2.global(50, "kde_external_brightness_v1", 3)
[12:30:56.616904] {Default Queue} wl_registry#2.global(51, "wp_alpha_modifier_v1", 1)
[12:30:56.616905] {Default Queue} wl_registry#2.global(52, "wl_fixes", 1)
[12:30:56.616907] {Default Queue} wl_registry#2.global(53, "wp_fifo_manager_v1", 1)
[12:30:56.616909] {Default Queue} wl_registry#2.global(54, "wp_single_pixel_buffer_manager_v1", 1)
[12:30:56.616910] {Default Queue} wl_registry#2.global(55, "xdg_toplevel_tag_manager_v1", 1)
[12:30:56.616912] {Default Queue} wl_registry#2.global(56, "wp_color_representation_manager_v1", 1)
[12:30:56.616914] {Default Queue} wl_registry#2.global(57, "wp_pointer_warp_v1", 1)
[12:30:56.616915] {Default Queue} wl_registry#2.global(58, "ext_background_effect_manager_v1", 1)
[12:30:56.616917] {Default Queue} wl_registry#2.global(60, "zwp_linux_dmabuf_v1", 5)
[12:30:56.616919] {Default Queue} wl_registry#2.global(61, "wp_linux_drm_syncobj_manager_v1", 1)
[12:30:56.616920] {Default Queue} wl_registry#2.global(62, "zwp_input_panel_v1", 1)
[12:30:56.616922] {Default Queue} wl_registry#2.global(63, "xdg_wm_base", 6)
[12:30:56.616923] {Default Queue} wl_registry#2.global(64, "zwlr_layer_shell_v1", 5)
[12:30:56.616925] {Default Queue} wl_registry#2.global(65, "org_kde_kwin_keystate", 5)
[12:30:56.616927] {Default Queue} wl_registry#2.global(66, "wl_output", 4)
[12:30:56.616929] {Default Queue}  -> wl_registry#2.bind(66, "wl_output", 2, new id [unknown]#19)
[12:30:56.616956] {Default Queue}  -> zxdg_output_manager_v1#13.get_xdg_output(new id zxdg_output_v1#20, wl_output#19)
[12:30:56.616959] {Default Queue}  -> wl_display#1.sync(new id wl_callback#21)
[12:30:56.616960] {Default Queue} wl_registry#2.global(67, "kde_output_order_v1", 1)
[12:30:56.616963] {Default Queue} wl_registry#2.global(68, "zwp_text_input_manager_v2", 1)
[12:30:56.616965] {Default Queue} wl_registry#2.global(69, "zwp_text_input_manager_v3", 2)
[12:30:56.616966] {Default Queue} wl_registry#2.global(71, "org_kde_kwin_slide_manager", 1)
[12:30:56.616968] {Default Queue} wl_registry#2.global(72, "xdg_system_bell_v1", 1)
[12:30:56.616970] {Default Queue} wl_callback#3.done(0)
[12:30:56.616999] {Default Queue}  -> wl_shm#7.create_pool(new id wl_shm_pool#3, fd 11, 2304)
[12:30:56.617048] {Default Queue}  -> wl_shm_pool#3.resize(8208)
[12:30:56.617095] {Default Queue}  -> wl_shm_pool#3.resize(20016)
[12:30:56.617162] {Default Queue}  -> wl_shm_pool#3.resize(43632)
[12:30:56.617288] {Default Queue}  -> wl_shm_pool#3.resize(90864)
[12:30:56.617774] {Default Queue}  -> wl_shm_pool#3.resize(185328)
[12:30:56.617948] {Default Queue}  -> wl_shm_pool#3.resize(374256)
[12:30:56.618787] {Default Queue}  -> wl_shm_pool#3.resize(752112)
[12:30:56.620391] {Default Queue}  -> wl_shm_pool#3.resize(1507824)
[12:30:56.621612] {Default Queue}  -> wl_registry#2.bind(11, "wl_seat", 5, new id [unknown]#22)
[12:30:56.622902] {Default Queue}  -> wl_compositor#4.create_surface(new id wl_surface#23)
[12:30:56.622913] {Default Queue}  -> zwp_primary_selection_device_manager_v1#11.get_device(new id zwp_primary_selection_device_v1#24, wl_seat#22)
[12:30:56.622917] {Default Queue}  -> wl_data_device_manager#9.get_data_device(new id wl_data_device#25, wl_seat#22)
[12:30:56.622961] {Default Queue}  -> wl_compositor#4.create_surface(new id wl_surface#26)
[12:30:56.622963] {Default Queue}  -> zwp_tablet_manager_v2#5.get_tablet_seat(new id zwp_tablet_seat_v2#27, wl_seat#22)
[12:30:56.622967] {Default Queue}  -> wl_display#1.sync(new id wl_callback#28)
[12:30:56.623102] {Display Queue} wl_display#1.delete_id(14)
[12:30:56.623105] {Display Queue} wl_display#1.delete_id(21)
[12:30:56.623106] {Display Queue} wl_display#1.delete_id(28)
[12:30:56.623108] {Default Queue} wl_shm#7.format(0)
[12:30:56.623109] {Default Queue} wl_shm#7.format(1)
[12:30:56.623111] {Default Queue} wl_shm#7.format(1448434008)
[12:30:56.623112] {Default Queue} wl_shm#7.format(808669761)
[12:30:56.623113] {Default Queue} wl_shm#7.format(808669784)
[12:30:56.623115] {Default Queue} wl_shm#7.format(808665665)
[12:30:56.623116] {Default Queue} wl_shm#7.format(808665688)
[12:30:56.623117] {Default Queue} wl_shm#7.format(942948929)
[12:30:56.623119] {Default Queue} wl_shm#7.format(942948952)
[12:30:56.623120] {Default Queue} wl_shm#7.format(875710274)
[12:30:56.623122] {Default Queue} wl_shm#7.format(875710290)
[12:30:56.623123] {Default Queue} org_kde_kwin_server_decoration_manager#12.default_mode(2)
[12:30:56.623126] {Default Queue} wl_callback#14.done(0)
[12:30:56.623128] {Default Queue} wl_output#19.mode(1, 1440, 960, 60000)
[12:30:56.623130] {Default Queue} wl_output#19.scale(1)
[12:30:56.623132] {Default Queue} wl_output#19.geometry(0, 0, -1, -1, 0, "", "", 0)
[12:30:56.623136] {Default Queue} wl_output#19.done()
[12:30:56.623141] {Default Queue} zxdg_output_v1#20.logical_position(0, 0)
[12:30:56.623143] {Default Queue} zxdg_output_v1#20.logical_size(1440, 960)
[12:30:56.623145] {Default Queue} zxdg_output_v1#20.name("Virtual-0")
[12:30:56.623146] {Default Queue} zxdg_output_v1#20.description("Virtual-0")
[12:30:56.623148] {Default Queue} wl_output#19.done()
[12:30:56.623150] {Default Queue} wl_callback#21.done(0)
[12:30:56.623151] {Default Queue} wl_seat#22.name("seat0")
[12:30:56.623153] {Default Queue} wl_seat#22.capabilities(2)
[12:30:56.623155] {Default Queue}  -> wl_seat#22.get_keyboard(new id wl_keyboard#21)
[12:30:56.623160] {Default Queue} wl_callback#28.done(0)
[12:30:56.623162] {Default Queue}  -> wl_registry#2.bind(63, "xdg_wm_base", 6, new id [unknown]#28)
PROOF_PTY_START id=0 pid=Some(2974903)
PROOF_PTY_START id=1 pid=Some(2974905)
PROOF_PTY_START id=2 pid=Some(2974907)
[12:30:56.643702] {Default Queue}  -> wl_compositor#4.create_surface(new id wl_surface#14)
[12:30:56.643793] {Default Queue}  -> xdg_wm_base#28.get_xdg_surface(new id xdg_surface#29, wl_surface#14)
[12:30:56.643797] {Default Queue}  -> xdg_surface#29.get_toplevel(new id xdg_toplevel#30)
[12:30:56.643800] {Default Queue}  -> xdg_toplevel#30.set_parent(nil)
[12:30:56.643804] {Default Queue}  -> xdg_toplevel#30.set_title("Symbiote experimental Linux shell")
[12:30:56.643805] {Default Queue}  -> xdg_toplevel#30.set_app_id("symbiote-linux-shell-proof")
[12:30:56.643807] {Default Queue}  -> wl_surface#14.commit()
[12:30:56.643809] {Default Queue}  -> org_kde_kwin_server_decoration_manager#12.create(new id org_kde_kwin_server_decoration#31, wl_surface#14)
[12:30:56.643817] {Default Queue}  -> org_kde_kwin_server_decoration#31.request_mode(1)
[12:30:56.767655] {Default Queue}  -> wl_compositor#4.create_surface(new id wl_surface#32)
[12:30:56.767897] {mesa egl display queue}  -> wl_display#1.get_registry(new id wl_registry#33)
[12:30:56.767903] {mesa egl display queue}  -> wl_display#1.sync(new id wl_callback#34)
[12:30:56.776653] {Display Queue} wl_display#1.delete_id(34)
[12:30:56.776667] {mesa egl display queue} wl_registry#33.global(1, "wl_compositor", 6)
[12:30:56.776670] {mesa egl display queue} wl_registry#33.global(3, "zwp_tablet_manager_v2", 2)
[12:30:56.776671] {mesa egl display queue} wl_registry#33.global(4, "zwp_keyboard_shortcuts_inhibit_manager_v1", 1)
[12:30:56.776673] {mesa egl display queue} wl_registry#33.global(5, "xdg_session_manager_v1", 1)
[12:30:56.776674] {mesa egl display queue} wl_registry#33.global(6, "zxdg_decoration_manager_v1", 2)
[12:30:56.776676] {mesa egl display queue} wl_registry#33.global(7, "wp_viewporter", 1)
[12:30:56.776677] {mesa egl display queue} wl_registry#33.global(8, "wp_security_context_manager_v1", 1)
[12:30:56.776679] {mesa egl display queue} wl_registry#33.global(9, "wp_fractional_scale_manager_v1", 1)
[12:30:56.776680] {mesa egl display queue} wl_registry#33.global(10, "wl_shm", 2)
[12:30:56.776682] {mesa egl display queue} wl_registry#33.global(11, "wl_seat", 10)
[12:30:56.776684] {mesa egl display queue} wl_registry#33.global(12, "zwp_pointer_gestures_v1", 3)
[12:30:56.776685] {mesa egl display queue} wl_registry#33.global(13, "zwp_pointer_constraints_v1", 1)
[12:30:56.776687] {mesa egl display queue} wl_registry#33.global(14, "zwp_relative_pointer_manager_v1", 1)
[12:30:56.776688] {mesa egl display queue} wl_registry#33.global(15, "wl_data_device_manager", 3)
[12:30:56.776690] {mesa egl display queue} wl_registry#33.global(16, "ext_data_control_manager_v1", 1)
[12:30:56.776691] {mesa egl display queue} wl_registry#33.global(17, "wp_cursor_shape_manager_v1", 2)
[12:30:56.776693] {mesa egl display queue} wl_registry#33.global(18, "zwp_primary_selection_device_manager_v1", 1)
[12:30:56.776694] {mesa egl display queue} wl_registry#33.global(19, "org_kde_kwin_idle", 1)
[12:30:56.776696] {mesa egl display queue} wl_registry#33.global(20, "zwp_idle_inhibit_manager_v1", 1)
[12:30:56.776697] {mesa egl display queue} wl_registry#33.global(21, "ext_idle_notifier_v1", 2)
[12:30:56.776699] {mesa egl display queue} wl_registry#33.global(22, "org_kde_plasma_shell", 8)
[12:30:56.776700] {mesa egl display queue} wl_registry#33.global(23, "org_kde_kwin_appmenu_manager", 2)
[12:30:56.776702] {mesa egl display queue} wl_registry#33.global(24, "org_kde_kwin_server_decoration_palette_manager", 1)
[12:30:56.776703] {mesa egl display queue} wl_registry#33.global(26, "org_kde_plasma_virtual_desktop_management", 4)
[12:30:56.776705] {mesa egl display queue} wl_registry#33.global(28, "org_kde_kwin_shadow_manager", 2)
[12:30:56.776706] {mesa egl display queue} wl_registry#33.global(29, "org_kde_kwin_dpms_manager", 1)
[12:30:56.776708] {mesa egl display queue} wl_registry#33.global(30, "org_kde_kwin_server_decoration_manager", 1)
[12:30:56.776709] {mesa egl display queue} wl_registry#33.global(31, "kde_output_management_v2", 21)
[12:30:56.776711] {mesa egl display queue} wl_registry#33.global(32, "kde_output_device_registry_v2", 23)
[12:30:56.776712] {mesa egl display queue} wl_registry#33.global(33, "zxdg_output_manager_v1", 3)
[12:30:56.776714] {mesa egl display queue} wl_registry#33.global(34, "wl_subcompositor", 1)
[12:30:56.776716] {mesa egl display queue} wl_registry#33.global(35, "zxdg_exporter_v2", 1)
[12:30:56.776717] {mesa egl display queue} wl_registry#33.global(36, "zxdg_importer_v2", 1)
[12:30:56.776719] {mesa egl display queue} wl_registry#33.global(37, "zwp_input_method_v1", 1)
[12:30:56.776720] {mesa egl display queue} wl_registry#33.global(39, "xdg_activation_v1", 1)
[12:30:56.776722] {mesa egl display queue} wl_registry#33.global(41, "wp_content_type_manager_v1", 1)
[12:30:56.776723] {mesa egl display queue} wl_registry#33.global(42, "wp_tearing_control_manager_v1", 1)
[12:30:56.776729] {mesa egl display queue} wl_registry#33.global(43, "xdg_toplevel_drag_manager_v1", 1)
[12:30:56.776736] {mesa egl display queue} wl_registry#33.global(44, "xdg_toplevel_icon_manager_v1", 1)
[12:30:56.776737] {mesa egl display queue} wl_registry#33.global(45, "kde_screen_edge_manager_v1", 1)
[12:30:56.776742] {mesa egl display queue} wl_registry#33.global(46, "frog_color_management_factory_v1", 1)
[12:30:56.776746] {mesa egl display queue} wl_registry#33.global(47, "wp_presentation", 2)
[12:30:56.776750] {mesa egl display queue}  -> wl_registry#33.bind(47, "wp_presentation", 1, new id [unknown]#35)
[12:30:56.776752] {mesa egl display queue} wl_registry#33.global(48, "wp_color_manager_v1", 2)
[12:30:56.776754] {mesa egl display queue} wl_registry#33.global(49, "xdg_wm_dialog_v1", 1)
[12:30:56.776756] {mesa egl display queue} wl_registry#33.global(50, "kde_external_brightness_v1", 3)
[12:30:56.776757] {mesa egl display queue} wl_registry#33.global(51, "wp_alpha_modifier_v1", 1)
[12:30:56.776759] {mesa egl display queue} wl_registry#33.global(52, "wl_fixes", 1)
[12:30:56.776760] {mesa egl display queue}  -> wl_registry#33.bind(52, "wl_fixes", 1, new id [unknown]#36)
[12:30:56.776762] {mesa egl display queue} wl_registry#33.global(53, "wp_fifo_manager_v1", 1)
[12:30:56.776764] {mesa egl display queue} wl_registry#33.global(54, "wp_single_pixel_buffer_manager_v1", 1)
[12:30:56.776765] {mesa egl display queue} wl_registry#33.global(55, "xdg_toplevel_tag_manager_v1", 1)
[12:30:56.776767] {mesa egl display queue} wl_registry#33.global(56, "wp_color_representation_manager_v1", 1)
[12:30:56.776768] {mesa egl display queue} wl_registry#33.global(57, "wp_pointer_warp_v1", 1)
[12:30:56.776770] {mesa egl display queue} wl_registry#33.global(58, "ext_background_effect_manager_v1", 1)
[12:30:56.776771] {mesa egl display queue} wl_registry#33.global(60, "zwp_linux_dmabuf_v1", 5)
[12:30:56.776773] {mesa egl display queue}  -> wl_registry#33.bind(60, "zwp_linux_dmabuf_v1", 4, new id [unknown]#37)
[12:30:56.776775] {mesa egl display queue} wl_registry#33.global(61, "wp_linux_drm_syncobj_manager_v1", 1)
[12:30:56.776776] {mesa egl display queue} wl_registry#33.global(62, "zwp_input_panel_v1", 1)
[12:30:56.776778] {mesa egl display queue} wl_registry#33.global(63, "xdg_wm_base", 6)
[12:30:56.776779] {mesa egl display queue} wl_registry#33.global(64, "zwlr_layer_shell_v1", 5)
[12:30:56.776781] {mesa egl display queue} wl_registry#33.global(65, "org_kde_kwin_keystate", 5)
[12:30:56.776782] {mesa egl display queue} wl_registry#33.global(66, "wl_output", 4)
[12:30:56.776784] {mesa egl display queue} wl_registry#33.global(67, "kde_output_order_v1", 1)
[12:30:56.776786] {mesa egl display queue} wl_registry#33.global(68, "zwp_text_input_manager_v2", 1)
[12:30:56.776787] {mesa egl display queue} wl_registry#33.global(69, "zwp_text_input_manager_v3", 2)
[12:30:56.776789] {mesa egl display queue} wl_registry#33.global(71, "org_kde_kwin_slide_manager", 1)
[12:30:56.776790] {mesa egl display queue} wl_registry#33.global(72, "xdg_system_bell_v1", 1)
[12:30:56.776792] {mesa egl display queue} wl_callback#34.done(0)
[12:30:56.776794] {mesa egl display queue}  -> zwp_linux_dmabuf_v1#37.get_default_feedback(new id zwp_linux_dmabuf_feedback_v1#34)
[12:30:56.776797] {mesa egl display queue}  -> wl_display#1.sync(new id wl_callback#38)
[12:30:56.776843] {Display Queue} wl_display#1.delete_id(38)
[12:30:56.776845] {mesa egl display queue} wp_presentation#35.clock_id(1)
[12:30:56.776847] {mesa egl display queue} zwp_linux_dmabuf_feedback_v1#34.format_table(fd 34, 2496)
[12:30:56.776854] {mesa egl display queue} zwp_linux_dmabuf_feedback_v1#34.main_device(array[8])
[12:30:56.777040] {mesa egl display queue} zwp_linux_dmabuf_feedback_v1#34.tranche_target_device(array[8])
[12:30:56.777042] {mesa egl display queue} zwp_linux_dmabuf_feedback_v1#34.tranche_formats(array[48])
[12:30:56.777046] {mesa egl display queue} zwp_linux_dmabuf_feedback_v1#34.tranche_flags(0)
[12:30:56.777047] {mesa egl display queue} zwp_linux_dmabuf_feedback_v1#34.tranche_done()
[12:30:56.777051] {mesa egl display queue} zwp_linux_dmabuf_feedback_v1#34.tranche_target_device(array[8])
[12:30:56.777056] {mesa egl display queue} zwp_linux_dmabuf_feedback_v1#34.tranche_formats(array[48])
[12:30:56.777058] {mesa egl display queue} zwp_linux_dmabuf_feedback_v1#34.tranche_flags(0)
[12:30:56.777060] {mesa egl display queue} zwp_linux_dmabuf_feedback_v1#34.tranche_done()
[12:30:56.777061] {mesa egl display queue} zwp_linux_dmabuf_feedback_v1#34.tranche_target_device(array[8])
[12:30:56.777063] {mesa egl display queue} zwp_linux_dmabuf_feedback_v1#34.tranche_formats(array[216])
[12:30:56.777065] {mesa egl display queue} zwp_linux_dmabuf_feedback_v1#34.tranche_flags(0)
[12:30:56.777066] {mesa egl display queue} zwp_linux_dmabuf_feedback_v1#34.tranche_done()
[12:30:56.777068] {mesa egl display queue} zwp_linux_dmabuf_feedback_v1#34.done()
[12:30:56.777069] {mesa egl display queue} wl_callback#38.done(1)
[12:30:56.777071] {mesa egl display queue}  -> zwp_linux_dmabuf_feedback_v1#34.destroy()
[12:30:56.784850] {Default Queue}  -> wl_surface#32.destroy()
[12:30:56.784934] {Default Queue}  -> wl_compositor#4.create_surface(new id wl_surface#38)
[12:30:56.786600] {Default Queue}  -> wl_surface#38.destroy()
[12:30:56.789008] {Default Queue}  -> wl_display#1.get_registry(new id wl_registry#39)
PROOF_READY preview_origin=http://127.0.0.1:33111 pid=2974893 synthetic_streams=4 real_ptys=3
[12:30:56.791721] {Default Queue} wl_keyboard#21.repeat_info(25, 600)
[12:30:56.791728] {Default Queue} wl_keyboard#21.keymap(1, fd 30, 35724)
[12:30:56.792336] {Default Queue} xdg_toplevel#30.wm_capabilities(array[16])
[12:30:56.792340] {Default Queue} org_kde_kwin_server_decoration#31.mode(2)
[12:30:56.792343] {Default Queue}  -> org_kde_kwin_server_decoration#31.request_mode(1)
[12:30:56.792345] {Default Queue} org_kde_kwin_server_decoration#31.mode(2)
[12:30:56.792347] {Default Queue}  -> org_kde_kwin_server_decoration#31.request_mode(1)
[12:30:56.792348] {Default Queue} org_kde_kwin_server_decoration#31.mode(1)
[12:30:56.792350] {Default Queue} xdg_toplevel#30.configure_bounds(1440, 960)
[12:30:56.792352] {Default Queue} xdg_toplevel#30.configure(0, 0, array[0])
[12:30:56.792354] {Default Queue} xdg_surface#29.configure(1)
[12:30:56.792359] {Default Queue}  -> xdg_surface#29.ack_configure(1)
[12:30:56.793024] {Display Queue} wl_display#1.delete_id(34)
[12:30:56.793032] {Display Queue} wl_display#1.delete_id(32)
[12:30:56.793035] {Display Queue} wl_display#1.delete_id(38)
[12:30:56.793036] {Default Queue} wl_registry#39.global(1, "wl_compositor", 6)
[12:30:56.793039] {Default Queue} wl_registry#39.global(3, "zwp_tablet_manager_v2", 2)
[12:30:56.793040] {Default Queue} wl_registry#39.global(4, "zwp_keyboard_shortcuts_inhibit_manager_v1", 1)
[12:30:56.793044] {Default Queue} wl_registry#39.global(5, "xdg_session_manager_v1", 1)
[12:30:56.793046] {Default Queue} wl_registry#39.global(6, "zxdg_decoration_manager_v1", 2)
[12:30:56.793048] {Default Queue} wl_registry#39.global(7, "wp_viewporter", 1)
[12:30:56.793050] {Default Queue} wl_registry#39.global(8, "wp_security_context_manager_v1", 1)
[12:30:56.793052] {Default Queue} wl_registry#39.global(9, "wp_fractional_scale_manager_v1", 1)
[12:30:56.793053] {Default Queue} wl_registry#39.global(10, "wl_shm", 2)
[12:30:56.793055] {Default Queue} wl_registry#39.global(11, "wl_seat", 10)
[12:30:56.793057] {Default Queue} wl_registry#39.global(12, "zwp_pointer_gestures_v1", 3)
[12:30:56.793058] {Default Queue} wl_registry#39.global(13, "zwp_pointer_constraints_v1", 1)
[12:30:56.793060] {Default Queue} wl_registry#39.global(14, "zwp_relative_pointer_manager_v1", 1)
[12:30:56.793061] {Default Queue} wl_registry#39.global(15, "wl_data_device_manager", 3)
[12:30:56.793063] {Default Queue} wl_registry#39.global(16, "ext_data_control_manager_v1", 1)
[12:30:56.793065] {Default Queue} wl_registry#39.global(17, "wp_cursor_shape_manager_v1", 2)
[12:30:56.793066] {Default Queue} wl_registry#39.global(18, "zwp_primary_selection_device_manager_v1", 1)
[12:30:56.793068] {Default Queue} wl_registry#39.global(19, "org_kde_kwin_idle", 1)
[12:30:56.793072] {Default Queue} wl_registry#39.global(20, "zwp_idle_inhibit_manager_v1", 1)
[12:30:56.793079] {Default Queue} wl_registry#39.global(21, "ext_idle_notifier_v1", 2)
[12:30:56.793081] {Default Queue} wl_registry#39.global(22, "org_kde_plasma_shell", 8)
[12:30:56.793082] {Default Queue} wl_registry#39.global(23, "org_kde_kwin_appmenu_manager", 2)
[12:30:56.793084] {Default Queue} wl_registry#39.global(24, "org_kde_kwin_server_decoration_palette_manager", 1)
[12:30:56.793085] {Default Queue} wl_registry#39.global(26, "org_kde_plasma_virtual_desktop_management", 4)
[12:30:56.793087] {Default Queue} wl_registry#39.global(28, "org_kde_kwin_shadow_manager", 2)
[12:30:56.793089] {Default Queue} wl_registry#39.global(29, "org_kde_kwin_dpms_manager", 1)
[12:30:56.793090] {Default Queue} wl_registry#39.global(30, "org_kde_kwin_server_decoration_manager", 1)
[12:30:56.793092] {Default Queue} wl_registry#39.global(31, "kde_output_management_v2", 21)
[12:30:56.793093] {Default Queue} wl_registry#39.global(32, "kde_output_device_registry_v2", 23)
[12:30:56.793095] {Default Queue} wl_registry#39.global(33, "zxdg_output_manager_v1", 3)
[12:30:56.793097] {Default Queue} wl_registry#39.global(34, "wl_subcompositor", 1)
[12:30:56.793098] {Default Queue} wl_registry#39.global(35, "zxdg_exporter_v2", 1)
[12:30:56.793100] {Default Queue} wl_registry#39.global(36, "zxdg_importer_v2", 1)
[12:30:56.793101] {Default Queue} wl_registry#39.global(37, "zwp_input_method_v1", 1)
[12:30:56.793103] {Default Queue} wl_registry#39.global(39, "xdg_activation_v1", 1)
[12:30:56.793105] {Default Queue} wl_registry#39.global(41, "wp_content_type_manager_v1", 1)
[12:30:56.793106] {Default Queue} wl_registry#39.global(42, "wp_tearing_control_manager_v1", 1)
[12:30:56.793108] {Default Queue} wl_registry#39.global(43, "xdg_toplevel_drag_manager_v1", 1)
[12:30:56.793110] {Default Queue} wl_registry#39.global(44, "xdg_toplevel_icon_manager_v1", 1)
[12:30:56.793111] {Default Queue} wl_registry#39.global(45, "kde_screen_edge_manager_v1", 1)
[12:30:56.793113] {Default Queue} wl_registry#39.global(46, "frog_color_management_factory_v1", 1)
[12:30:56.793114] {Default Queue} wl_registry#39.global(47, "wp_presentation", 2)
[12:30:56.793116] {Default Queue} wl_registry#39.global(48, "wp_color_manager_v1", 2)
[12:30:56.793118] {Default Queue} wl_registry#39.global(49, "xdg_wm_dialog_v1", 1)
[12:30:56.793119] {Default Queue} wl_registry#39.global(50, "kde_external_brightness_v1", 3)
[12:30:56.793121] {Default Queue} wl_registry#39.global(51, "wp_alpha_modifier_v1", 1)
[12:30:56.793122] {Default Queue} wl_registry#39.global(52, "wl_fixes", 1)
[12:30:56.793124] {Default Queue} wl_registry#39.global(53, "wp_fifo_manager_v1", 1)
[12:30:56.793126] {Default Queue} wl_registry#39.global(54, "wp_single_pixel_buffer_manager_v1", 1)
[12:30:56.793127] {Default Queue} wl_registry#39.global(55, "xdg_toplevel_tag_manager_v1", 1)
[12:30:56.793129] {Default Queue} wl_registry#39.global(56, "wp_color_representation_manager_v1", 1)
[12:30:56.793130] {Default Queue} wl_registry#39.global(57, "wp_pointer_warp_v1", 1)
[12:30:56.793132] {Default Queue} wl_registry#39.global(58, "ext_background_effect_manager_v1", 1)
[12:30:56.793133] {Default Queue} wl_registry#39.global(60, "zwp_linux_dmabuf_v1", 5)
[12:30:56.793135] {Default Queue} wl_registry#39.global(61, "wp_linux_drm_syncobj_manager_v1", 1)
[12:30:56.793137] {Default Queue} wl_registry#39.global(62, "zwp_input_panel_v1", 1)
[12:30:56.793138] {Default Queue} wl_registry#39.global(63, "xdg_wm_base", 6)
[12:30:56.793140] {Default Queue} wl_registry#39.global(64, "zwlr_layer_shell_v1", 5)
[12:30:56.793141] {Default Queue} wl_registry#39.global(65, "org_kde_kwin_keystate", 5)
[12:30:56.793143] {Default Queue} wl_registry#39.global(66, "wl_output", 4)
[12:30:56.793145] {Default Queue} wl_registry#39.global(67, "kde_output_order_v1", 1)
[12:30:56.793146] {Default Queue} wl_registry#39.global(68, "zwp_text_input_manager_v2", 1)
[12:30:56.793148] {Default Queue} wl_registry#39.global(69, "zwp_text_input_manager_v3", 2)
[12:30:56.793151] {Default Queue}  -> wl_registry#39.bind(69, "zwp_text_input_manager_v3", 1, new id [unknown]#38)
[12:30:56.793154] {Default Queue}  -> zwp_text_input_manager_v3#38.get_text_input(new id zwp_text_input_v3#32, wl_seat#22)
[12:30:56.793156] {Default Queue} wl_registry#39.global(71, "org_kde_kwin_slide_manager", 1)
[12:30:56.793158] {Default Queue} wl_registry#39.global(72, "xdg_system_bell_v1", 1)
[12:30:56.801966] {Default Queue}  -> xdg_toplevel#30.set_min_size(1400, 948)
[12:30:56.801977] {Default Queue}  -> xdg_toplevel#30.set_max_size(0, 0)
[12:30:56.801982] {Default Queue}  -> wl_surface#14.set_buffer_scale(1)
[12:30:56.802193] {Default Queue}  -> wl_shm#7.create_pool(new id wl_shm_pool#34, fd 52, 6186480)
[12:30:56.802201] {Default Queue}  -> wl_shm_pool#34.create_buffer(new id wl_buffer#40, 0, 1490, 1038, 5960, 0)
[12:30:56.805467] {Default Queue}  -> wl_surface#14.attach(wl_buffer#40, 0, 0)
[12:30:56.805482] {Default Queue}  -> wl_surface#14.set_buffer_scale(1)
[12:30:56.805485] {Default Queue}  -> wl_surface#14.damage(0, 0, 1490, 1038)
[12:30:56.805489] {Default Queue}  -> xdg_toplevel#30.set_min_size(1400, 948)
[12:30:56.805491] {Default Queue}  -> xdg_toplevel#30.set_max_size(0, 0)
[12:30:56.805493] {Default Queue}  -> xdg_surface#29.set_window_geometry(45, 45, 1400, 948)
[12:30:56.805496] {Default Queue}  -> wl_compositor#4.create_region(new id wl_region#41)
[12:30:56.805498] {Default Queue}  -> wl_region#41.add(50, 45, 1390, 5)
[12:30:56.805501] {Default Queue}  -> wl_region#41.add(45, 50, 1400, 938)
[12:30:56.805503] {Default Queue}  -> wl_region#41.add(50, 988, 1390, 5)
[12:30:56.805505] {Default Queue}  -> wl_surface#14.set_opaque_region(wl_region#41)
[12:30:56.805507] {Default Queue}  -> wl_region#41.destroy()
[12:30:56.805509] {Default Queue}  -> wl_compositor#4.create_region(new id wl_region#42)
[12:30:56.805512] {Default Queue}  -> wl_region#42.add(35, 35, 1420, 968)
[12:30:56.805514] {Default Queue}  -> wl_surface#14.set_input_region(wl_region#42)
[12:30:56.805516] {Default Queue}  -> wl_region#42.destroy()
[12:30:56.805528] {Default Queue}  -> wl_surface#14.frame(new id wl_callback#43)
[12:30:56.805530] {Default Queue}  -> wl_surface#14.commit()
[12:30:56.806153] {Display Queue} wl_display#1.delete_id(41)
[12:30:56.806157] {Display Queue} wl_display#1.delete_id(42)
[12:30:56.806159] {Default Queue} wl_surface#14.enter(wl_output#19)
[12:30:56.806161] {Default Queue} wl_keyboard#21.modifiers(3, 0, 0, 0, 0)
[12:30:56.806168] {Default Queue} xdg_wm_base#28.ping(4)
[12:30:56.806170] {Default Queue}  -> xdg_wm_base#28.pong(4)
[12:30:56.806172] {Default Queue} wl_keyboard#21.enter(5, wl_surface#14, array[0])
[12:30:56.806175] {Default Queue} wl_keyboard#21.modifiers(3, 0, 0, 0, 0)
[12:30:56.806178] {Default Queue} wl_data_device#25.selection(nil)
[12:30:56.806181] {Default Queue} zwp_primary_selection_device_v1#24.selection(nil)
[12:30:56.806184] {Default Queue} zwp_text_input_v3#32.enter(wl_surface#14)
[12:30:56.806185] {Default Queue} xdg_toplevel#30.configure(1400, 948, array[4])
[12:30:56.806187] {Default Queue} xdg_surface#29.configure(7)
[12:30:56.806191] {Default Queue}  -> xdg_surface#29.ack_configure(7)
[12:30:56.812090] {Display Queue} wl_display#1.delete_id(43)
[12:30:56.812119] {Default Queue} wl_callback#43.done(386438217)
[12:30:56.812139] {Default Queue}  -> wl_surface#14.frame(new id wl_callback#43)
[12:30:56.812142] {Default Queue}  -> wl_surface#14.commit()
[12:30:56.822580] {Display Queue} wl_display#1.delete_id(43)
[12:30:56.822594] {Default Queue} wl_callback#43.done(386438784)
[12:30:56.884136] {Default Queue}  -> wl_shm#7.create_pool(new id wl_shm_pool#43, fd 74, 6186480)
[12:30:56.884155] {Default Queue}  -> wl_shm_pool#43.create_buffer(new id wl_buffer#42, 0, 1490, 1038, 5960, 0)
[12:30:56.890148] {Default Queue}  -> wl_surface#14.set_buffer_scale(1)
[12:30:56.890168] {mesa egl surface queue}  -> zwp_linux_dmabuf_v1#37.get_surface_feedback(new id zwp_linux_dmabuf_feedback_v1#41, wl_surface#14)
[12:30:56.890175] {mesa egl display queue}  -> wl_display#1.sync(new id wl_callback#44)
[12:30:56.890274] {Display Queue} wl_display#1.delete_id(44)
[12:30:56.890282] {mesa egl display queue} wl_callback#44.done(7)
[12:30:56.890289] {mesa egl surface queue} zwp_linux_dmabuf_feedback_v1#41.format_table(fd 73, 2496)
[12:30:56.890295] {mesa egl surface queue} zwp_linux_dmabuf_feedback_v1#41.main_device(array[8])
[12:30:56.890297] {mesa egl surface queue} zwp_linux_dmabuf_feedback_v1#41.tranche_target_device(array[8])
[12:30:56.890298] {mesa egl surface queue} zwp_linux_dmabuf_feedback_v1#41.tranche_formats(array[48])
[12:30:56.890301] {mesa egl surface queue} zwp_linux_dmabuf_feedback_v1#41.tranche_flags(0)
[12:30:56.890303] {mesa egl surface queue} zwp_linux_dmabuf_feedback_v1#41.tranche_done()
[12:30:56.890305] {mesa egl surface queue} zwp_linux_dmabuf_feedback_v1#41.tranche_target_device(array[8])
[12:30:56.890306] {mesa egl surface queue} zwp_linux_dmabuf_feedback_v1#41.tranche_formats(array[48])
[12:30:56.890308] {mesa egl surface queue} zwp_linux_dmabuf_feedback_v1#41.tranche_flags(0)
[12:30:56.890309] {mesa egl surface queue} zwp_linux_dmabuf_feedback_v1#41.tranche_done()
[12:30:56.890311] {mesa egl surface queue} zwp_linux_dmabuf_feedback_v1#41.tranche_target_device(array[8])
[12:30:56.890313] {mesa egl surface queue} zwp_linux_dmabuf_feedback_v1#41.tranche_formats(array[216])
[12:30:56.890314] {mesa egl surface queue} zwp_linux_dmabuf_feedback_v1#41.tranche_flags(0)
[12:30:56.890315] {mesa egl surface queue} zwp_linux_dmabuf_feedback_v1#41.tranche_done()
[12:30:56.890317] {mesa egl surface queue} zwp_linux_dmabuf_feedback_v1#41.done()
PROOF_PREVIEW_REPORT snapshot: denied
[12:30:56.910848] {Default Queue}  -> wl_surface#14.attach(wl_buffer#42, 0, 0)
[12:30:56.910865] {Default Queue}  -> wl_surface#14.set_buffer_scale(1)
[12:30:56.910868] {Default Queue}  -> wl_surface#14.damage(45, 93, 1400, 900)
[12:30:56.910871] {Default Queue}  -> xdg_toplevel#30.set_min_size(1400, 948)
[12:30:56.910873] {Default Queue}  -> xdg_toplevel#30.set_max_size(0, 0)
[12:30:56.910875] {Default Queue}  -> xdg_surface#29.set_window_geometry(45, 45, 1400, 948)
[12:30:56.911214] {Default Queue}  -> wl_surface#14.frame(new id wl_callback#44)
[12:30:56.911218] {Default Queue}  -> wl_surface#14.commit()
[12:30:56.911475] {Default Queue} wl_buffer#40.release()
[12:30:56.911482] {Default Queue}  -> wl_buffer#40.destroy()
[12:30:56.911484] {Default Queue}  -> wl_shm_pool#34.destroy()
[12:30:56.923887] {Display Queue} wl_display#1.delete_id(40)
[12:30:56.923906] {Display Queue} wl_display#1.delete_id(34)
[12:30:56.923909] {Display Queue} wl_display#1.delete_id(44)
[12:30:56.923912] {Default Queue} wl_callback#44.done(386438884)
[12:30:56.928617] {Default Queue}  -> xdg_toplevel#30.set_min_size(1400, 948)
[12:30:56.928634] {Default Queue}  -> xdg_toplevel#30.set_max_size(0, 0)
[12:30:56.928636] {Default Queue}  -> xdg_surface#29.set_window_geometry(45, 45, 1400, 948)
[12:30:56.931390] {mesa egl display queue}  -> zwp_linux_dmabuf_v1#37.create_params(new id zwp_linux_buffer_params_v1#44)
[12:30:56.931409] {mesa egl surface queue}  -> zwp_linux_buffer_params_v1#44.add(fd 56, 0, 0, 6144, 16777216, 8)
[12:30:56.931414] {mesa egl surface queue}  -> zwp_linux_buffer_params_v1#44.add(fd 57, 1, 6488064, 768, 16777216, 8)
[12:30:56.931418] {mesa egl surface queue}  -> zwp_linux_buffer_params_v1#44.add(fd 58, 2, 6516736, 64, 16777216, 8)
[12:30:56.931421] {mesa egl surface queue}  -> zwp_linux_buffer_params_v1#44.create_immed(new id wl_buffer#34, 1490, 1038, 875713089, 0)
[12:30:56.931424] {mesa egl surface queue}  -> zwp_linux_buffer_params_v1#44.destroy()
[12:30:56.931427] {mesa egl surface queue}  -> wl_surface#14.attach(wl_buffer#34, 0, 0)
[12:30:56.931429] {mesa egl surface queue}  -> wl_surface#14.damage(0, 0, 2147483647, 2147483647)
[12:30:56.931430] {mesa egl surface queue}  -> wl_surface#14.commit()
[12:30:56.931432] {mesa egl surface queue}  -> wl_display#1.sync(new id wl_callback#40)
[12:30:56.931668] {Display Queue} wl_display#1.delete_id(44)
[12:30:56.931672] {Display Queue} wl_display#1.delete_id(40)
[12:30:56.932029] {Default Queue} wl_buffer#42.release()
PROOF_PREVIEW_REPORT stop_ptys: denied
[12:30:56.943768] {mesa egl surface queue} wl_callback#40.done(7)
[12:30:56.944462] {Default Queue}  -> wl_buffer#42.destroy()
[12:30:56.944468] {Default Queue}  -> wl_shm_pool#43.destroy()
[12:30:56.947292] {Default Queue}  -> xdg_toplevel#30.set_min_size(1400, 948)
[12:30:56.947300] {Default Queue}  -> xdg_toplevel#30.set_max_size(0, 0)
[12:30:56.947303] {Default Queue}  -> xdg_surface#29.set_window_geometry(45, 45, 1400, 948)
[12:30:56.947784] {mesa egl display queue}  -> zwp_linux_dmabuf_v1#37.create_params(new id zwp_linux_buffer_params_v1#40)
[12:30:56.947796] {mesa egl surface queue}  -> zwp_linux_buffer_params_v1#40.add(fd 55, 0, 0, 6144, 16777216, 8)
[12:30:56.947799] {mesa egl surface queue}  -> zwp_linux_buffer_params_v1#40.add(fd 56, 1, 6488064, 768, 16777216, 8)
[12:30:56.947802] {mesa egl surface queue}  -> zwp_linux_buffer_params_v1#40.add(fd 57, 2, 6516736, 64, 16777216, 8)
[12:30:56.947804] {mesa egl surface queue}  -> zwp_linux_buffer_params_v1#40.create_immed(new id wl_buffer#44, 1490, 1038, 875713089, 0)
[12:30:56.947807] {mesa egl surface queue}  -> zwp_linux_buffer_params_v1#40.destroy()
[12:30:56.947810] {mesa egl surface queue}  -> wl_surface#14.attach(wl_buffer#44, 0, 0)
[12:30:56.947812] {mesa egl surface queue}  -> wl_surface#14.damage(0, 0, 2147483647, 2147483647)
[12:30:56.947813] {mesa egl surface queue}  -> wl_surface#14.commit()
[12:30:56.947815] {mesa egl surface queue}  -> wl_display#1.sync(new id wl_callback#45)
[12:30:56.948257] {Display Queue} wl_display#1.delete_id(42)
[12:30:56.948261] {Display Queue} wl_display#1.delete_id(43)
[12:30:56.948262] {Display Queue} wl_display#1.delete_id(40)
[12:30:56.948263] {Display Queue} wl_display#1.delete_id(45)
[12:30:56.960760] {mesa egl surface queue} wl_callback#45.done(7)
[12:30:56.960774] {mesa egl surface queue} wl_buffer#34.release()
[12:30:56.960777] {mesa egl surface queue}  -> wl_buffer#34.destroy()
[12:30:56.963266] {Default Queue}  -> xdg_toplevel#30.set_min_size(1400, 948)
[12:30:56.963277] {Default Queue}  -> xdg_toplevel#30.set_max_size(0, 0)
[12:30:56.963280] {Default Queue}  -> xdg_surface#29.set_window_geometry(45, 45, 1400, 948)
[12:30:56.963733] {mesa egl display queue}  -> zwp_linux_dmabuf_v1#37.create_params(new id zwp_linux_buffer_params_v1#45)
[12:30:56.963753] {mesa egl surface queue}  -> zwp_linux_buffer_params_v1#45.add(fd 54, 0, 0, 6144, 16777216, 8)
[12:30:56.963757] {mesa egl surface queue}  -> zwp_linux_buffer_params_v1#45.add(fd 55, 1, 6488064, 768, 16777216, 8)
[12:30:56.963759] {mesa egl surface queue}  -> zwp_linux_buffer_params_v1#45.add(fd 56, 2, 6516736, 64, 16777216, 8)
[12:30:56.963762] {mesa egl surface queue}  -> zwp_linux_buffer_params_v1#45.create_immed(new id wl_buffer#40, 1490, 1038, 875713089, 0)
[12:30:56.963765] {mesa egl surface queue}  -> zwp_linux_buffer_params_v1#45.destroy()
[12:30:56.963767] {mesa egl surface queue}  -> wl_surface#14.attach(wl_buffer#40, 0, 0)
[12:30:56.963769] {mesa egl surface queue}  -> wl_surface#14.damage(0, 0, 2147483647, 2147483647)
[12:30:56.963771] {mesa egl surface queue}  -> wl_surface#14.commit()
[12:30:56.963773] {mesa egl surface queue}  -> wl_display#1.sync(new id wl_callback#43)
[12:30:56.963881] {Display Queue} wl_display#1.delete_id(34)
[12:30:56.963883] {Display Queue} wl_display#1.delete_id(45)
[12:30:56.963885] {Display Queue} wl_display#1.delete_id(43)
[12:30:57.138180] {mesa egl surface queue} wl_callback#43.done(7)
[12:30:57.138196] {mesa egl surface queue} wl_buffer#44.release()
[12:30:57.139089] {Default Queue}  -> xdg_toplevel#30.set_min_size(1400, 948)
[12:30:57.139098] {Default Queue}  -> xdg_toplevel#30.set_max_size(0, 0)
[12:30:57.139100] {Default Queue}  -> xdg_surface#29.set_window_geometry(45, 45, 1400, 948)
[12:30:57.139173] {mesa egl surface queue}  -> wl_surface#14.attach(wl_buffer#44, 0, 0)
[12:30:57.139176] {mesa egl surface queue}  -> wl_surface#14.damage(0, 0, 2147483647, 2147483647)
[12:30:57.139178] {mesa egl surface queue}  -> wl_surface#14.commit()
[12:30:57.139184] {mesa egl surface queue}  -> wl_display#1.sync(new id wl_callback#43)
[12:30:57.139295] {Display Queue} wl_display#1.delete_id(43)
[12:30:57.160655] {mesa egl surface queue} wl_callback#43.done(7)
[12:30:57.160675] {mesa egl surface queue} wl_buffer#40.release()
[12:30:57.161515] {Default Queue}  -> xdg_toplevel#30.set_min_size(1400, 948)
[12:30:57.161523] {Default Queue}  -> xdg_toplevel#30.set_max_size(0, 0)
[12:30:57.161525] {Default Queue}  -> xdg_surface#29.set_window_geometry(45, 45, 1400, 948)
[12:30:57.161573] {mesa egl surface queue}  -> wl_surface#14.attach(wl_buffer#40, 0, 0)
[12:30:57.161576] {mesa egl surface queue}  -> wl_surface#14.damage(0, 0, 2147483647, 2147483647)
[12:30:57.161578] {mesa egl surface queue}  -> wl_surface#14.commit()
[12:30:57.161580] {mesa egl surface queue}  -> wl_display#1.sync(new id wl_callback#43)
[12:30:57.161684] {Display Queue} wl_display#1.delete_id(43)
[12:30:57.177227] {mesa egl surface queue} wl_callback#43.done(7)
[12:30:57.177245] {mesa egl surface queue} wl_buffer#44.release()
[12:30:57.178439] {Default Queue}  -> xdg_toplevel#30.set_min_size(1400, 948)
[12:30:57.178454] {Default Queue}  -> xdg_toplevel#30.set_max_size(0, 0)
[12:30:57.178457] {Default Queue}  -> xdg_surface#29.set_window_geometry(45, 45, 1400, 948)
[12:30:57.178515] {mesa egl surface queue}  -> wl_surface#14.attach(wl_buffer#44, 0, 0)
[12:30:57.178523] {mesa egl surface queue}  -> wl_surface#14.damage(0, 0, 2147483647, 2147483647)
[12:30:57.178526] {mesa egl surface queue}  -> wl_surface#14.commit()
[12:30:57.178529] {mesa egl surface queue}  -> wl_display#1.sync(new id wl_callback#43)
[12:30:57.178624] {Display Queue} wl_display#1.delete_id(43)
[12:30:57.193752] {mesa egl surface queue} wl_callback#43.done(7)
[12:30:57.193769] {mesa egl surface queue} wl_buffer#40.release()
[12:30:57.194620] {Default Queue}  -> xdg_toplevel#30.set_min_size(1400, 948)
[12:30:57.194630] {Default Queue}  -> xdg_toplevel#30.set_max_size(0, 0)
[12:30:57.194633] {Default Queue}  -> xdg_surface#29.set_window_geometry(45, 45, 1400, 948)
[12:30:57.194685] {mesa egl surface queue}  -> wl_surface#14.attach(wl_buffer#40, 0, 0)
[12:30:57.194689] {mesa egl surface queue}  -> wl_surface#14.damage(0, 0, 2147483647, 2147483647)
[12:30:57.194693] {mesa egl surface queue}  -> wl_surface#14.commit()
[12:30:57.194697] {mesa egl surface queue}  -> wl_display#1.sync(new id wl_callback#43)
[12:30:57.194791] {Display Queue} wl_display#1.delete_id(43)
[12:30:57.210504] {mesa egl surface queue} wl_callback#43.done(7)
[12:30:57.210522] {mesa egl surface queue} wl_buffer#44.release()
[12:30:57.211373] {Default Queue}  -> xdg_toplevel#30.set_min_size(1400, 948)
[12:30:57.211381] {Default Queue}  -> xdg_toplevel#30.set_max_size(0, 0)
[12:30:57.211383] {Default Queue}  -> xdg_surface#29.set_window_geometry(45, 45, 1400, 948)
[12:30:57.211431] {mesa egl surface queue}  -> wl_surface#14.attach(wl_buffer#44, 0, 0)
[12:30:57.211434] {mesa egl surface queue}  -> wl_surface#14.damage(0, 0, 2147483647, 2147483647)
[12:30:57.211436] {mesa egl surface queue}  -> wl_surface#14.commit()
[12:30:57.211438] {mesa egl surface queue}  -> wl_display#1.sync(new id wl_callback#43)
[12:30:57.211528] {Display Queue} wl_display#1.delete_id(43)
[12:30:57.227192] {mesa egl surface queue} wl_callback#43.done(7)
[12:30:57.227214] {mesa egl surface queue} wl_buffer#40.release()
[12:30:57.228438] {Default Queue}  -> xdg_toplevel#30.set_min_size(1400, 948)
[12:30:57.228452] {Default Queue}  -> xdg_toplevel#30.set_max_size(0, 0)
[12:30:57.228457] {Default Queue}  -> xdg_surface#29.set_window_geometry(45, 45, 1400, 948)
[12:30:57.228524] {mesa egl surface queue}  -> wl_surface#14.attach(wl_buffer#40, 0, 0)
[12:30:57.228531] {mesa egl surface queue}  -> wl_surface#14.damage(0, 0, 2147483647, 2147483647)
[12:30:57.228535] {mesa egl surface queue}  -> wl_surface#14.commit()
[12:30:57.228539] {mesa egl surface queue}  -> wl_display#1.sync(new id wl_callback#43)
[12:30:57.228648] {Display Queue} wl_display#1.delete_id(43)
[12:30:57.244004] {mesa egl surface queue} wl_callback#43.done(7)
[12:30:57.244027] {mesa egl surface queue} wl_buffer#44.release()
[12:30:57.244961] {Default Queue}  -> xdg_toplevel#30.set_min_size(1400, 948)
[12:30:57.244969] {Default Queue}  -> xdg_toplevel#30.set_max_size(0, 0)
[12:30:57.244971] {Default Queue}  -> xdg_surface#29.set_window_geometry(45, 45, 1400, 948)
[12:30:57.245019] {mesa egl surface queue}  -> wl_surface#14.attach(wl_buffer#44, 0, 0)
[12:30:57.245024] {mesa egl surface queue}  -> wl_surface#14.damage(0, 0, 2147483647, 2147483647)
[12:30:57.245026] {mesa egl surface queue}  -> wl_surface#14.commit()
[12:30:57.245028] {mesa egl surface queue}  -> wl_display#1.sync(new id wl_callback#43)
[12:30:57.245129] {Display Queue} wl_display#1.delete_id(43)
[12:30:57.260785] {mesa egl surface queue} wl_callback#43.done(7)
[12:30:57.260803] {mesa egl surface queue} wl_buffer#40.release()
[12:30:57.261732] {Default Queue}  -> xdg_toplevel#30.set_min_size(1400, 948)
[12:30:57.261750] {Default Queue}  -> xdg_toplevel#30.set_max_size(0, 0)
[12:30:57.261753] {Default Queue}  -> xdg_surface#29.set_window_geometry(45, 45, 1400, 948)
[12:30:57.261803] {mesa egl surface queue}  -> wl_surface#14.attach(wl_buffer#40, 0, 0)
[12:30:57.261805] {mesa egl surface queue}  -> wl_surface#14.damage(0, 0, 2147483647, 2147483647)
[12:30:57.261807] {mesa egl surface queue}  -> wl_surface#14.commit()
[12:30:57.261809] {mesa egl surface queue}  -> wl_display#1.sync(new id wl_callback#43)
[12:30:57.261914] {Display Queue} wl_display#1.delete_id(43)
[12:30:57.277551] {mesa egl surface queue} wl_callback#43.done(7)
[12:30:57.277562] {mesa egl surface queue} wl_buffer#44.release()
[12:30:57.278303] {Default Queue}  -> xdg_toplevel#30.set_min_size(1400, 948)
[12:30:57.278309] {Default Queue}  -> xdg_toplevel#30.set_max_size(0, 0)
[12:30:57.278311] {Default Queue}  -> xdg_surface#29.set_window_geometry(45, 45, 1400, 948)
[12:30:57.278352] {mesa egl surface queue}  -> wl_surface#14.attach(wl_buffer#44, 0, 0)
[12:30:57.278354] {mesa egl surface queue}  -> wl_surface#14.damage(0, 0, 2147483647, 2147483647)
[12:30:57.278356] {mesa egl surface queue}  -> wl_surface#14.commit()
[12:30:57.278358] {mesa egl surface queue}  -> wl_display#1.sync(new id wl_callback#43)
[12:30:57.278414] {Display Queue} wl_display#1.delete_id(43)
[12:30:57.293940] {mesa egl surface queue} wl_callback#43.done(7)
[12:30:57.293963] {mesa egl surface queue} wl_buffer#40.release()
[12:30:57.294963] {Default Queue}  -> xdg_toplevel#30.set_min_size(1400, 948)
[12:30:57.294979] {Default Queue}  -> xdg_toplevel#30.set_max_size(0, 0)
[12:30:57.294982] {Default Queue}  -> xdg_surface#29.set_window_geometry(45, 45, 1400, 948)
[12:30:57.295041] {mesa egl surface queue}  -> wl_surface#14.attach(wl_buffer#40, 0, 0)
[12:30:57.295045] {mesa egl surface queue}  -> wl_surface#14.damage(0, 0, 2147483647, 2147483647)
[12:30:57.295048] {mesa egl surface queue}  -> wl_surface#14.commit()
[12:30:57.295051] {mesa egl surface queue}  -> wl_display#1.sync(new id wl_callback#43)
[12:30:57.295137] {Display Queue} wl_display#1.delete_id(43)
[12:30:57.310627] {mesa egl surface queue} wl_callback#43.done(7)
[12:30:57.310639] {mesa egl surface queue} wl_buffer#44.release()
[12:30:57.311353] {Default Queue}  -> xdg_toplevel#30.set_min_size(1400, 948)
[12:30:57.311361] {Default Queue}  -> xdg_toplevel#30.set_max_size(0, 0)
[12:30:57.311363] {Default Queue}  -> xdg_surface#29.set_window_geometry(45, 45, 1400, 948)
[12:30:57.311406] {mesa egl surface queue}  -> wl_surface#14.attach(wl_buffer#44, 0, 0)
[12:30:57.311410] {mesa egl surface queue}  -> wl_surface#14.damage(0, 0, 2147483647, 2147483647)
[12:30:57.311412] {mesa egl surface queue}  -> wl_surface#14.commit()
[12:30:57.311415] {mesa egl surface queue}  -> wl_display#1.sync(new id wl_callback#43)
[12:30:57.311495] {Display Queue} wl_display#1.delete_id(43)
[12:30:57.333111] {mesa egl surface queue} wl_callback#43.done(7)
[12:30:57.333125] {mesa egl surface queue} wl_buffer#40.release()
[12:30:57.333949] {Default Queue}  -> xdg_toplevel#30.set_min_size(1400, 948)
[12:30:57.333962] {Default Queue}  -> xdg_toplevel#30.set_max_size(0, 0)
[12:30:57.333969] {Default Queue}  -> xdg_surface#29.set_window_geometry(45, 45, 1400, 948)
[12:30:57.334011] {mesa egl surface queue}  -> wl_surface#14.attach(wl_buffer#40, 0, 0)
[12:30:57.334014] {mesa egl surface queue}  -> wl_surface#14.damage(0, 0, 2147483647, 2147483647)
[12:30:57.334016] {mesa egl surface queue}  -> wl_surface#14.commit()
[12:30:57.334018] {mesa egl surface queue}  -> wl_display#1.sync(new id wl_callback#43)
[12:30:57.334080] {Display Queue} wl_display#1.delete_id(43)
[12:30:57.397572] {mesa egl surface queue} wl_callback#43.done(7)
[12:30:57.397589] {mesa egl surface queue} wl_buffer#44.release()
[12:30:57.398490] {Default Queue}  -> xdg_toplevel#30.set_min_size(1400, 948)
[12:30:57.398499] {Default Queue}  -> xdg_toplevel#30.set_max_size(0, 0)
[12:30:57.398501] {Default Queue}  -> xdg_surface#29.set_window_geometry(45, 45, 1400, 948)
[12:30:57.398553] {mesa egl surface queue}  -> wl_surface#14.attach(wl_buffer#44, 0, 0)
[12:30:57.398558] {mesa egl surface queue}  -> wl_surface#14.damage(0, 0, 2147483647, 2147483647)
[12:30:57.398561] {mesa egl surface queue}  -> wl_surface#14.commit()
[12:30:57.398564] {mesa egl surface queue}  -> wl_display#1.sync(new id wl_callback#43)
[12:30:57.398666] {Display Queue} wl_display#1.delete_id(43)
[12:30:57.445717] {mesa egl surface queue} wl_callback#43.done(7)
[12:30:57.445734] {mesa egl surface queue} wl_buffer#40.release()
[12:30:57.446548] {Default Queue}  -> xdg_toplevel#30.set_min_size(1400, 948)
[12:30:57.446555] {Default Queue}  -> xdg_toplevel#30.set_max_size(0, 0)
[12:30:57.446557] {Default Queue}  -> xdg_surface#29.set_window_geometry(45, 45, 1400, 948)
[12:30:57.446604] {mesa egl surface queue}  -> wl_surface#14.attach(wl_buffer#40, 0, 0)
[12:30:57.446607] {mesa egl surface queue}  -> wl_surface#14.damage(0, 0, 2147483647, 2147483647)
[12:30:57.446609] {mesa egl surface queue}  -> wl_surface#14.commit()
[12:30:57.446611] {mesa egl surface queue}  -> wl_display#1.sync(new id wl_callback#43)
[12:30:57.446712] {Display Queue} wl_display#1.delete_id(43)
[12:30:57.542427] {mesa egl surface queue} wl_callback#43.done(7)
[12:30:57.542444] {mesa egl surface queue} wl_buffer#44.release()
[12:30:57.543287] {Default Queue}  -> xdg_toplevel#30.set_min_size(1400, 948)
[12:30:57.543295] {Default Queue}  -> xdg_toplevel#30.set_max_size(0, 0)
[12:30:57.543297] {Default Queue}  -> xdg_surface#29.set_window_geometry(45, 45, 1400, 948)
[12:30:57.543344] {mesa egl surface queue}  -> wl_surface#14.attach(wl_buffer#44, 0, 0)
[12:30:57.543347] {mesa egl surface queue}  -> wl_surface#14.damage(0, 0, 2147483647, 2147483647)
[12:30:57.543349] {mesa egl surface queue}  -> wl_surface#14.commit()
[12:30:57.543351] {mesa egl surface queue}  -> wl_display#1.sync(new id wl_callback#43)
[12:30:57.543447] {Display Queue} wl_display#1.delete_id(43)
[12:30:57.639530] {mesa egl surface queue} wl_callback#43.done(7)
[12:30:57.639546] {mesa egl surface queue} wl_buffer#40.release()
[12:30:57.640420] {Default Queue}  -> xdg_toplevel#30.set_min_size(1400, 948)
[12:30:57.640429] {Default Queue}  -> xdg_toplevel#30.set_max_size(0, 0)
[12:30:57.640432] {Default Queue}  -> xdg_surface#29.set_window_geometry(45, 45, 1400, 948)
[12:30:57.640479] {mesa egl surface queue}  -> wl_surface#14.attach(wl_buffer#40, 0, 0)
[12:30:57.640482] {mesa egl surface queue}  -> wl_surface#14.damage(0, 0, 2147483647, 2147483647)
[12:30:57.640484] {mesa egl surface queue}  -> wl_surface#14.commit()
[12:30:57.640486] {mesa egl surface queue}  -> wl_display#1.sync(new id wl_callback#43)
[12:30:57.640577] {Display Queue} wl_display#1.delete_id(43)
[12:30:57.660428] {mesa egl surface queue} wl_callback#43.done(7)
[12:30:57.660445] {mesa egl surface queue} wl_buffer#44.release()
[12:30:57.661281] {Default Queue}  -> xdg_toplevel#30.set_min_size(1400, 948)
[12:30:57.661289] {Default Queue}  -> xdg_toplevel#30.set_max_size(0, 0)
[12:30:57.661291] {Default Queue}  -> xdg_surface#29.set_window_geometry(45, 45, 1400, 948)
[12:30:57.661336] {mesa egl surface queue}  -> wl_surface#14.attach(wl_buffer#44, 0, 0)
[12:30:57.661343] {mesa egl surface queue}  -> wl_surface#14.damage(0, 0, 2147483647, 2147483647)
[12:30:57.661351] {mesa egl surface queue}  -> wl_surface#14.commit()
[12:30:57.661353] {mesa egl surface queue}  -> wl_display#1.sync(new id wl_callback#43)
[12:30:57.661419] {Display Queue} wl_display#1.delete_id(43)
[12:30:57.676917] {mesa egl surface queue} wl_callback#43.done(7)
[12:30:57.676930] {mesa egl surface queue} wl_buffer#40.release()
[12:30:57.677770] {Default Queue}  -> xdg_toplevel#30.set_min_size(1400, 948)
[12:30:57.677779] {Default Queue}  -> xdg_toplevel#30.set_max_size(0, 0)
[12:30:57.677782] {Default Queue}  -> xdg_surface#29.set_window_geometry(45, 45, 1400, 948)
[12:30:57.677829] {mesa egl surface queue}  -> wl_surface#14.attach(wl_buffer#40, 0, 0)
[12:30:57.677833] {mesa egl surface queue}  -> wl_surface#14.damage(0, 0, 2147483647, 2147483647)
[12:30:57.677837] {mesa egl surface queue}  -> wl_surface#14.commit()
[12:30:57.677840] {mesa egl surface queue}  -> wl_display#1.sync(new id wl_callback#43)
[12:30:57.677934] {Display Queue} wl_display#1.delete_id(43)
[12:30:57.693470] {mesa egl surface queue} wl_callback#43.done(7)
[12:30:57.693501] {mesa egl surface queue} wl_buffer#44.release()
[12:30:57.694451] {Default Queue}  -> xdg_toplevel#30.set_min_size(1400, 948)
[12:30:57.694462] {Default Queue}  -> xdg_toplevel#30.set_max_size(0, 0)
[12:30:57.694465] {Default Queue}  -> xdg_surface#29.set_window_geometry(45, 45, 1400, 948)
[12:30:57.694509] {mesa egl surface queue}  -> wl_surface#14.attach(wl_buffer#44, 0, 0)
[12:30:57.694512] {mesa egl surface queue}  -> wl_surface#14.damage(0, 0, 2147483647, 2147483647)
[12:30:57.694514] {mesa egl surface queue}  -> wl_surface#14.commit()
[12:30:57.694516] {mesa egl surface queue}  -> wl_display#1.sync(new id wl_callback#43)
[12:30:57.694588] {Display Queue} wl_display#1.delete_id(43)
[12:30:57.710085] {mesa egl surface queue} wl_callback#43.done(7)
[12:30:57.710101] {mesa egl surface queue} wl_buffer#40.release()
[12:30:57.710918] {Default Queue}  -> xdg_toplevel#30.set_min_size(1400, 948)
[12:30:57.710925] {Default Queue}  -> xdg_toplevel#30.set_max_size(0, 0)
[12:30:57.710927] {Default Queue}  -> xdg_surface#29.set_window_geometry(45, 45, 1400, 948)
[12:30:57.711010] {mesa egl surface queue}  -> wl_surface#14.attach(wl_buffer#40, 0, 0)
[12:30:57.711014] {mesa egl surface queue}  -> wl_surface#14.damage(0, 0, 2147483647, 2147483647)
[12:30:57.711016] {mesa egl surface queue}  -> wl_surface#14.commit()
[12:30:57.711018] {mesa egl surface queue}  -> wl_display#1.sync(new id wl_callback#43)
[12:30:57.711088] {Display Queue} wl_display#1.delete_id(43)
[12:30:57.726803] {mesa egl surface queue} wl_callback#43.done(7)
[12:30:57.726810] {mesa egl surface queue} wl_buffer#44.release()
[12:30:57.727484] {Default Queue}  -> xdg_toplevel#30.set_min_size(1400, 948)
[12:30:57.727491] {Default Queue}  -> xdg_toplevel#30.set_max_size(0, 0)
[12:30:57.727493] {Default Queue}  -> xdg_surface#29.set_window_geometry(45, 45, 1400, 948)
[12:30:57.727534] {mesa egl surface queue}  -> wl_surface#14.attach(wl_buffer#44, 0, 0)
[12:30:57.727536] {mesa egl surface queue}  -> wl_surface#14.damage(0, 0, 2147483647, 2147483647)
[12:30:57.727539] {mesa egl surface queue}  -> wl_surface#14.commit()
[12:30:57.727540] {mesa egl surface queue}  -> wl_display#1.sync(new id wl_callback#43)
[12:30:57.727595] {Display Queue} wl_display#1.delete_id(43)
[12:30:57.743448] {mesa egl surface queue} wl_callback#43.done(7)
[12:30:57.743458] {mesa egl surface queue} wl_buffer#40.release()
[12:30:57.744383] {Default Queue}  -> xdg_toplevel#30.set_min_size(1400, 948)
[12:30:57.744394] {Default Queue}  -> xdg_toplevel#30.set_max_size(0, 0)
[12:30:57.744396] {Default Queue}  -> xdg_surface#29.set_window_geometry(45, 45, 1400, 948)
[12:30:57.744442] {mesa egl surface queue}  -> wl_surface#14.attach(wl_buffer#40, 0, 0)
[12:30:57.744445] {mesa egl surface queue}  -> wl_surface#14.damage(0, 0, 2147483647, 2147483647)
[12:30:57.744447] {mesa egl surface queue}  -> wl_surface#14.commit()
[12:30:57.744454] {mesa egl surface queue}  -> wl_display#1.sync(new id wl_callback#43)
[12:30:57.744515] {Display Queue} wl_display#1.delete_id(43)
[12:30:57.760026] {mesa egl surface queue} wl_callback#43.done(7)
[12:30:57.760042] {mesa egl surface queue} wl_buffer#44.release()
[12:30:57.760815] {Default Queue}  -> xdg_toplevel#30.set_min_size(1400, 948)
[12:30:57.760826] {Default Queue}  -> xdg_toplevel#30.set_max_size(0, 0)
[12:30:57.760829] {Default Queue}  -> xdg_surface#29.set_window_geometry(45, 45, 1400, 948)
[12:30:57.760870] {mesa egl surface queue}  -> wl_surface#14.attach(wl_buffer#44, 0, 0)
[12:30:57.760873] {mesa egl surface queue}  -> wl_surface#14.damage(0, 0, 2147483647, 2147483647)
[12:30:57.760875] {mesa egl surface queue}  -> wl_surface#14.commit()
[12:30:57.760877] {mesa egl surface queue}  -> wl_display#1.sync(new id wl_callback#43)
[12:30:57.760932] {Display Queue} wl_display#1.delete_id(43)
[12:30:57.776696] {mesa egl surface queue} wl_callback#43.done(7)
[12:30:57.776711] {mesa egl surface queue} wl_buffer#40.release()
[12:30:57.777640] {Default Queue}  -> xdg_toplevel#30.set_min_size(1400, 948)
[12:30:57.777650] {Default Queue}  -> xdg_toplevel#30.set_max_size(0, 0)
[12:30:57.777653] {Default Queue}  -> xdg_surface#29.set_window_geometry(45, 45, 1400, 948)
[12:30:57.777699] {mesa egl surface queue}  -> wl_surface#14.attach(wl_buffer#40, 0, 0)
[12:30:57.777703] {mesa egl surface queue}  -> wl_surface#14.damage(0, 0, 2147483647, 2147483647)
[12:30:57.777705] {mesa egl surface queue}  -> wl_surface#14.commit()
[12:30:57.777707] {mesa egl surface queue}  -> wl_display#1.sync(new id wl_callback#43)
[12:30:57.777769] {Display Queue} wl_display#1.delete_id(43)
[12:30:57.793330] {mesa egl surface queue} wl_callback#43.done(7)
[12:30:57.793350] {mesa egl surface queue} wl_buffer#44.release()
[12:30:57.794304] {Default Queue}  -> xdg_toplevel#30.set_min_size(1400, 948)
[12:30:57.794314] {Default Queue}  -> xdg_toplevel#30.set_max_size(0, 0)
[12:30:57.794316] {Default Queue}  -> xdg_surface#29.set_window_geometry(45, 45, 1400, 948)
[12:30:57.794364] {mesa egl surface queue}  -> wl_surface#14.attach(wl_buffer#44, 0, 0)
[12:30:57.794368] {mesa egl surface queue}  -> wl_surface#14.damage(0, 0, 2147483647, 2147483647)
[12:30:57.794371] {mesa egl surface queue}  -> wl_surface#14.commit()
[12:30:57.794372] {mesa egl surface queue}  -> wl_display#1.sync(new id wl_callback#43)
[12:30:57.794433] {Display Queue} wl_display#1.delete_id(43)
[12:30:57.810023] {mesa egl surface queue} wl_callback#43.done(7)
[12:30:57.810031] {mesa egl surface queue} wl_buffer#40.release()
[12:30:57.810751] {Default Queue}  -> xdg_toplevel#30.set_min_size(1400, 948)
[12:30:57.810758] {Default Queue}  -> xdg_toplevel#30.set_max_size(0, 0)
[12:30:57.810760] {Default Queue}  -> xdg_surface#29.set_window_geometry(45, 45, 1400, 948)
[12:30:57.810805] {mesa egl surface queue}  -> wl_surface#14.attach(wl_buffer#40, 0, 0)
[12:30:57.810808] {mesa egl surface queue}  -> wl_surface#14.damage(0, 0, 2147483647, 2147483647)
[12:30:57.810810] {mesa egl surface queue}  -> wl_surface#14.commit()
[12:30:57.810812] {mesa egl surface queue}  -> wl_display#1.sync(new id wl_callback#43)
[12:30:57.810875] {Display Queue} wl_display#1.delete_id(43)
[12:30:57.826879] {mesa egl surface queue} wl_callback#43.done(7)
[12:30:57.826882] {mesa egl surface queue} wl_buffer#44.release()
[12:30:57.827508] {Default Queue}  -> xdg_toplevel#30.set_min_size(1400, 948)
[12:30:57.827513] {Default Queue}  -> xdg_toplevel#30.set_max_size(0, 0)
[12:30:57.827514] {Default Queue}  -> xdg_surface#29.set_window_geometry(45, 45, 1400, 948)
[12:30:57.827547] {mesa egl surface queue}  -> wl_surface#14.attach(wl_buffer#44, 0, 0)
[12:30:57.827549] {mesa egl surface queue}  -> wl_surface#14.damage(0, 0, 2147483647, 2147483647)
[12:30:57.827551] {mesa egl surface queue}  -> wl_surface#14.commit()
[12:30:57.827552] {mesa egl surface queue}  -> wl_display#1.sync(new id wl_callback#43)
[12:30:57.827596] {Display Queue} wl_display#1.delete_id(43)
[12:30:57.844201] {mesa egl surface queue} wl_callback#43.done(7)
[12:30:57.844216] {mesa egl surface queue} wl_buffer#40.release()
[12:30:57.844956] {Default Queue}  -> xdg_toplevel#30.set_min_size(1400, 948)
[12:30:57.844963] {Default Queue}  -> xdg_toplevel#30.set_max_size(0, 0)
[12:30:57.844965] {Default Queue}  -> xdg_surface#29.set_window_geometry(45, 45, 1400, 948)
[12:30:57.845006] {mesa egl surface queue}  -> wl_surface#14.attach(wl_buffer#40, 0, 0)
[12:30:57.845009] {mesa egl surface queue}  -> wl_surface#14.damage(0, 0, 2147483647, 2147483647)
[12:30:57.845011] {mesa egl surface queue}  -> wl_surface#14.commit()
[12:30:57.845013] {mesa egl surface queue}  -> wl_display#1.sync(new id wl_callback#43)
[12:30:57.845083] {Display Queue} wl_display#1.delete_id(43)
[12:30:57.860679] {mesa egl surface queue} wl_callback#43.done(7)
[12:30:57.860690] {mesa egl surface queue} wl_buffer#44.release()
[12:30:57.861512] {Default Queue}  -> xdg_toplevel#30.set_min_size(1400, 948)
[12:30:57.861519] {Default Queue}  -> xdg_toplevel#30.set_max_size(0, 0)
[12:30:57.861521] {Default Queue}  -> xdg_surface#29.set_window_geometry(45, 45, 1400, 948)
[12:30:57.861566] {mesa egl surface queue}  -> wl_surface#14.attach(wl_buffer#44, 0, 0)
[12:30:57.861569] {mesa egl surface queue}  -> wl_surface#14.damage(0, 0, 2147483647, 2147483647)
[12:30:57.861571] {mesa egl surface queue}  -> wl_surface#14.commit()
[12:30:57.861573] {mesa egl surface queue}  -> wl_display#1.sync(new id wl_callback#43)
[12:30:57.861635] {Display Queue} wl_display#1.delete_id(43)
[12:30:57.877234] {mesa egl surface queue} wl_callback#43.done(7)
[12:30:57.877262] {mesa egl surface queue} wl_buffer#40.release()
[12:30:57.878126] {Default Queue}  -> xdg_toplevel#30.set_min_size(1400, 948)
[12:30:57.878133] {Default Queue}  -> xdg_toplevel#30.set_max_size(0, 0)
[12:30:57.878135] {Default Queue}  -> xdg_surface#29.set_window_geometry(45, 45, 1400, 948)
[12:30:57.878178] {mesa egl surface queue}  -> wl_surface#14.attach(wl_buffer#40, 0, 0)
[12:30:57.878180] {mesa egl surface queue}  -> wl_surface#14.damage(0, 0, 2147483647, 2147483647)
[12:30:57.878182] {mesa egl surface queue}  -> wl_surface#14.commit()
[12:30:57.878185] {mesa egl surface queue}  -> wl_display#1.sync(new id wl_callback#43)
[12:30:57.878250] {Display Queue} wl_display#1.delete_id(43)
[12:30:57.893845] {mesa egl surface queue} wl_callback#43.done(7)
[12:30:57.893863] {mesa egl surface queue} wl_buffer#44.release()
[12:30:57.894806] {Default Queue}  -> xdg_toplevel#30.set_min_size(1400, 948)
[12:30:57.894815] {Default Queue}  -> xdg_toplevel#30.set_max_size(0, 0)
[12:30:57.894835] {Default Queue}  -> xdg_surface#29.set_window_geometry(45, 45, 1400, 948)
[12:30:57.894902] {mesa egl surface queue}  -> wl_surface#14.attach(wl_buffer#44, 0, 0)
[12:30:57.894907] {mesa egl surface queue}  -> wl_surface#14.damage(0, 0, 2147483647, 2147483647)
[12:30:57.894911] {mesa egl surface queue}  -> wl_surface#14.commit()
[12:30:57.894915] {mesa egl surface queue}  -> wl_display#1.sync(new id wl_callback#43)
[12:30:57.895013] {Display Queue} wl_display#1.delete_id(43)
[12:30:57.910820] {mesa egl surface queue} wl_callback#43.done(7)
[12:30:57.910833] {mesa egl surface queue} wl_buffer#40.release()
[12:30:57.911640] {Default Queue}  -> xdg_toplevel#30.set_min_size(1400, 948)
[12:30:57.911649] {Default Queue}  -> xdg_toplevel#30.set_max_size(0, 0)
[12:30:57.911651] {Default Queue}  -> xdg_surface#29.set_window_geometry(45, 45, 1400, 948)
[12:30:57.911709] {mesa egl surface queue}  -> wl_surface#14.attach(wl_buffer#40, 0, 0)
[12:30:57.911713] {mesa egl surface queue}  -> wl_surface#14.damage(0, 0, 2147483647, 2147483647)
[12:30:57.911716] {mesa egl surface queue}  -> wl_surface#14.commit()
[12:30:57.911719] {mesa egl surface queue}  -> wl_display#1.sync(new id wl_callback#43)
[12:30:57.911831] {Display Queue} wl_display#1.delete_id(43)
[12:30:57.927322] {mesa egl surface queue} wl_callback#43.done(7)
[12:30:57.927338] {mesa egl surface queue} wl_buffer#44.release()
[12:30:57.928297] {Default Queue}  -> xdg_toplevel#30.set_min_size(1400, 948)
[12:30:57.928313] {Default Queue}  -> xdg_toplevel#30.set_max_size(0, 0)
[12:30:57.928324] {Default Queue}  -> xdg_surface#29.set_window_geometry(45, 45, 1400, 948)
[12:30:57.928380] {mesa egl surface queue}  -> wl_surface#14.attach(wl_buffer#44, 0, 0)
[12:30:57.928384] {mesa egl surface queue}  -> wl_surface#14.damage(0, 0, 2147483647, 2147483647)
[12:30:57.928387] {mesa egl surface queue}  -> wl_surface#14.commit()
[12:30:57.928389] {mesa egl surface queue}  -> wl_display#1.sync(new id wl_callback#43)
[12:30:57.928464] {Display Queue} wl_display#1.delete_id(43)
[12:30:57.943998] {mesa egl surface queue} wl_callback#43.done(7)
[12:30:57.944013] {mesa egl surface queue} wl_buffer#40.release()
[12:30:57.944859] {Default Queue}  -> xdg_toplevel#30.set_min_size(1400, 948)
[12:30:57.944867] {Default Queue}  -> xdg_toplevel#30.set_max_size(0, 0)
[12:30:57.944869] {Default Queue}  -> xdg_surface#29.set_window_geometry(45, 45, 1400, 948)
[12:30:57.944912] {mesa egl surface queue}  -> wl_surface#14.attach(wl_buffer#40, 0, 0)
[12:30:57.944914] {mesa egl surface queue}  -> wl_surface#14.damage(0, 0, 2147483647, 2147483647)
[12:30:57.944916] {mesa egl surface queue}  -> wl_surface#14.commit()
[12:30:57.944918] {mesa egl surface queue}  -> wl_display#1.sync(new id wl_callback#43)
[12:30:57.944980] {Display Queue} wl_display#1.delete_id(43)
[12:30:57.960621] {mesa egl surface queue} wl_callback#43.done(7)
[12:30:57.960634] {mesa egl surface queue} wl_buffer#44.release()
[12:30:57.961417] {Default Queue}  -> xdg_toplevel#30.set_min_size(1400, 948)
[12:30:57.961424] {Default Queue}  -> xdg_toplevel#30.set_max_size(0, 0)
[12:30:57.961426] {Default Queue}  -> xdg_surface#29.set_window_geometry(45, 45, 1400, 948)
[12:30:57.961469] {mesa egl surface queue}  -> wl_surface#14.attach(wl_buffer#44, 0, 0)
[12:30:57.961471] {mesa egl surface queue}  -> wl_surface#14.damage(0, 0, 2147483647, 2147483647)
[12:30:57.961473] {mesa egl surface queue}  -> wl_surface#14.commit()
[12:30:57.961475] {mesa egl surface queue}  -> wl_display#1.sync(new id wl_callback#43)
[12:30:57.961533] {Display Queue} wl_display#1.delete_id(43)
[12:30:57.977098] {mesa egl surface queue} wl_callback#43.done(7)
[12:30:57.977112] {mesa egl surface queue} wl_buffer#40.release()
[12:30:57.977804] {Default Queue}  -> xdg_toplevel#30.set_min_size(1400, 948)
[12:30:57.977814] {Default Queue}  -> xdg_toplevel#30.set_max_size(0, 0)
[12:30:57.977816] {Default Queue}  -> xdg_surface#29.set_window_geometry(45, 45, 1400, 948)
[12:30:57.977856] {mesa egl surface queue}  -> wl_surface#14.attach(wl_buffer#40, 0, 0)
[12:30:57.977858] {mesa egl surface queue}  -> wl_surface#14.damage(0, 0, 2147483647, 2147483647)
[12:30:57.977860] {mesa egl surface queue}  -> wl_surface#14.commit()
[12:30:57.977862] {mesa egl surface queue}  -> wl_display#1.sync(new id wl_callback#43)
[12:30:57.977917] {Display Queue} wl_display#1.delete_id(43)
[12:30:57.993781] {mesa egl surface queue} wl_callback#43.done(7)
[12:30:57.993801] {mesa egl surface queue} wl_buffer#44.release()
[12:30:57.994650] {Default Queue}  -> xdg_toplevel#30.set_min_size(1400, 948)
[12:30:57.994657] {Default Queue}  -> xdg_toplevel#30.set_max_size(0, 0)
[12:30:57.994659] {Default Queue}  -> xdg_surface#29.set_window_geometry(45, 45, 1400, 948)
[12:30:57.994707] {mesa egl surface queue}  -> wl_surface#14.attach(wl_buffer#44, 0, 0)
[12:30:57.994710] {mesa egl surface queue}  -> wl_surface#14.damage(0, 0, 2147483647, 2147483647)
[12:30:57.994712] {mesa egl surface queue}  -> wl_surface#14.commit()
[12:30:57.994714] {mesa egl surface queue}  -> wl_display#1.sync(new id wl_callback#43)
[12:30:57.994777] {Display Queue} wl_display#1.delete_id(43)
[12:30:58.010384] {mesa egl surface queue} wl_callback#43.done(7)
[12:30:58.010396] {mesa egl surface queue} wl_buffer#40.release()
[12:30:58.011107] {Default Queue}  -> xdg_toplevel#30.set_min_size(1400, 948)
[12:30:58.011115] {Default Queue}  -> xdg_toplevel#30.set_max_size(0, 0)
[12:30:58.011119] {Default Queue}  -> xdg_surface#29.set_window_geometry(45, 45, 1400, 948)
[12:30:58.011161] {mesa egl surface queue}  -> wl_surface#14.attach(wl_buffer#40, 0, 0)
[12:30:58.011170] {mesa egl surface queue}  -> wl_surface#14.damage(0, 0, 2147483647, 2147483647)
[12:30:58.011178] {mesa egl surface queue}  -> wl_surface#14.commit()
[12:30:58.011180] {mesa egl surface queue}  -> wl_display#1.sync(new id wl_callback#43)
[12:30:58.011240] {Display Queue} wl_display#1.delete_id(43)
[12:30:58.026851] {mesa egl surface queue} wl_callback#43.done(7)
[12:30:58.026863] {mesa egl surface queue} wl_buffer#44.release()
[12:30:58.027553] {Default Queue}  -> xdg_toplevel#30.set_min_size(1400, 948)
[12:30:58.027560] {Default Queue}  -> xdg_toplevel#30.set_max_size(0, 0)
[12:30:58.027562] {Default Queue}  -> xdg_surface#29.set_window_geometry(45, 45, 1400, 948)
[12:30:58.027600] {mesa egl surface queue}  -> wl_surface#14.attach(wl_buffer#44, 0, 0)
[12:30:58.027603] {mesa egl surface queue}  -> wl_surface#14.damage(0, 0, 2147483647, 2147483647)
[12:30:58.027605] {mesa egl surface queue}  -> wl_surface#14.commit()
[12:30:58.027607] {mesa egl surface queue}  -> wl_display#1.sync(new id wl_callback#43)
[12:30:58.027662] {Display Queue} wl_display#1.delete_id(43)
[12:30:58.044251] {mesa egl surface queue} wl_callback#43.done(7)
[12:30:58.044264] {mesa egl surface queue} wl_buffer#40.release()
[12:30:58.044991] {Default Queue}  -> xdg_toplevel#30.set_min_size(1400, 948)
[12:30:58.044997] {Default Queue}  -> xdg_toplevel#30.set_max_size(0, 0)
[12:30:58.044999] {Default Queue}  -> xdg_surface#29.set_window_geometry(45, 45, 1400, 948)
[12:30:58.045233] {mesa egl surface queue}  -> wl_surface#14.attach(wl_buffer#40, 0, 0)
[12:30:58.045237] {mesa egl surface queue}  -> wl_surface#14.damage(0, 0, 2147483647, 2147483647)
[12:30:58.045239] {mesa egl surface queue}  -> wl_surface#14.commit()
[12:30:58.045240] {mesa egl surface queue}  -> wl_display#1.sync(new id wl_callback#43)
[12:30:58.045298] {Display Queue} wl_display#1.delete_id(43)
[12:30:58.060671] {mesa egl surface queue} wl_callback#43.done(7)
[12:30:58.060687] {mesa egl surface queue} wl_buffer#44.release()
[12:30:58.061527] {Default Queue}  -> xdg_toplevel#30.set_min_size(1400, 948)
[12:30:58.061536] {Default Queue}  -> xdg_toplevel#30.set_max_size(0, 0)
[12:30:58.061538] {Default Queue}  -> xdg_surface#29.set_window_geometry(45, 45, 1400, 948)
[12:30:58.061579] {mesa egl surface queue}  -> wl_surface#14.attach(wl_buffer#44, 0, 0)
[12:30:58.061581] {mesa egl surface queue}  -> wl_surface#14.damage(0, 0, 2147483647, 2147483647)
[12:30:58.061583] {mesa egl surface queue}  -> wl_surface#14.commit()
[12:30:58.061585] {mesa egl surface queue}  -> wl_display#1.sync(new id wl_callback#43)
[12:30:58.061649] {Display Queue} wl_display#1.delete_id(43)
[12:30:58.077468] {mesa egl surface queue} wl_callback#43.done(7)
[12:30:58.077478] {mesa egl surface queue} wl_buffer#40.release()
[12:30:58.078150] {Default Queue}  -> xdg_toplevel#30.set_min_size(1400, 948)
[12:30:58.078156] {Default Queue}  -> xdg_toplevel#30.set_max_size(0, 0)
[12:30:58.078158] {Default Queue}  -> xdg_surface#29.set_window_geometry(45, 45, 1400, 948)
[12:30:58.078197] {mesa egl surface queue}  -> wl_surface#14.attach(wl_buffer#40, 0, 0)
[12:30:58.078199] {mesa egl surface queue}  -> wl_surface#14.damage(0, 0, 2147483647, 2147483647)
[12:30:58.078202] {mesa egl surface queue}  -> wl_surface#14.commit()
[12:30:58.078204] {mesa egl surface queue}  -> wl_display#1.sync(new id wl_callback#43)
[12:30:58.078260] {Display Queue} wl_display#1.delete_id(43)
[12:30:58.093846] {mesa egl surface queue} wl_callback#43.done(7)
[12:30:58.093863] {mesa egl surface queue} wl_buffer#44.release()
[12:30:58.094718] {Default Queue}  -> xdg_toplevel#30.set_min_size(1400, 948)
[12:30:58.094726] {Default Queue}  -> xdg_toplevel#30.set_max_size(0, 0)
[12:30:58.094728] {Default Queue}  -> xdg_surface#29.set_window_geometry(45, 45, 1400, 948)
[12:30:58.094789] {mesa egl surface queue}  -> wl_surface#14.attach(wl_buffer#44, 0, 0)
[12:30:58.094792] {mesa egl surface queue}  -> wl_surface#14.damage(0, 0, 2147483647, 2147483647)
[12:30:58.094794] {mesa egl surface queue}  -> wl_surface#14.commit()
[12:30:58.094802] {mesa egl surface queue}  -> wl_display#1.sync(new id wl_callback#43)
[12:30:58.094875] {Display Queue} wl_display#1.delete_id(43)
[12:30:58.110463] {mesa egl surface queue} wl_callback#43.done(7)
[12:30:58.110475] {mesa egl surface queue} wl_buffer#40.release()
[12:30:58.111059] {Default Queue}  -> xdg_toplevel#30.set_min_size(1400, 948)
[12:30:58.111066] {Default Queue}  -> xdg_toplevel#30.set_max_size(0, 0)
[12:30:58.111068] {Default Queue}  -> xdg_surface#29.set_window_geometry(45, 45, 1400, 948)
[12:30:58.111108] {mesa egl surface queue}  -> wl_surface#14.attach(wl_buffer#40, 0, 0)
[12:30:58.111110] {mesa egl surface queue}  -> wl_surface#14.damage(0, 0, 2147483647, 2147483647)
[12:30:58.111112] {mesa egl surface queue}  -> wl_surface#14.commit()
[12:30:58.111114] {mesa egl surface queue}  -> wl_display#1.sync(new id wl_callback#43)
[12:30:58.111162] {Display Queue} wl_display#1.delete_id(43)
[12:30:58.126774] {mesa egl surface queue} wl_callback#43.done(7)
[12:30:58.126784] {mesa egl surface queue} wl_buffer#44.release()
[12:30:58.127330] {Default Queue}  -> xdg_toplevel#30.set_min_size(1400, 948)
[12:30:58.127335] {Default Queue}  -> xdg_toplevel#30.set_max_size(0, 0)
[12:30:58.127336] {Default Queue}  -> xdg_surface#29.set_window_geometry(45, 45, 1400, 948)
[12:30:58.127371] {mesa egl surface queue}  -> wl_surface#14.attach(wl_buffer#44, 0, 0)
[12:30:58.127374] {mesa egl surface queue}  -> wl_surface#14.damage(0, 0, 2147483647, 2147483647)
[12:30:58.127376] {mesa egl surface queue}  -> wl_surface#14.commit()
[12:30:58.127377] {mesa egl surface queue}  -> wl_display#1.sync(new id wl_callback#43)
[12:30:58.127417] {Display Queue} wl_display#1.delete_id(43)
[12:30:58.144000] {mesa egl surface queue} wl_callback#43.done(7)
[12:30:58.144015] {mesa egl surface queue} wl_buffer#40.release()
[12:30:58.144674] {Default Queue}  -> xdg_toplevel#30.set_min_size(1400, 948)
[12:30:58.144681] {Default Queue}  -> xdg_toplevel#30.set_max_size(0, 0)
[12:30:58.144683] {Default Queue}  -> xdg_surface#29.set_window_geometry(45, 45, 1400, 948)
[12:30:58.144723] {mesa egl surface queue}  -> wl_surface#14.attach(wl_buffer#40, 0, 0)
[12:30:58.144726] {mesa egl surface queue}  -> wl_surface#14.damage(0, 0, 2147483647, 2147483647)
[12:30:58.144728] {mesa egl surface queue}  -> wl_surface#14.commit()
[12:30:58.144730] {mesa egl surface queue}  -> wl_display#1.sync(new id wl_callback#43)
[12:30:58.144825] {Display Queue} wl_display#1.delete_id(43)
[12:30:58.160616] {mesa egl surface queue} wl_callback#43.done(7)
[12:30:58.160633] {mesa egl surface queue} wl_buffer#44.release()
[12:30:58.161315] {Default Queue}  -> xdg_toplevel#30.set_min_size(1400, 948)
[12:30:58.161324] {Default Queue}  -> xdg_toplevel#30.set_max_size(0, 0)
[12:30:58.161327] {Default Queue}  -> xdg_surface#29.set_window_geometry(45, 45, 1400, 948)
[12:30:58.161385] {mesa egl surface queue}  -> wl_surface#14.attach(wl_buffer#44, 0, 0)
[12:30:58.161389] {mesa egl surface queue}  -> wl_surface#14.damage(0, 0, 2147483647, 2147483647)
[12:30:58.161391] {mesa egl surface queue}  -> wl_surface#14.commit()
[12:30:58.161393] {mesa egl surface queue}  -> wl_display#1.sync(new id wl_callback#43)
[12:30:58.161473] {Display Queue} wl_display#1.delete_id(43)
[12:30:58.177267] {mesa egl surface queue} wl_callback#43.done(7)
[12:30:58.177282] {mesa egl surface queue} wl_buffer#40.release()
[12:30:58.177957] {Default Queue}  -> xdg_toplevel#30.set_min_size(1400, 948)
[12:30:58.177965] {Default Queue}  -> xdg_toplevel#30.set_max_size(0, 0)
[12:30:58.177968] {Default Queue}  -> xdg_surface#29.set_window_geometry(45, 45, 1400, 948)
[12:30:58.178018] {mesa egl surface queue}  -> wl_surface#14.attach(wl_buffer#40, 0, 0)
[12:30:58.178020] {mesa egl surface queue}  -> wl_surface#14.damage(0, 0, 2147483647, 2147483647)
[12:30:58.178023] {mesa egl surface queue}  -> wl_surface#14.commit()
[12:30:58.178024] {mesa egl surface queue}  -> wl_display#1.sync(new id wl_callback#43)
[12:30:58.178096] {Display Queue} wl_display#1.delete_id(43)
[12:30:58.193781] {mesa egl surface queue} wl_callback#43.done(7)
[12:30:58.193803] {mesa egl surface queue} wl_buffer#44.release()
[12:30:58.194713] {Default Queue}  -> xdg_toplevel#30.set_min_size(1400, 948)
[12:30:58.194720] {Default Queue}  -> xdg_toplevel#30.set_max_size(0, 0)
[12:30:58.194723] {Default Queue}  -> xdg_surface#29.set_window_geometry(45, 45, 1400, 948)
[12:30:58.194787] {mesa egl surface queue}  -> wl_surface#14.attach(wl_buffer#44, 0, 0)
[12:30:58.194790] {mesa egl surface queue}  -> wl_surface#14.damage(0, 0, 2147483647, 2147483647)
[12:30:58.194792] {mesa egl surface queue}  -> wl_surface#14.commit()
[12:30:58.194794] {mesa egl surface queue}  -> wl_display#1.sync(new id wl_callback#43)
[12:30:58.194860] {Display Queue} wl_display#1.delete_id(43)
[12:30:58.210527] {mesa egl surface queue} wl_callback#43.done(7)
[12:30:58.210542] {mesa egl surface queue} wl_buffer#40.release()
[12:30:58.211424] {Default Queue}  -> xdg_toplevel#30.set_min_size(1400, 948)
[12:30:58.211433] {Default Queue}  -> xdg_toplevel#30.set_max_size(0, 0)
[12:30:58.211435] {Default Queue}  -> xdg_surface#29.set_window_geometry(45, 45, 1400, 948)
[12:30:58.211478] {mesa egl surface queue}  -> wl_surface#14.attach(wl_buffer#40, 0, 0)
[12:30:58.211481] {mesa egl surface queue}  -> wl_surface#14.damage(0, 0, 2147483647, 2147483647)
[12:30:58.211483] {mesa egl surface queue}  -> wl_surface#14.commit()
[12:30:58.211485] {mesa egl surface queue}  -> wl_display#1.sync(new id wl_callback#43)
[12:30:58.211561] {Display Queue} wl_display#1.delete_id(43)
[12:30:58.227309] {mesa egl surface queue} wl_callback#43.done(7)
[12:30:58.227323] {mesa egl surface queue} wl_buffer#44.release()
[12:30:58.228172] {Default Queue}  -> xdg_toplevel#30.set_min_size(1400, 948)
[12:30:58.228180] {Default Queue}  -> xdg_toplevel#30.set_max_size(0, 0)
[12:30:58.228182] {Default Queue}  -> xdg_surface#29.set_window_geometry(45, 45, 1400, 948)
[12:30:58.228239] {mesa egl surface queue}  -> wl_surface#14.attach(wl_buffer#44, 0, 0)
[12:30:58.228244] {mesa egl surface queue}  -> wl_surface#14.damage(0, 0, 2147483647, 2147483647)
[12:30:58.228246] {mesa egl surface queue}  -> wl_surface#14.commit()
[12:30:58.228247] {mesa egl surface queue}  -> wl_display#1.sync(new id wl_callback#43)
[12:30:58.228315] {Display Queue} wl_display#1.delete_id(43)
[12:30:58.244010] {mesa egl surface queue} wl_callback#43.done(7)
[12:30:58.244020] {mesa egl surface queue} wl_buffer#40.release()
[12:30:58.244682] {Default Queue}  -> xdg_toplevel#30.set_min_size(1400, 948)
[12:30:58.244688] {Default Queue}  -> xdg_toplevel#30.set_max_size(0, 0)
[12:30:58.244690] {Default Queue}  -> xdg_surface#29.set_window_geometry(45, 45, 1400, 948)
[12:30:58.244730] {mesa egl surface queue}  -> wl_surface#14.attach(wl_buffer#40, 0, 0)
[12:30:58.244732] {mesa egl surface queue}  -> wl_surface#14.damage(0, 0, 2147483647, 2147483647)
[12:30:58.244734] {mesa egl surface queue}  -> wl_surface#14.commit()
[12:30:58.244736] {mesa egl surface queue}  -> wl_display#1.sync(new id wl_callback#43)
[12:30:58.244794] {Display Queue} wl_display#1.delete_id(43)
[12:30:58.260556] {mesa egl surface queue} wl_callback#43.done(7)
[12:30:58.260570] {mesa egl surface queue} wl_buffer#44.release()
[12:30:58.261594] {Default Queue}  -> xdg_toplevel#30.set_min_size(1400, 948)
[12:30:58.261603] {Default Queue}  -> xdg_toplevel#30.set_max_size(0, 0)
[12:30:58.261606] {Default Queue}  -> xdg_surface#29.set_window_geometry(45, 45, 1400, 948)
[12:30:58.261655] {mesa egl surface queue}  -> wl_surface#14.attach(wl_buffer#44, 0, 0)
[12:30:58.261658] {mesa egl surface queue}  -> wl_surface#14.damage(0, 0, 2147483647, 2147483647)
[12:30:58.261660] {mesa egl surface queue}  -> wl_surface#14.commit()
[12:30:58.261662] {mesa egl surface queue}  -> wl_display#1.sync(new id wl_callback#43)
[12:30:58.261725] {Display Queue} wl_display#1.delete_id(43)
[12:30:58.277437] {mesa egl surface queue} wl_callback#43.done(7)
[12:30:58.277453] {mesa egl surface queue} wl_buffer#40.release()
[12:30:58.278506] {Default Queue}  -> xdg_toplevel#30.set_min_size(1400, 948)
[12:30:58.278522] {Default Queue}  -> xdg_toplevel#30.set_max_size(0, 0)
[12:30:58.278530] {Default Queue}  -> xdg_surface#29.set_window_geometry(45, 45, 1400, 948)
[12:30:58.278574] {mesa egl surface queue}  -> wl_surface#14.attach(wl_buffer#40, 0, 0)
[12:30:58.278577] {mesa egl surface queue}  -> wl_surface#14.damage(0, 0, 2147483647, 2147483647)
[12:30:58.278578] {mesa egl surface queue}  -> wl_surface#14.commit()
[12:30:58.278581] {mesa egl surface queue}  -> wl_display#1.sync(new id wl_callback#43)
[12:30:58.278668] {Display Queue} wl_display#1.delete_id(43)
[12:30:58.293403] {mesa egl surface queue} wl_callback#43.done(7)
[12:30:58.293419] {mesa egl surface queue} wl_buffer#44.release()
[12:30:58.294264] {Default Queue}  -> xdg_toplevel#30.set_min_size(1400, 948)
[12:30:58.294272] {Default Queue}  -> xdg_toplevel#30.set_max_size(0, 0)
[12:30:58.294274] {Default Queue}  -> xdg_surface#29.set_window_geometry(45, 45, 1400, 948)
[12:30:58.294326] {mesa egl surface queue}  -> wl_surface#14.attach(wl_buffer#44, 0, 0)
[12:30:58.294329] {mesa egl surface queue}  -> wl_surface#14.damage(0, 0, 2147483647, 2147483647)
[12:30:58.294331] {mesa egl surface queue}  -> wl_surface#14.commit()
[12:30:58.294333] {mesa egl surface queue}  -> wl_display#1.sync(new id wl_callback#43)
[12:30:58.294432] {Display Queue} wl_display#1.delete_id(43)
[12:30:58.309989] {mesa egl surface queue} wl_callback#43.done(7)
[12:30:58.309993] {mesa egl surface queue} wl_buffer#40.release()
[12:30:58.310694] {Default Queue}  -> xdg_toplevel#30.set_min_size(1400, 948)
[12:30:58.310699] {Default Queue}  -> xdg_toplevel#30.set_max_size(0, 0)
[12:30:58.310701] {Default Queue}  -> xdg_surface#29.set_window_geometry(45, 45, 1400, 948)
[12:30:58.310735] {mesa egl surface queue}  -> wl_surface#14.attach(wl_buffer#40, 0, 0)
[12:30:58.310737] {mesa egl surface queue}  -> wl_surface#14.damage(0, 0, 2147483647, 2147483647)
[12:30:58.310744] {mesa egl surface queue}  -> wl_surface#14.commit()
[12:30:58.310746] {mesa egl surface queue}  -> wl_display#1.sync(new id wl_callback#43)
[12:30:58.310801] {Display Queue} wl_display#1.delete_id(43)
[12:30:58.326999] {mesa egl surface queue} wl_callback#43.done(7)
[12:30:58.327009] {mesa egl surface queue} wl_buffer#44.release()
[12:30:58.327672] {Default Queue}  -> xdg_toplevel#30.set_min_size(1400, 948)
[12:30:58.327676] {Default Queue}  -> xdg_toplevel#30.set_max_size(0, 0)
[12:30:58.327678] {Default Queue}  -> xdg_surface#29.set_window_geometry(45, 45, 1400, 948)
[12:30:58.327717] {mesa egl surface queue}  -> wl_surface#14.attach(wl_buffer#44, 0, 0)
[12:30:58.327719] {mesa egl surface queue}  -> wl_surface#14.damage(0, 0, 2147483647, 2147483647)
[12:30:58.327721] {mesa egl surface queue}  -> wl_surface#14.commit()
[12:30:58.327723] {mesa egl surface queue}  -> wl_display#1.sync(new id wl_callback#43)
[12:30:58.327820] {Display Queue} wl_display#1.delete_id(43)
[12:30:58.343524] {mesa egl surface queue} wl_callback#43.done(7)
[12:30:58.343529] {mesa egl surface queue} wl_buffer#40.release()
[12:30:58.344191] {Default Queue}  -> xdg_toplevel#30.set_min_size(1400, 948)
[12:30:58.344199] {Default Queue}  -> xdg_toplevel#30.set_max_size(0, 0)
[12:30:58.344201] {Default Queue}  -> xdg_surface#29.set_window_geometry(45, 45, 1400, 948)
[12:30:58.344240] {mesa egl surface queue}  -> wl_surface#14.attach(wl_buffer#40, 0, 0)
[12:30:58.344243] {mesa egl surface queue}  -> wl_surface#14.damage(0, 0, 2147483647, 2147483647)
[12:30:58.344246] {mesa egl surface queue}  -> wl_surface#14.commit()
[12:30:58.344248] {mesa egl surface queue}  -> wl_display#1.sync(new id wl_callback#43)
[12:30:58.344374] {Display Queue} wl_display#1.delete_id(43)
[12:30:58.359999] {mesa egl surface queue} wl_callback#43.done(7)
[12:30:58.360019] {mesa egl surface queue} wl_buffer#44.release()
[12:30:58.361008] {Default Queue}  -> xdg_toplevel#30.set_min_size(1400, 948)
[12:30:58.361025] {Default Queue}  -> xdg_toplevel#30.set_max_size(0, 0)
[12:30:58.361030] {Default Queue}  -> xdg_surface#29.set_window_geometry(45, 45, 1400, 948)
[12:30:58.361087] {mesa egl surface queue}  -> wl_surface#14.attach(wl_buffer#44, 0, 0)
[12:30:58.361102] {mesa egl surface queue}  -> wl_surface#14.damage(0, 0, 2147483647, 2147483647)
[12:30:58.361115] {mesa egl surface queue}  -> wl_surface#14.commit()
[12:30:58.361118] {mesa egl surface queue}  -> wl_display#1.sync(new id wl_callback#43)
[12:30:58.361204] {Display Queue} wl_display#1.delete_id(43)
[12:30:58.377487] {mesa egl surface queue} wl_callback#43.done(7)
[12:30:58.377499] {mesa egl surface queue} wl_buffer#40.release()
[12:30:58.378195] {Default Queue}  -> xdg_toplevel#30.set_min_size(1400, 948)
[12:30:58.378205] {Default Queue}  -> xdg_toplevel#30.set_max_size(0, 0)
[12:30:58.378207] {Default Queue}  -> xdg_surface#29.set_window_geometry(45, 45, 1400, 948)
[12:30:58.378246] {mesa egl surface queue}  -> wl_surface#14.attach(wl_buffer#40, 0, 0)
[12:30:58.378249] {mesa egl surface queue}  -> wl_surface#14.damage(0, 0, 2147483647, 2147483647)
[12:30:58.378252] {mesa egl surface queue}  -> wl_surface#14.commit()
[12:30:58.378254] {mesa egl surface queue}  -> wl_display#1.sync(new id wl_callback#43)
[12:30:58.378358] {Display Queue} wl_display#1.delete_id(43)
[12:30:58.394018] {mesa egl surface queue} wl_callback#43.done(7)
[12:30:58.394033] {mesa egl surface queue} wl_buffer#44.release()
[12:30:58.394888] {Default Queue}  -> xdg_toplevel#30.set_min_size(1400, 948)
[12:30:58.394894] {Default Queue}  -> xdg_toplevel#30.set_max_size(0, 0)
[12:30:58.394896] {Default Queue}  -> xdg_surface#29.set_window_geometry(45, 45, 1400, 948)
[12:30:58.394940] {mesa egl surface queue}  -> wl_surface#14.attach(wl_buffer#44, 0, 0)
[12:30:58.394943] {mesa egl surface queue}  -> wl_surface#14.damage(0, 0, 2147483647, 2147483647)
[12:30:58.394945] {mesa egl surface queue}  -> wl_surface#14.commit()
[12:30:58.394947] {mesa egl surface queue}  -> wl_display#1.sync(new id wl_callback#43)
[12:30:58.395026] {Display Queue} wl_display#1.delete_id(43)
[12:30:58.410751] {mesa egl surface queue} wl_callback#43.done(7)
[12:30:58.410759] {mesa egl surface queue} wl_buffer#40.release()
[12:30:58.411462] {Default Queue}  -> xdg_toplevel#30.set_min_size(1400, 948)
[12:30:58.411468] {Default Queue}  -> xdg_toplevel#30.set_max_size(0, 0)
[12:30:58.411470] {Default Queue}  -> xdg_surface#29.set_window_geometry(45, 45, 1400, 948)
[12:30:58.411510] {mesa egl surface queue}  -> wl_surface#14.attach(wl_buffer#40, 0, 0)
[12:30:58.411513] {mesa egl surface queue}  -> wl_surface#14.damage(0, 0, 2147483647, 2147483647)
[12:30:58.411515] {mesa egl surface queue}  -> wl_surface#14.commit()
[12:30:58.411517] {mesa egl surface queue}  -> wl_display#1.sync(new id wl_callback#43)
[12:30:58.411623] {Display Queue} wl_display#1.delete_id(43)
[12:30:58.427239] {mesa egl surface queue} wl_callback#43.done(7)
[12:30:58.427259] {mesa egl surface queue} wl_buffer#44.release()
[12:30:58.427927] {Default Queue}  -> xdg_toplevel#30.set_min_size(1400, 948)
[12:30:58.427934] {Default Queue}  -> xdg_toplevel#30.set_max_size(0, 0)
[12:30:58.427936] {Default Queue}  -> xdg_surface#29.set_window_geometry(45, 45, 1400, 948)
[12:30:58.427969] {mesa egl surface queue}  -> wl_surface#14.attach(wl_buffer#44, 0, 0)
[12:30:58.427972] {mesa egl surface queue}  -> wl_surface#14.damage(0, 0, 2147483647, 2147483647)
[12:30:58.427974] {mesa egl surface queue}  -> wl_surface#14.commit()
[12:30:58.427975] {mesa egl surface queue}  -> wl_display#1.sync(new id wl_callback#43)
[12:30:58.428027] {Display Queue} wl_display#1.delete_id(43)
[12:30:58.443756] {mesa egl surface queue} wl_callback#43.done(7)
[12:30:58.443769] {mesa egl surface queue} wl_buffer#40.release()
[12:30:58.444476] {Default Queue}  -> xdg_toplevel#30.set_min_size(1400, 948)
[12:30:58.444484] {Default Queue}  -> xdg_toplevel#30.set_max_size(0, 0)
[12:30:58.444487] {Default Queue}  -> xdg_surface#29.set_window_geometry(45, 45, 1400, 948)
[12:30:58.444537] {mesa egl surface queue}  -> wl_surface#14.attach(wl_buffer#40, 0, 0)
[12:30:58.444541] {mesa egl surface queue}  -> wl_surface#14.damage(0, 0, 2147483647, 2147483647)
[12:30:58.444544] {mesa egl surface queue}  -> wl_surface#14.commit()
[12:30:58.444554] {mesa egl surface queue}  -> wl_display#1.sync(new id wl_callback#43)
[12:30:58.444656] {Display Queue} wl_display#1.delete_id(43)
[12:30:58.460425] {mesa egl surface queue} wl_callback#43.done(7)
[12:30:58.460441] {mesa egl surface queue} wl_buffer#44.release()
[12:30:58.461305] {Default Queue}  -> xdg_toplevel#30.set_min_size(1400, 948)
[12:30:58.461314] {Default Queue}  -> xdg_toplevel#30.set_max_size(0, 0)
[12:30:58.461317] {Default Queue}  -> xdg_surface#29.set_window_geometry(45, 45, 1400, 948)
[12:30:58.461365] {mesa egl surface queue}  -> wl_surface#14.attach(wl_buffer#44, 0, 0)
[12:30:58.461369] {mesa egl surface queue}  -> wl_surface#14.damage(0, 0, 2147483647, 2147483647)
[12:30:58.461372] {mesa egl surface queue}  -> wl_surface#14.commit()
[12:30:58.461375] {mesa egl surface queue}  -> wl_display#1.sync(new id wl_callback#43)
[12:30:58.461503] {Display Queue} wl_display#1.delete_id(43)
[12:30:58.477292] {mesa egl surface queue} wl_callback#43.done(7)
[12:30:58.477308] {mesa egl surface queue} wl_buffer#40.release()
[12:30:58.478230] {Default Queue}  -> xdg_toplevel#30.set_min_size(1400, 948)
[12:30:58.478239] {Default Queue}  -> xdg_toplevel#30.set_max_size(0, 0)
[12:30:58.478241] {Default Queue}  -> xdg_surface#29.set_window_geometry(45, 45, 1400, 948)
[12:30:58.478288] {mesa egl surface queue}  -> wl_surface#14.attach(wl_buffer#40, 0, 0)
[12:30:58.478291] {mesa egl surface queue}  -> wl_surface#14.damage(0, 0, 2147483647, 2147483647)
[12:30:58.478293] {mesa egl surface queue}  -> wl_surface#14.commit()
[12:30:58.478295] {mesa egl surface queue}  -> wl_display#1.sync(new id wl_callback#43)
[12:30:58.478369] {Display Queue} wl_display#1.delete_id(43)
[12:30:58.493383] {mesa egl surface queue} wl_callback#43.done(7)
[12:30:58.493398] {mesa egl surface queue} wl_buffer#44.release()
[12:30:58.494233] {Default Queue}  -> xdg_toplevel#30.set_min_size(1400, 948)
[12:30:58.494239] {Default Queue}  -> xdg_toplevel#30.set_max_size(0, 0)
[12:30:58.494241] {Default Queue}  -> xdg_surface#29.set_window_geometry(45, 45, 1400, 948)
[12:30:58.494288] {mesa egl surface queue}  -> wl_surface#14.attach(wl_buffer#44, 0, 0)
[12:30:58.494290] {mesa egl surface queue}  -> wl_surface#14.damage(0, 0, 2147483647, 2147483647)
[12:30:58.494292] {mesa egl surface queue}  -> wl_surface#14.commit()
[12:30:58.494294] {mesa egl surface queue}  -> wl_display#1.sync(new id wl_callback#43)
[12:30:58.494400] {Display Queue} wl_display#1.delete_id(43)
[12:30:58.571395] {mesa egl surface queue} wl_callback#43.done(7)
[12:30:58.571411] {mesa egl surface queue} wl_buffer#40.release()
[12:30:58.572324] {Default Queue}  -> xdg_toplevel#30.set_min_size(1400, 948)
[12:30:58.572332] {Default Queue}  -> xdg_toplevel#30.set_max_size(0, 0)
[12:30:58.572335] {Default Queue}  -> xdg_surface#29.set_window_geometry(45, 45, 1400, 948)
[12:30:58.572380] {mesa egl surface queue}  -> wl_surface#14.attach(wl_buffer#40, 0, 0)
[12:30:58.572383] {mesa egl surface queue}  -> wl_surface#14.damage(0, 0, 2147483647, 2147483647)
[12:30:58.572385] {mesa egl surface queue}  -> wl_surface#14.commit()
[12:30:58.572387] {mesa egl surface queue}  -> wl_display#1.sync(new id wl_callback#43)
[12:30:58.572461] {Display Queue} wl_display#1.delete_id(43)
[12:30:58.652051] {mesa egl surface queue} wl_callback#43.done(7)
[12:30:58.652067] {mesa egl surface queue} wl_buffer#44.release()
[12:30:58.652916] {Default Queue}  -> xdg_toplevel#30.set_min_size(1400, 948)
[12:30:58.652923] {Default Queue}  -> xdg_toplevel#30.set_max_size(0, 0)
[12:30:58.652925] {Default Queue}  -> xdg_surface#29.set_window_geometry(45, 45, 1400, 948)
[12:30:58.652970] {mesa egl surface queue}  -> wl_surface#14.attach(wl_buffer#44, 0, 0)
[12:30:58.652973] {mesa egl surface queue}  -> wl_surface#14.damage(0, 0, 2147483647, 2147483647)
[12:30:58.652975] {mesa egl surface queue}  -> wl_surface#14.commit()
[12:30:58.652977] {mesa egl surface queue}  -> wl_display#1.sync(new id wl_callback#43)
[12:30:58.653049] {Display Queue} wl_display#1.delete_id(43)
[12:30:58.684008] {mesa egl surface queue} wl_callback#43.done(7)
[12:30:58.684024] {mesa egl surface queue} wl_buffer#40.release()
[12:30:58.684926] {Default Queue}  -> xdg_toplevel#30.set_min_size(1400, 948)
[12:30:58.684933] {Default Queue}  -> xdg_toplevel#30.set_max_size(0, 0)
[12:30:58.684935] {Default Queue}  -> xdg_surface#29.set_window_geometry(45, 45, 1400, 948)
[12:30:58.684983] {mesa egl surface queue}  -> wl_surface#14.attach(wl_buffer#40, 0, 0)
[12:30:58.684986] {mesa egl surface queue}  -> wl_surface#14.damage(0, 0, 2147483647, 2147483647)
[12:30:58.684988] {mesa egl surface queue}  -> wl_surface#14.commit()
[12:30:58.684990] {mesa egl surface queue}  -> wl_display#1.sync(new id wl_callback#43)
[12:30:58.685095] {Display Queue} wl_display#1.delete_id(43)
[12:30:58.780349] {mesa egl surface queue} wl_callback#43.done(7)
[12:30:58.780365] {mesa egl surface queue} wl_buffer#44.release()
[12:30:58.781216] {Default Queue}  -> xdg_toplevel#30.set_min_size(1400, 948)
[12:30:58.781223] {Default Queue}  -> xdg_toplevel#30.set_max_size(0, 0)
[12:30:58.781225] {Default Queue}  -> xdg_surface#29.set_window_geometry(45, 45, 1400, 948)
[12:30:58.781272] {mesa egl surface queue}  -> wl_surface#14.attach(wl_buffer#44, 0, 0)
[12:30:58.781275] {mesa egl surface queue}  -> wl_surface#14.damage(0, 0, 2147483647, 2147483647)
[12:30:58.781278] {mesa egl surface queue}  -> wl_surface#14.commit()
[12:30:58.781279] {mesa egl surface queue}  -> wl_display#1.sync(new id wl_callback#43)
[12:30:58.781385] {Display Queue} wl_display#1.delete_id(43)
[12:30:58.895476] {mesa egl surface queue} wl_callback#43.done(7)
[12:30:58.895492] {mesa egl surface queue} wl_buffer#40.release()
[12:30:58.896429] {Default Queue}  -> xdg_toplevel#30.set_min_size(1400, 948)
[12:30:58.896437] {Default Queue}  -> xdg_toplevel#30.set_max_size(0, 0)
[12:30:58.896439] {Default Queue}  -> xdg_surface#29.set_window_geometry(45, 45, 1400, 948)
[12:30:58.896485] {mesa egl surface queue}  -> wl_surface#14.attach(wl_buffer#40, 0, 0)
[12:30:58.896487] {mesa egl surface queue}  -> wl_surface#14.damage(0, 0, 2147483647, 2147483647)
[12:30:58.896489] {mesa egl surface queue}  -> wl_surface#14.commit()
[12:30:58.896491] {mesa egl surface queue}  -> wl_display#1.sync(new id wl_callback#43)
[12:30:58.896597] {Display Queue} wl_display#1.delete_id(43)
[12:30:58.989211] {mesa egl surface queue} wl_callback#43.done(7)
[12:30:58.989229] {mesa egl surface queue} wl_buffer#44.release()
[12:30:58.990105] {Default Queue}  -> xdg_toplevel#30.set_min_size(1400, 948)
[12:30:58.990115] {Default Queue}  -> xdg_toplevel#30.set_max_size(0, 0)
[12:30:58.990117] {Default Queue}  -> xdg_surface#29.set_window_geometry(45, 45, 1400, 948)
[12:30:58.990169] {mesa egl surface queue}  -> wl_surface#14.attach(wl_buffer#44, 0, 0)
[12:30:58.990172] {mesa egl surface queue}  -> wl_surface#14.damage(0, 0, 2147483647, 2147483647)
[12:30:58.990174] {mesa egl surface queue}  -> wl_surface#14.commit()
[12:30:58.990176] {mesa egl surface queue}  -> wl_display#1.sync(new id wl_callback#43)
[12:30:58.990286] {Display Queue} wl_display#1.delete_id(43)
[12:30:59.101837] {mesa egl surface queue} wl_callback#43.done(7)
[12:30:59.101857] {mesa egl surface queue} wl_buffer#40.release()
[12:30:59.102703] {Default Queue}  -> xdg_toplevel#30.set_min_size(1400, 948)
[12:30:59.102714] {Default Queue}  -> xdg_toplevel#30.set_max_size(0, 0)
[12:30:59.102716] {Default Queue}  -> xdg_surface#29.set_window_geometry(45, 45, 1400, 948)
[12:30:59.102771] {mesa egl surface queue}  -> wl_surface#14.attach(wl_buffer#40, 0, 0)
[12:30:59.102774] {mesa egl surface queue}  -> wl_surface#14.damage(0, 0, 2147483647, 2147483647)
[12:30:59.102776] {mesa egl surface queue}  -> wl_surface#14.commit()
[12:30:59.102777] {mesa egl surface queue}  -> wl_display#1.sync(new id wl_callback#43)
[12:30:59.102858] {Display Queue} wl_display#1.delete_id(43)
[12:30:59.150477] {mesa egl surface queue} wl_callback#43.done(7)
[12:30:59.150494] {mesa egl surface queue} wl_buffer#44.release()
[12:30:59.151360] {Default Queue}  -> xdg_toplevel#30.set_min_size(1400, 948)
[12:30:59.151373] {Default Queue}  -> xdg_toplevel#30.set_max_size(0, 0)
[12:30:59.151382] {Default Queue}  -> xdg_surface#29.set_window_geometry(45, 45, 1400, 948)
[12:30:59.151430] {mesa egl surface queue}  -> wl_surface#14.attach(wl_buffer#44, 0, 0)
[12:30:59.151433] {mesa egl surface queue}  -> wl_surface#14.damage(0, 0, 2147483647, 2147483647)
[12:30:59.151435] {mesa egl surface queue}  -> wl_surface#14.commit()
[12:30:59.151437] {mesa egl surface queue}  -> wl_display#1.sync(new id wl_callback#43)
[12:30:59.151507] {Display Queue} wl_display#1.delete_id(43)
[12:30:59.198278] {mesa egl surface queue} wl_callback#43.done(7)
[12:30:59.198299] {mesa egl surface queue} wl_buffer#40.release()
[12:30:59.199190] {Default Queue}  -> xdg_toplevel#30.set_min_size(1400, 948)
[12:30:59.199199] {Default Queue}  -> xdg_toplevel#30.set_max_size(0, 0)
[12:30:59.199201] {Default Queue}  -> xdg_surface#29.set_window_geometry(45, 45, 1400, 948)
[12:30:59.199252] {mesa egl surface queue}  -> wl_surface#14.attach(wl_buffer#40, 0, 0)
[12:30:59.199255] {mesa egl surface queue}  -> wl_surface#14.damage(0, 0, 2147483647, 2147483647)
[12:30:59.199257] {mesa egl surface queue}  -> wl_surface#14.commit()
[12:30:59.199259] {mesa egl surface queue}  -> wl_display#1.sync(new id wl_callback#43)
[12:30:59.199331] {Display Queue} wl_display#1.delete_id(43)
[12:30:59.310855] {mesa egl surface queue} wl_callback#43.done(7)
[12:30:59.310872] {mesa egl surface queue} wl_buffer#44.release()
[12:30:59.311734] {Default Queue}  -> xdg_toplevel#30.set_min_size(1400, 948)
[12:30:59.311749] {Default Queue}  -> xdg_toplevel#30.set_max_size(0, 0)
[12:30:59.311751] {Default Queue}  -> xdg_surface#29.set_window_geometry(45, 45, 1400, 948)
[12:30:59.311800] {mesa egl surface queue}  -> wl_surface#14.attach(wl_buffer#44, 0, 0)
[12:30:59.311803] {mesa egl surface queue}  -> wl_surface#14.damage(0, 0, 2147483647, 2147483647)
[12:30:59.311805] {mesa egl surface queue}  -> wl_surface#14.commit()
[12:30:59.311807] {mesa egl surface queue}  -> wl_display#1.sync(new id wl_callback#43)
[12:30:59.311870] {Display Queue} wl_display#1.delete_id(43)
[12:30:59.408516] {mesa egl surface queue} wl_callback#43.done(7)
[12:30:59.408534] {mesa egl surface queue} wl_buffer#40.release()
[12:30:59.409397] {Default Queue}  -> xdg_toplevel#30.set_min_size(1400, 948)
[12:30:59.409405] {Default Queue}  -> xdg_toplevel#30.set_max_size(0, 0)
[12:30:59.409407] {Default Queue}  -> xdg_surface#29.set_window_geometry(45, 45, 1400, 948)
[12:30:59.409451] {mesa egl surface queue}  -> wl_surface#14.attach(wl_buffer#40, 0, 0)
[12:30:59.409454] {mesa egl surface queue}  -> wl_surface#14.damage(0, 0, 2147483647, 2147483647)
[12:30:59.409456] {mesa egl surface queue}  -> wl_surface#14.commit()
[12:30:59.409458] {mesa egl surface queue}  -> wl_display#1.sync(new id wl_callback#43)
[12:30:59.409528] {Display Queue} wl_display#1.delete_id(43)
[12:30:59.519733] {mesa egl surface queue} wl_callback#43.done(7)
[12:30:59.519755] {mesa egl surface queue} wl_buffer#44.release()
[12:30:59.520719] {Default Queue}  -> xdg_toplevel#30.set_min_size(1400, 948)
[12:30:59.520733] {Default Queue}  -> xdg_toplevel#30.set_max_size(0, 0)
[12:30:59.520735] {Default Queue}  -> xdg_surface#29.set_window_geometry(45, 45, 1400, 948)
[12:30:59.520787] {mesa egl surface queue}  -> wl_surface#14.attach(wl_buffer#44, 0, 0)
[12:30:59.520790] {mesa egl surface queue}  -> wl_surface#14.damage(0, 0, 2147483647, 2147483647)
[12:30:59.520792] {mesa egl surface queue}  -> wl_surface#14.commit()
[12:30:59.520794] {mesa egl surface queue}  -> wl_display#1.sync(new id wl_callback#43)
[12:30:59.520869] {Display Queue} wl_display#1.delete_id(43)
[12:30:59.615993] {mesa egl surface queue} wl_callback#43.done(7)
[12:30:59.616011] {mesa egl surface queue} wl_buffer#40.release()
[12:30:59.616883] {Default Queue}  -> xdg_toplevel#30.set_min_size(1400, 948)
[12:30:59.616895] {Default Queue}  -> xdg_toplevel#30.set_max_size(0, 0)
[12:30:59.616898] {Default Queue}  -> xdg_surface#29.set_window_geometry(45, 45, 1400, 948)
[12:30:59.616953] {mesa egl surface queue}  -> wl_surface#14.attach(wl_buffer#40, 0, 0)
[12:30:59.616963] {mesa egl surface queue}  -> wl_surface#14.damage(0, 0, 2147483647, 2147483647)
[12:30:59.616980] {mesa egl surface queue}  -> wl_surface#14.commit()
[12:30:59.616983] {mesa egl surface queue}  -> wl_display#1.sync(new id wl_callback#43)
[12:30:59.617097] {Display Queue} wl_display#1.delete_id(43)
[12:30:59.648587] {mesa egl surface queue} wl_callback#43.done(7)
[12:30:59.648603] {mesa egl surface queue} wl_buffer#44.release()
[12:30:59.649437] {Default Queue}  -> xdg_toplevel#30.set_min_size(1400, 948)
[12:30:59.649446] {Default Queue}  -> xdg_toplevel#30.set_max_size(0, 0)
[12:30:59.649449] {Default Queue}  -> xdg_surface#29.set_window_geometry(45, 45, 1400, 948)
[12:30:59.649492] {mesa egl surface queue}  -> wl_surface#14.attach(wl_buffer#44, 0, 0)
[12:30:59.649494] {mesa egl surface queue}  -> wl_surface#14.damage(0, 0, 2147483647, 2147483647)
[12:30:59.649496] {mesa egl surface queue}  -> wl_surface#14.commit()
[12:30:59.649498] {mesa egl surface queue}  -> wl_display#1.sync(new id wl_callback#43)
[12:30:59.649626] {Display Queue} wl_display#1.delete_id(43)
[12:30:59.712448] {mesa egl surface queue} wl_callback#43.done(7)
[12:30:59.712464] {mesa egl surface queue} wl_buffer#40.release()
[12:30:59.713339] {Default Queue}  -> xdg_toplevel#30.set_min_size(1400, 948)
[12:30:59.713346] {Default Queue}  -> xdg_toplevel#30.set_max_size(0, 0)
[12:30:59.713348] {Default Queue}  -> xdg_surface#29.set_window_geometry(45, 45, 1400, 948)
[12:30:59.713392] {mesa egl surface queue}  -> wl_surface#14.attach(wl_buffer#40, 0, 0)
[12:30:59.713395] {mesa egl surface queue}  -> wl_surface#14.damage(0, 0, 2147483647, 2147483647)
[12:30:59.713397] {mesa egl surface queue}  -> wl_surface#14.commit()
[12:30:59.713398] {mesa egl surface queue}  -> wl_display#1.sync(new id wl_callback#43)
[12:30:59.713468] {Display Queue} wl_display#1.delete_id(43)
[12:30:59.824916] {mesa egl surface queue} wl_callback#43.done(7)
[12:30:59.824937] {mesa egl surface queue} wl_buffer#44.release()
[12:30:59.825846] {Default Queue}  -> xdg_toplevel#30.set_min_size(1400, 948)
[12:30:59.825853] {Default Queue}  -> xdg_toplevel#30.set_max_size(0, 0)
[12:30:59.825855] {Default Queue}  -> xdg_surface#29.set_window_geometry(45, 45, 1400, 948)
[12:30:59.825899] {mesa egl surface queue}  -> wl_surface#14.attach(wl_buffer#44, 0, 0)
[12:30:59.825901] {mesa egl surface queue}  -> wl_surface#14.damage(0, 0, 2147483647, 2147483647)
[12:30:59.825903] {mesa egl surface queue}  -> wl_surface#14.commit()
[12:30:59.825905] {mesa egl surface queue}  -> wl_display#1.sync(new id wl_callback#43)
[12:30:59.826038] {Display Queue} wl_display#1.delete_id(43)
[12:30:59.905318] {mesa egl surface queue} wl_callback#43.done(7)
[12:30:59.905333] {mesa egl surface queue} wl_buffer#40.release()
[12:30:59.906227] {Default Queue}  -> xdg_toplevel#30.set_min_size(1400, 948)
[12:30:59.906237] {Default Queue}  -> xdg_toplevel#30.set_max_size(0, 0)
[12:30:59.906239] {Default Queue}  -> xdg_surface#29.set_window_geometry(45, 45, 1400, 948)
[12:30:59.906284] {mesa egl surface queue}  -> wl_surface#14.attach(wl_buffer#40, 0, 0)
[12:30:59.906286] {mesa egl surface queue}  -> wl_surface#14.damage(0, 0, 2147483647, 2147483647)
[12:30:59.906288] {mesa egl surface queue}  -> wl_surface#14.commit()
[12:30:59.906290] {mesa egl surface queue}  -> wl_display#1.sync(new id wl_callback#43)
[12:30:59.906354] {Display Queue} wl_display#1.delete_id(43)
[12:30:59.927529] {mesa egl surface queue} wl_callback#43.done(7)
[12:30:59.927544] {mesa egl surface queue} wl_buffer#44.release()
[12:30:59.928404] {Default Queue}  -> xdg_toplevel#30.set_min_size(1400, 948)
[12:30:59.928413] {Default Queue}  -> xdg_toplevel#30.set_max_size(0, 0)
[12:30:59.928415] {Default Queue}  -> xdg_surface#29.set_window_geometry(45, 45, 1400, 948)
[12:30:59.928458] {mesa egl surface queue}  -> wl_surface#14.attach(wl_buffer#44, 0, 0)
[12:30:59.928460] {mesa egl surface queue}  -> wl_surface#14.damage(0, 0, 2147483647, 2147483647)
[12:30:59.928462] {mesa egl surface queue}  -> wl_surface#14.commit()
[12:30:59.928470] {mesa egl surface queue}  -> wl_display#1.sync(new id wl_callback#43)
[12:30:59.928545] {Display Queue} wl_display#1.delete_id(43)
[12:31:00.033936] {mesa egl surface queue} wl_callback#43.done(7)
[12:31:00.033952] {mesa egl surface queue} wl_buffer#40.release()
[12:31:00.034782] {Default Queue}  -> xdg_toplevel#30.set_min_size(1400, 948)
[12:31:00.034790] {Default Queue}  -> xdg_toplevel#30.set_max_size(0, 0)
[12:31:00.034792] {Default Queue}  -> xdg_surface#29.set_window_geometry(45, 45, 1400, 948)
[12:31:00.034837] {mesa egl surface queue}  -> wl_surface#14.attach(wl_buffer#40, 0, 0)
[12:31:00.034840] {mesa egl surface queue}  -> wl_surface#14.damage(0, 0, 2147483647, 2147483647)
[12:31:00.034842] {mesa egl surface queue}  -> wl_surface#14.commit()
[12:31:00.034844] {mesa egl surface queue}  -> wl_display#1.sync(new id wl_callback#43)
[12:31:00.034908] {Display Queue} wl_display#1.delete_id(43)
[12:31:00.130161] {mesa egl surface queue} wl_callback#43.done(7)
[12:31:00.130179] {mesa egl surface queue} wl_buffer#44.release()
[12:31:00.131044] {Default Queue}  -> xdg_toplevel#30.set_min_size(1400, 948)
[12:31:00.131052] {Default Queue}  -> xdg_toplevel#30.set_max_size(0, 0)
[12:31:00.131054] {Default Queue}  -> xdg_surface#29.set_window_geometry(45, 45, 1400, 948)
[12:31:00.131112] {mesa egl surface queue}  -> wl_surface#14.attach(wl_buffer#44, 0, 0)
[12:31:00.131116] {mesa egl surface queue}  -> wl_surface#14.damage(0, 0, 2147483647, 2147483647)
[12:31:00.131118] {mesa egl surface queue}  -> wl_surface#14.commit()
[12:31:00.131120] {mesa egl surface queue}  -> wl_display#1.sync(new id wl_callback#43)
[12:31:00.131185] {Display Queue} wl_display#1.delete_id(43)
[12:31:00.162835] {mesa egl surface queue} wl_callback#43.done(7)
[12:31:00.162850] {mesa egl surface queue} wl_buffer#40.release()
[12:31:00.163672] {Default Queue}  -> xdg_toplevel#30.set_min_size(1400, 948)
[12:31:00.163680] {Default Queue}  -> xdg_toplevel#30.set_max_size(0, 0)
[12:31:00.163683] {Default Queue}  -> xdg_surface#29.set_window_geometry(45, 45, 1400, 948)
[12:31:00.163729] {mesa egl surface queue}  -> wl_surface#14.attach(wl_buffer#40, 0, 0)
[12:31:00.163733] {mesa egl surface queue}  -> wl_surface#14.damage(0, 0, 2147483647, 2147483647)
[12:31:00.163736] {mesa egl surface queue}  -> wl_surface#14.commit()
[12:31:00.163738] {mesa egl surface queue}  -> wl_display#1.sync(new id wl_callback#43)
[12:31:00.163819] {Display Queue} wl_display#1.delete_id(43)
[12:31:00.177788] {mesa egl surface queue} wl_callback#43.done(7)
[12:31:00.177801] {mesa egl surface queue} wl_buffer#44.release()
[12:31:00.178573] {Default Queue}  -> xdg_toplevel#30.set_min_size(1400, 948)
[12:31:00.178581] {Default Queue}  -> xdg_toplevel#30.set_max_size(0, 0)
[12:31:00.178583] {Default Queue}  -> xdg_surface#29.set_window_geometry(45, 45, 1400, 948)
[12:31:00.178620] {mesa egl surface queue}  -> wl_surface#14.attach(wl_buffer#44, 0, 0)
[12:31:00.178623] {mesa egl surface queue}  -> wl_surface#14.damage(0, 0, 2147483647, 2147483647)
[12:31:00.178625] {mesa egl surface queue}  -> wl_surface#14.commit()
[12:31:00.178627] {mesa egl surface queue}  -> wl_display#1.sync(new id wl_callback#43)
[12:31:00.178688] {Display Queue} wl_display#1.delete_id(43)
[12:31:00.194280] {mesa egl surface queue} wl_callback#43.done(7)
[12:31:00.194300] {mesa egl surface queue} wl_buffer#40.release()
[12:31:00.195491] {Default Queue}  -> xdg_toplevel#30.set_min_size(1400, 948)
[12:31:00.195503] {Default Queue}  -> xdg_toplevel#30.set_max_size(0, 0)
[12:31:00.195507] {Default Queue}  -> xdg_surface#29.set_window_geometry(45, 45, 1400, 948)
[12:31:00.195566] {mesa egl surface queue}  -> wl_surface#14.attach(wl_buffer#40, 0, 0)
[12:31:00.195572] {mesa egl surface queue}  -> wl_surface#14.damage(0, 0, 2147483647, 2147483647)
[12:31:00.195576] {mesa egl surface queue}  -> wl_surface#14.commit()
[12:31:00.195579] {mesa egl surface queue}  -> wl_display#1.sync(new id wl_callback#43)
[12:31:00.195647] {Display Queue} wl_display#1.delete_id(43)
[12:31:00.210052] {mesa egl surface queue} wl_callback#43.done(7)
[12:31:00.210070] {mesa egl surface queue} wl_buffer#44.release()
[12:31:00.210815] {Default Queue}  -> xdg_toplevel#30.set_min_size(1400, 948)
[12:31:00.210822] {Default Queue}  -> xdg_toplevel#30.set_max_size(0, 0)
[12:31:00.210824] {Default Queue}  -> xdg_surface#29.set_window_geometry(45, 45, 1400, 948)
[12:31:00.210864] {mesa egl surface queue}  -> wl_surface#14.attach(wl_buffer#44, 0, 0)
[12:31:00.210867] {mesa egl surface queue}  -> wl_surface#14.damage(0, 0, 2147483647, 2147483647)
[12:31:00.210869] {mesa egl surface queue}  -> wl_surface#14.commit()
[12:31:00.210871] {mesa egl surface queue}  -> wl_display#1.sync(new id wl_callback#43)
[12:31:00.210925] {Display Queue} wl_display#1.delete_id(43)
[12:31:00.227108] {mesa egl surface queue} wl_callback#43.done(7)
[12:31:00.227117] {mesa egl surface queue} wl_buffer#40.release()
[12:31:00.227835] {Default Queue}  -> xdg_toplevel#30.set_min_size(1400, 948)
[12:31:00.227841] {Default Queue}  -> xdg_toplevel#30.set_max_size(0, 0)
[12:31:00.227843] {Default Queue}  -> xdg_surface#29.set_window_geometry(45, 45, 1400, 948)
[12:31:00.227880] {mesa egl surface queue}  -> wl_surface#14.attach(wl_buffer#40, 0, 0)
[12:31:00.227882] {mesa egl surface queue}  -> wl_surface#14.damage(0, 0, 2147483647, 2147483647)
[12:31:00.227884] {mesa egl surface queue}  -> wl_surface#14.commit()
[12:31:00.227886] {mesa egl surface queue}  -> wl_display#1.sync(new id wl_callback#43)
[12:31:00.227947] {Display Queue} wl_display#1.delete_id(43)
[12:31:00.244296] {mesa egl surface queue} wl_callback#43.done(7)
[12:31:00.244312] {mesa egl surface queue} wl_buffer#44.release()
[12:31:00.245111] {Default Queue}  -> xdg_toplevel#30.set_min_size(1400, 948)
[12:31:00.245118] {Default Queue}  -> xdg_toplevel#30.set_max_size(0, 0)
[12:31:00.245120] {Default Queue}  -> xdg_surface#29.set_window_geometry(45, 45, 1400, 948)
[12:31:00.245161] {mesa egl surface queue}  -> wl_surface#14.attach(wl_buffer#44, 0, 0)
[12:31:00.245164] {mesa egl surface queue}  -> wl_surface#14.damage(0, 0, 2147483647, 2147483647)
[12:31:00.245166] {mesa egl surface queue}  -> wl_surface#14.commit()
[12:31:00.245168] {mesa egl surface queue}  -> wl_display#1.sync(new id wl_callback#43)
[12:31:00.245249] {Display Queue} wl_display#1.delete_id(43)
[12:31:00.260361] {mesa egl surface queue} wl_callback#43.done(7)
[12:31:00.260374] {mesa egl surface queue} wl_buffer#40.release()
[12:31:00.261134] {Default Queue}  -> xdg_toplevel#30.set_min_size(1400, 948)
[12:31:00.261145] {Default Queue}  -> xdg_toplevel#30.set_max_size(0, 0)
[12:31:00.261148] {Default Queue}  -> xdg_surface#29.set_window_geometry(45, 45, 1400, 948)
[12:31:00.261188] {mesa egl surface queue}  -> wl_surface#14.attach(wl_buffer#40, 0, 0)
[12:31:00.261191] {mesa egl surface queue}  -> wl_surface#14.damage(0, 0, 2147483647, 2147483647)
[12:31:00.261193] {mesa egl surface queue}  -> wl_surface#14.commit()
[12:31:00.261194] {mesa egl surface queue}  -> wl_display#1.sync(new id wl_callback#43)
[12:31:00.261250] {Display Queue} wl_display#1.delete_id(43)
[12:31:00.277454] {mesa egl surface queue} wl_callback#43.done(7)
[12:31:00.277467] {mesa egl surface queue} wl_buffer#44.release()
[12:31:00.278231] {Default Queue}  -> xdg_toplevel#30.set_min_size(1400, 948)
[12:31:00.278238] {Default Queue}  -> xdg_toplevel#30.set_max_size(0, 0)
[12:31:00.278240] {Default Queue}  -> xdg_surface#29.set_window_geometry(45, 45, 1400, 948)
[12:31:00.278280] {mesa egl surface queue}  -> wl_surface#14.attach(wl_buffer#44, 0, 0)
[12:31:00.278283] {mesa egl surface queue}  -> wl_surface#14.damage(0, 0, 2147483647, 2147483647)
[12:31:00.278285] {mesa egl surface queue}  -> wl_surface#14.commit()
[12:31:00.278287] {mesa egl surface queue}  -> wl_display#1.sync(new id wl_callback#43)
[12:31:00.278344] {Display Queue} wl_display#1.delete_id(43)
[12:31:00.293719] {mesa egl surface queue} wl_callback#43.done(7)
[12:31:00.293735] {mesa egl surface queue} wl_buffer#40.release()
[12:31:00.294599] {Default Queue}  -> xdg_toplevel#30.set_min_size(1400, 948)
[12:31:00.294613] {Default Queue}  -> xdg_toplevel#30.set_max_size(0, 0)
[12:31:00.294621] {Default Queue}  -> xdg_surface#29.set_window_geometry(45, 45, 1400, 948)
[12:31:00.294666] {mesa egl surface queue}  -> wl_surface#14.attach(wl_buffer#40, 0, 0)
[12:31:00.294669] {mesa egl surface queue}  -> wl_surface#14.damage(0, 0, 2147483647, 2147483647)
[12:31:00.294671] {mesa egl surface queue}  -> wl_surface#14.commit()
[12:31:00.294673] {mesa egl surface queue}  -> wl_display#1.sync(new id wl_callback#43)
[12:31:00.294775] {Display Queue} wl_display#1.delete_id(43)
[12:31:00.310577] {mesa egl surface queue} wl_callback#43.done(7)
[12:31:00.310592] {mesa egl surface queue} wl_buffer#44.release()
[12:31:00.311401] {Default Queue}  -> xdg_toplevel#30.set_min_size(1400, 948)
[12:31:00.311410] {Default Queue}  -> xdg_toplevel#30.set_max_size(0, 0)
[12:31:00.311413] {Default Queue}  -> xdg_surface#29.set_window_geometry(45, 45, 1400, 948)
[12:31:00.311465] {mesa egl surface queue}  -> wl_surface#14.attach(wl_buffer#44, 0, 0)
[12:31:00.311474] {mesa egl surface queue}  -> wl_surface#14.damage(0, 0, 2147483647, 2147483647)
[12:31:00.311478] {mesa egl surface queue}  -> wl_surface#14.commit()
[12:31:00.311483] {mesa egl surface queue}  -> wl_display#1.sync(new id wl_callback#43)
[12:31:00.311610] {Display Queue} wl_display#1.delete_id(43)
[12:31:00.326821] {mesa egl surface queue} wl_callback#43.done(7)
[12:31:00.326836] {mesa egl surface queue} wl_buffer#40.release()
[12:31:00.327618] {Default Queue}  -> xdg_toplevel#30.set_min_size(1400, 948)
[12:31:00.327625] {Default Queue}  -> xdg_toplevel#30.set_max_size(0, 0)
[12:31:00.327627] {Default Queue}  -> xdg_surface#29.set_window_geometry(45, 45, 1400, 948)
[12:31:00.327665] {mesa egl surface queue}  -> wl_surface#14.attach(wl_buffer#40, 0, 0)
[12:31:00.327668] {mesa egl surface queue}  -> wl_surface#14.damage(0, 0, 2147483647, 2147483647)
[12:31:00.327670] {mesa egl surface queue}  -> wl_surface#14.commit()
[12:31:00.327672] {mesa egl surface queue}  -> wl_display#1.sync(new id wl_callback#43)
[12:31:00.327726] {Display Queue} wl_display#1.delete_id(43)
[12:31:00.343880] {mesa egl surface queue} wl_callback#43.done(7)
[12:31:00.343895] {mesa egl surface queue} wl_buffer#44.release()
[12:31:00.344820] {Default Queue}  -> xdg_toplevel#30.set_min_size(1400, 948)
[12:31:00.344831] {Default Queue}  -> xdg_toplevel#30.set_max_size(0, 0)
[12:31:00.344834] {Default Queue}  -> xdg_surface#29.set_window_geometry(45, 45, 1400, 948)
[12:31:00.344879] {mesa egl surface queue}  -> wl_surface#14.attach(wl_buffer#44, 0, 0)
[12:31:00.344882] {mesa egl surface queue}  -> wl_surface#14.damage(0, 0, 2147483647, 2147483647)
[12:31:00.344884] {mesa egl surface queue}  -> wl_surface#14.commit()
[12:31:00.344886] {mesa egl surface queue}  -> wl_display#1.sync(new id wl_callback#43)
[12:31:00.344974] {Display Queue} wl_display#1.delete_id(43)
[12:31:00.360964] {mesa egl surface queue} wl_callback#43.done(7)
[12:31:00.360976] {mesa egl surface queue} wl_buffer#40.release()
[12:31:00.361674] {Default Queue}  -> xdg_toplevel#30.set_min_size(1400, 948)
[12:31:00.361680] {Default Queue}  -> xdg_toplevel#30.set_max_size(0, 0)
[12:31:00.361682] {Default Queue}  -> xdg_surface#29.set_window_geometry(45, 45, 1400, 948)
[12:31:00.361724] {mesa egl surface queue}  -> wl_surface#14.attach(wl_buffer#40, 0, 0)
[12:31:00.361727] {mesa egl surface queue}  -> wl_surface#14.damage(0, 0, 2147483647, 2147483647)
[12:31:00.361729] {mesa egl surface queue}  -> wl_surface#14.commit()
[12:31:00.361731] {mesa egl surface queue}  -> wl_display#1.sync(new id wl_callback#43)
[12:31:00.361837] {Display Queue} wl_display#1.delete_id(43)
[12:31:00.376974] {mesa egl surface queue} wl_callback#43.done(7)
[12:31:00.376989] {mesa egl surface queue} wl_buffer#44.release()
[12:31:00.377904] {Default Queue}  -> xdg_toplevel#30.set_min_size(1400, 948)
[12:31:00.377912] {Default Queue}  -> xdg_toplevel#30.set_max_size(0, 0)
[12:31:00.377915] {Default Queue}  -> xdg_surface#29.set_window_geometry(45, 45, 1400, 948)
[12:31:00.377957] {mesa egl surface queue}  -> wl_surface#14.attach(wl_buffer#44, 0, 0)
[12:31:00.377964] {mesa egl surface queue}  -> wl_surface#14.damage(0, 0, 2147483647, 2147483647)
[12:31:00.377972] {mesa egl surface queue}  -> wl_surface#14.commit()
[12:31:00.377974] {mesa egl surface queue}  -> wl_display#1.sync(new id wl_callback#43)
[12:31:00.378030] {Display Queue} wl_display#1.delete_id(43)
[12:31:00.394103] {mesa egl surface queue} wl_callback#43.done(7)
[12:31:00.394119] {mesa egl surface queue} wl_buffer#40.release()
[12:31:00.394951] {Default Queue}  -> xdg_toplevel#30.set_min_size(1400, 948)
[12:31:00.394959] {Default Queue}  -> xdg_toplevel#30.set_max_size(0, 0)
[12:31:00.394961] {Default Queue}  -> xdg_surface#29.set_window_geometry(45, 45, 1400, 948)
[12:31:00.395011] {mesa egl surface queue}  -> wl_surface#14.attach(wl_buffer#40, 0, 0)
[12:31:00.395015] {mesa egl surface queue}  -> wl_surface#14.damage(0, 0, 2147483647, 2147483647)
[12:31:00.395017] {mesa egl surface queue}  -> wl_surface#14.commit()
[12:31:00.395018] {mesa egl surface queue}  -> wl_display#1.sync(new id wl_callback#43)
[12:31:00.395078] {Display Queue} wl_display#1.delete_id(43)
[12:31:00.419639] {mesa egl surface queue} wl_callback#43.done(7)
[12:31:00.419653] {mesa egl surface queue} wl_buffer#44.release()
[12:31:00.420459] {Default Queue}  -> xdg_toplevel#30.set_min_size(1400, 948)
[12:31:00.420469] {Default Queue}  -> xdg_toplevel#30.set_max_size(0, 0)
[12:31:00.420471] {Default Queue}  -> xdg_surface#29.set_window_geometry(45, 45, 1400, 948)
[12:31:00.420515] {mesa egl surface queue}  -> wl_surface#14.attach(wl_buffer#44, 0, 0)
[12:31:00.420518] {mesa egl surface queue}  -> wl_surface#14.damage(0, 0, 2147483647, 2147483647)
[12:31:00.420520] {mesa egl surface queue}  -> wl_surface#14.commit()
[12:31:00.420522] {mesa egl surface queue}  -> wl_display#1.sync(new id wl_callback#43)
[12:31:00.420596] {Display Queue} wl_display#1.delete_id(43)
[12:31:00.444200] {mesa egl surface queue} wl_callback#43.done(7)
[12:31:00.444216] {mesa egl surface queue} wl_buffer#40.release()
[12:31:00.445031] {Default Queue}  -> xdg_toplevel#30.set_min_size(1400, 948)
[12:31:00.445039] {Default Queue}  -> xdg_toplevel#30.set_max_size(0, 0)
[12:31:00.445041] {Default Queue}  -> xdg_surface#29.set_window_geometry(45, 45, 1400, 948)
[12:31:00.445084] {mesa egl surface queue}  -> wl_surface#14.attach(wl_buffer#40, 0, 0)
[12:31:00.445087] {mesa egl surface queue}  -> wl_surface#14.damage(0, 0, 2147483647, 2147483647)
[12:31:00.445089] {mesa egl surface queue}  -> wl_surface#14.commit()
[12:31:00.445090] {mesa egl surface queue}  -> wl_display#1.sync(new id wl_callback#43)
[12:31:00.445152] {Display Queue} wl_display#1.delete_id(43)
[12:31:00.460228] {mesa egl surface queue} wl_callback#43.done(7)
[12:31:00.460243] {mesa egl surface queue} wl_buffer#44.release()
[12:31:00.461010] {Default Queue}  -> xdg_toplevel#30.set_min_size(1400, 948)
[12:31:00.461017] {Default Queue}  -> xdg_toplevel#30.set_max_size(0, 0)
[12:31:00.461019] {Default Queue}  -> xdg_surface#29.set_window_geometry(45, 45, 1400, 948)
[12:31:00.461060] {mesa egl surface queue}  -> wl_surface#14.attach(wl_buffer#44, 0, 0)
[12:31:00.461063] {mesa egl surface queue}  -> wl_surface#14.damage(0, 0, 2147483647, 2147483647)
[12:31:00.461065] {mesa egl surface queue}  -> wl_surface#14.commit()
[12:31:00.461066] {mesa egl surface queue}  -> wl_display#1.sync(new id wl_callback#43)
[12:31:00.461119] {Display Queue} wl_display#1.delete_id(43)
[12:31:00.477517] {mesa egl surface queue} wl_callback#43.done(7)
[12:31:00.477532] {mesa egl surface queue} wl_buffer#40.release()
[12:31:00.478347] {Default Queue}  -> xdg_toplevel#30.set_min_size(1400, 948)
[12:31:00.478355] {Default Queue}  -> xdg_toplevel#30.set_max_size(0, 0)
[12:31:00.478357] {Default Queue}  -> xdg_surface#29.set_window_geometry(45, 45, 1400, 948)
[12:31:00.478403] {mesa egl surface queue}  -> wl_surface#14.attach(wl_buffer#40, 0, 0)
[12:31:00.478406] {mesa egl surface queue}  -> wl_surface#14.damage(0, 0, 2147483647, 2147483647)
[12:31:00.478407] {mesa egl surface queue}  -> wl_surface#14.commit()
[12:31:00.478414] {mesa egl surface queue}  -> wl_display#1.sync(new id wl_callback#43)
[12:31:00.478494] {Display Queue} wl_display#1.delete_id(43)
[12:31:00.493760] {mesa egl surface queue} wl_callback#43.done(7)
[12:31:00.493776] {mesa egl surface queue} wl_buffer#44.release()
[12:31:00.494700] {Default Queue}  -> xdg_toplevel#30.set_min_size(1400, 948)
[12:31:00.494709] {Default Queue}  -> xdg_toplevel#30.set_max_size(0, 0)
[12:31:00.494711] {Default Queue}  -> xdg_surface#29.set_window_geometry(45, 45, 1400, 948)
[12:31:00.494772] {mesa egl surface queue}  -> wl_surface#14.attach(wl_buffer#44, 0, 0)
[12:31:00.494775] {mesa egl surface queue}  -> wl_surface#14.damage(0, 0, 2147483647, 2147483647)
[12:31:00.494777] {mesa egl surface queue}  -> wl_surface#14.commit()
[12:31:00.494779] {mesa egl surface queue}  -> wl_display#1.sync(new id wl_callback#43)
[12:31:00.494848] {Display Queue} wl_display#1.delete_id(43)
[12:31:00.510844] {mesa egl surface queue} wl_callback#43.done(7)
[12:31:00.510856] {mesa egl surface queue} wl_buffer#40.release()
[12:31:00.511707] {Default Queue}  -> xdg_toplevel#30.set_min_size(1400, 948)
[12:31:00.511715] {Default Queue}  -> xdg_toplevel#30.set_max_size(0, 0)
[12:31:00.511717] {Default Queue}  -> xdg_surface#29.set_window_geometry(45, 45, 1400, 948)
[12:31:00.511765] {mesa egl surface queue}  -> wl_surface#14.attach(wl_buffer#40, 0, 0)
[12:31:00.511768] {mesa egl surface queue}  -> wl_surface#14.damage(0, 0, 2147483647, 2147483647)
[12:31:00.511770] {mesa egl surface queue}  -> wl_surface#14.commit()
[12:31:00.511772] {mesa egl surface queue}  -> wl_display#1.sync(new id wl_callback#43)
[12:31:00.511837] {Display Queue} wl_display#1.delete_id(43)
[12:31:00.527611] {mesa egl surface queue} wl_callback#43.done(7)
[12:31:00.527618] {mesa egl surface queue} wl_buffer#44.release()
[12:31:00.528289] {Default Queue}  -> xdg_toplevel#30.set_min_size(1400, 948)
[12:31:00.528295] {Default Queue}  -> xdg_toplevel#30.set_max_size(0, 0)
[12:31:00.528297] {Default Queue}  -> xdg_surface#29.set_window_geometry(45, 45, 1400, 948)
[12:31:00.528335] {mesa egl surface queue}  -> wl_surface#14.attach(wl_buffer#44, 0, 0)
[12:31:00.528338] {mesa egl surface queue}  -> wl_surface#14.damage(0, 0, 2147483647, 2147483647)
[12:31:00.528340] {mesa egl surface queue}  -> wl_surface#14.commit()
[12:31:00.528341] {mesa egl surface queue}  -> wl_display#1.sync(new id wl_callback#43)
[12:31:00.528432] {Display Queue} wl_display#1.delete_id(43)
[12:31:00.543785] {mesa egl surface queue} wl_callback#43.done(7)
[12:31:00.543794] {mesa egl surface queue} wl_buffer#40.release()
[12:31:00.544504] {Default Queue}  -> xdg_toplevel#30.set_min_size(1400, 948)
[12:31:00.544509] {Default Queue}  -> xdg_toplevel#30.set_max_size(0, 0)
[12:31:00.544511] {Default Queue}  -> xdg_surface#29.set_window_geometry(45, 45, 1400, 948)
[12:31:00.544551] {mesa egl surface queue}  -> wl_surface#14.attach(wl_buffer#40, 0, 0)
[12:31:00.544554] {mesa egl surface queue}  -> wl_surface#14.damage(0, 0, 2147483647, 2147483647)
[12:31:00.544556] {mesa egl surface queue}  -> wl_surface#14.commit()
[12:31:00.544558] {mesa egl surface queue}  -> wl_display#1.sync(new id wl_callback#43)
[12:31:00.544611] {Display Queue} wl_display#1.delete_id(43)
[12:31:00.560878] {mesa egl surface queue} wl_callback#43.done(7)
[12:31:00.560893] {mesa egl surface queue} wl_buffer#44.release()
[12:31:00.561687] {Default Queue}  -> xdg_toplevel#30.set_min_size(1400, 948)
[12:31:00.561694] {Default Queue}  -> xdg_toplevel#30.set_max_size(0, 0)
[12:31:00.561696] {Default Queue}  -> xdg_surface#29.set_window_geometry(45, 45, 1400, 948)
[12:31:00.561760] {mesa egl surface queue}  -> wl_surface#14.attach(wl_buffer#44, 0, 0)
[12:31:00.561769] {mesa egl surface queue}  -> wl_surface#14.damage(0, 0, 2147483647, 2147483647)
[12:31:00.561772] {mesa egl surface queue}  -> wl_surface#14.commit()
[12:31:00.561774] {mesa egl surface queue}  -> wl_display#1.sync(new id wl_callback#43)
[12:31:00.561829] {Display Queue} wl_display#1.delete_id(43)
[12:31:00.576828] {mesa egl surface queue} wl_callback#43.done(7)
[12:31:00.576844] {mesa egl surface queue} wl_buffer#40.release()
[12:31:00.577550] {Default Queue}  -> xdg_toplevel#30.set_min_size(1400, 948)
[12:31:00.577556] {Default Queue}  -> xdg_toplevel#30.set_max_size(0, 0)
[12:31:00.577558] {Default Queue}  -> xdg_surface#29.set_window_geometry(45, 45, 1400, 948)
[12:31:00.577600] {mesa egl surface queue}  -> wl_surface#14.attach(wl_buffer#40, 0, 0)
[12:31:00.577607] {mesa egl surface queue}  -> wl_surface#14.damage(0, 0, 2147483647, 2147483647)
[12:31:00.577609] {mesa egl surface queue}  -> wl_surface#14.commit()
[12:31:00.577611] {mesa egl surface queue}  -> wl_display#1.sync(new id wl_callback#43)
[12:31:00.577694] {Display Queue} wl_display#1.delete_id(43)
[12:31:00.593460] {mesa egl surface queue} wl_callback#43.done(7)
[12:31:00.593475] {mesa egl surface queue} wl_buffer#44.release()
[12:31:00.594339] {Default Queue}  -> xdg_toplevel#30.set_min_size(1400, 948)
[12:31:00.594352] {Default Queue}  -> xdg_toplevel#30.set_max_size(0, 0)
[12:31:00.594354] {Default Queue}  -> xdg_surface#29.set_window_geometry(45, 45, 1400, 948)
[12:31:00.594403] {mesa egl surface queue}  -> wl_surface#14.attach(wl_buffer#44, 0, 0)
[12:31:00.594406] {mesa egl surface queue}  -> wl_surface#14.damage(0, 0, 2147483647, 2147483647)
[12:31:00.594409] {mesa egl surface queue}  -> wl_surface#14.commit()
[12:31:00.594411] {mesa egl surface queue}  -> wl_display#1.sync(new id wl_callback#43)
[12:31:00.594478] {Display Queue} wl_display#1.delete_id(43)
[12:31:00.610336] {mesa egl surface queue} wl_callback#43.done(7)
[12:31:00.610349] {mesa egl surface queue} wl_buffer#40.release()
[12:31:00.611162] {Default Queue}  -> xdg_toplevel#30.set_min_size(1400, 948)
[12:31:00.611170] {Default Queue}  -> xdg_toplevel#30.set_max_size(0, 0)
[12:31:00.611172] {Default Queue}  -> xdg_surface#29.set_window_geometry(45, 45, 1400, 948)
[12:31:00.611221] {mesa egl surface queue}  -> wl_surface#14.attach(wl_buffer#40, 0, 0)
[12:31:00.611223] {mesa egl surface queue}  -> wl_surface#14.damage(0, 0, 2147483647, 2147483647)
[12:31:00.611225] {mesa egl surface queue}  -> wl_surface#14.commit()
[12:31:00.611227] {mesa egl surface queue}  -> wl_display#1.sync(new id wl_callback#43)
[12:31:00.611324] {Display Queue} wl_display#1.delete_id(43)
[12:31:00.626863] {mesa egl surface queue} wl_callback#43.done(7)
[12:31:00.626882] {mesa egl surface queue} wl_buffer#44.release()
[12:31:00.627713] {Default Queue}  -> xdg_toplevel#30.set_min_size(1400, 948)
[12:31:00.627721] {Default Queue}  -> xdg_toplevel#30.set_max_size(0, 0)
[12:31:00.627723] {Default Queue}  -> xdg_surface#29.set_window_geometry(45, 45, 1400, 948)
[12:31:00.627768] {mesa egl surface queue}  -> wl_surface#14.attach(wl_buffer#44, 0, 0)
[12:31:00.627771] {mesa egl surface queue}  -> wl_surface#14.damage(0, 0, 2147483647, 2147483647)
[12:31:00.627773] {mesa egl surface queue}  -> wl_surface#14.commit()
[12:31:00.627775] {mesa egl surface queue}  -> wl_display#1.sync(new id wl_callback#43)
[12:31:00.627833] {Display Queue} wl_display#1.delete_id(43)
[12:31:00.643367] {mesa egl surface queue} wl_callback#43.done(7)
[12:31:00.643381] {mesa egl surface queue} wl_buffer#40.release()
[12:31:00.644168] {Default Queue}  -> xdg_toplevel#30.set_min_size(1400, 948)
[12:31:00.644178] {Default Queue}  -> xdg_toplevel#30.set_max_size(0, 0)
[12:31:00.644181] {Default Queue}  -> xdg_surface#29.set_window_geometry(45, 45, 1400, 948)
[12:31:00.644229] {mesa egl surface queue}  -> wl_surface#14.attach(wl_buffer#40, 0, 0)
[12:31:00.644234] {mesa egl surface queue}  -> wl_surface#14.damage(0, 0, 2147483647, 2147483647)
[12:31:00.644237] {mesa egl surface queue}  -> wl_surface#14.commit()
[12:31:00.644240] {mesa egl surface queue}  -> wl_display#1.sync(new id wl_callback#43)
[12:31:00.644307] {Display Queue} wl_display#1.delete_id(43)
[12:31:00.660046] {mesa egl surface queue} wl_callback#43.done(7)
[12:31:00.660060] {mesa egl surface queue} wl_buffer#44.release()
[12:31:00.660835] {Default Queue}  -> xdg_toplevel#30.set_min_size(1400, 948)
[12:31:00.660849] {Default Queue}  -> xdg_toplevel#30.set_max_size(0, 0)
[12:31:00.660860] {Default Queue}  -> xdg_surface#29.set_window_geometry(45, 45, 1400, 948)
[12:31:00.660910] {mesa egl surface queue}  -> wl_surface#14.attach(wl_buffer#44, 0, 0)
[12:31:00.660915] {mesa egl surface queue}  -> wl_surface#14.damage(0, 0, 2147483647, 2147483647)
[12:31:00.660918] {mesa egl surface queue}  -> wl_surface#14.commit()
[12:31:00.660921] {mesa egl surface queue}  -> wl_display#1.sync(new id wl_callback#43)
[12:31:00.660989] {Display Queue} wl_display#1.delete_id(43)
[12:31:00.677590] {mesa egl surface queue} wl_callback#43.done(7)
[12:31:00.677602] {mesa egl surface queue} wl_buffer#40.release()
[12:31:00.678362] {Default Queue}  -> xdg_toplevel#30.set_min_size(1400, 948)
[12:31:00.678368] {Default Queue}  -> xdg_toplevel#30.set_max_size(0, 0)
[12:31:00.678371] {Default Queue}  -> xdg_surface#29.set_window_geometry(45, 45, 1400, 948)
[12:31:00.678419] {mesa egl surface queue}  -> wl_surface#14.attach(wl_buffer#40, 0, 0)
[12:31:00.678422] {mesa egl surface queue}  -> wl_surface#14.damage(0, 0, 2147483647, 2147483647)
[12:31:00.678425] {mesa egl surface queue}  -> wl_surface#14.commit()
[12:31:00.678427] {mesa egl surface queue}  -> wl_display#1.sync(new id wl_callback#43)
[12:31:00.678531] {Display Queue} wl_display#1.delete_id(43)
[12:31:00.694286] {mesa egl surface queue} wl_callback#43.done(7)
[12:31:00.694301] {mesa egl surface queue} wl_buffer#44.release()
[12:31:00.695292] {Default Queue}  -> xdg_toplevel#30.set_min_size(1400, 948)
[12:31:00.695302] {Default Queue}  -> xdg_toplevel#30.set_max_size(0, 0)
[12:31:00.695304] {Default Queue}  -> xdg_surface#29.set_window_geometry(45, 45, 1400, 948)
[12:31:00.695354] {mesa egl surface queue}  -> wl_surface#14.attach(wl_buffer#44, 0, 0)
[12:31:00.695357] {mesa egl surface queue}  -> wl_surface#14.damage(0, 0, 2147483647, 2147483647)
[12:31:00.695359] {mesa egl surface queue}  -> wl_surface#14.commit()
[12:31:00.695361] {mesa egl surface queue}  -> wl_display#1.sync(new id wl_callback#43)
[12:31:00.695433] {Display Queue} wl_display#1.delete_id(43)
[12:31:00.710961] {mesa egl surface queue} wl_callback#43.done(7)
[12:31:00.710979] {mesa egl surface queue} wl_buffer#40.release()
[12:31:00.711831] {Default Queue}  -> xdg_toplevel#30.set_min_size(1400, 948)
[12:31:00.711840] {Default Queue}  -> xdg_toplevel#30.set_max_size(0, 0)
[12:31:00.711842] {Default Queue}  -> xdg_surface#29.set_window_geometry(45, 45, 1400, 948)
[12:31:00.711893] {mesa egl surface queue}  -> wl_surface#14.attach(wl_buffer#40, 0, 0)
[12:31:00.711896] {mesa egl surface queue}  -> wl_surface#14.damage(0, 0, 2147483647, 2147483647)
[12:31:00.711898] {mesa egl surface queue}  -> wl_surface#14.commit()
[12:31:00.711900] {mesa egl surface queue}  -> wl_display#1.sync(new id wl_callback#43)
[12:31:00.711997] {Display Queue} wl_display#1.delete_id(43)
[12:31:00.727658] {mesa egl surface queue} wl_callback#43.done(7)
[12:31:00.727669] {mesa egl surface queue} wl_buffer#44.release()
[12:31:00.728373] {Default Queue}  -> xdg_toplevel#30.set_min_size(1400, 948)
[12:31:00.728379] {Default Queue}  -> xdg_toplevel#30.set_max_size(0, 0)
[12:31:00.728381] {Default Queue}  -> xdg_surface#29.set_window_geometry(45, 45, 1400, 948)
[12:31:00.728419] {mesa egl surface queue}  -> wl_surface#14.attach(wl_buffer#44, 0, 0)
[12:31:00.728421] {mesa egl surface queue}  -> wl_surface#14.damage(0, 0, 2147483647, 2147483647)
[12:31:00.728423] {mesa egl surface queue}  -> wl_surface#14.commit()
[12:31:00.728425] {mesa egl surface queue}  -> wl_display#1.sync(new id wl_callback#43)
[12:31:00.728483] {Display Queue} wl_display#1.delete_id(43)
[12:31:00.744017] {mesa egl surface queue} wl_callback#43.done(7)
[12:31:00.744021] {mesa egl surface queue} wl_buffer#40.release()
[12:31:00.744651] {Default Queue}  -> xdg_toplevel#30.set_min_size(1400, 948)
[12:31:00.744656] {Default Queue}  -> xdg_toplevel#30.set_max_size(0, 0)
[12:31:00.744658] {Default Queue}  -> xdg_surface#29.set_window_geometry(45, 45, 1400, 948)
[12:31:00.744694] {mesa egl surface queue}  -> wl_surface#14.attach(wl_buffer#40, 0, 0)
[12:31:00.744701] {mesa egl surface queue}  -> wl_surface#14.damage(0, 0, 2147483647, 2147483647)
[12:31:00.744707] {mesa egl surface queue}  -> wl_surface#14.commit()
[12:31:00.744709] {mesa egl surface queue}  -> wl_display#1.sync(new id wl_callback#43)
[12:31:00.744800] {Display Queue} wl_display#1.delete_id(43)
[12:31:00.760355] {mesa egl surface queue} wl_callback#43.done(7)
[12:31:00.760362] {mesa egl surface queue} wl_buffer#44.release()
[12:31:00.761036] {Default Queue}  -> xdg_toplevel#30.set_min_size(1400, 948)
[12:31:00.761043] {Default Queue}  -> xdg_toplevel#30.set_max_size(0, 0)
[12:31:00.761044] {Default Queue}  -> xdg_surface#29.set_window_geometry(45, 45, 1400, 948)
[12:31:00.761078] {mesa egl surface queue}  -> wl_surface#14.attach(wl_buffer#44, 0, 0)
[12:31:00.761080] {mesa egl surface queue}  -> wl_surface#14.damage(0, 0, 2147483647, 2147483647)
[12:31:00.761082] {mesa egl surface queue}  -> wl_surface#14.commit()
[12:31:00.761084] {mesa egl surface queue}  -> wl_display#1.sync(new id wl_callback#43)
[12:31:00.761135] {Display Queue} wl_display#1.delete_id(43)
[12:31:00.776867] {mesa egl surface queue} wl_callback#43.done(7)
[12:31:00.776878] {mesa egl surface queue} wl_buffer#40.release()
[12:31:00.777561] {Default Queue}  -> xdg_toplevel#30.set_min_size(1400, 948)
[12:31:00.777567] {Default Queue}  -> xdg_toplevel#30.set_max_size(0, 0)
[12:31:00.777569] {Default Queue}  -> xdg_surface#29.set_window_geometry(45, 45, 1400, 948)
[12:31:00.777604] {mesa egl surface queue}  -> wl_surface#14.attach(wl_buffer#40, 0, 0)
[12:31:00.777607] {mesa egl surface queue}  -> wl_surface#14.damage(0, 0, 2147483647, 2147483647)
[12:31:00.777608] {mesa egl surface queue}  -> wl_surface#14.commit()
[12:31:00.777610] {mesa egl surface queue}  -> wl_display#1.sync(new id wl_callback#43)
[12:31:00.777695] {Display Queue} wl_display#1.delete_id(43)
[12:31:00.794291] {mesa egl surface queue} wl_callback#43.done(7)
[12:31:00.794307] {mesa egl surface queue} wl_buffer#44.release()
[12:31:00.795165] {Default Queue}  -> xdg_toplevel#30.set_min_size(1400, 948)
[12:31:00.795172] {Default Queue}  -> xdg_toplevel#30.set_max_size(0, 0)
[12:31:00.795175] {Default Queue}  -> xdg_surface#29.set_window_geometry(45, 45, 1400, 948)
[12:31:00.795224] {mesa egl surface queue}  -> wl_surface#14.attach(wl_buffer#44, 0, 0)
[12:31:00.795227] {mesa egl surface queue}  -> wl_surface#14.damage(0, 0, 2147483647, 2147483647)
[12:31:00.795230] {mesa egl surface queue}  -> wl_surface#14.commit()
[12:31:00.795231] {mesa egl surface queue}  -> wl_display#1.sync(new id wl_callback#43)
[12:31:00.795293] {Display Queue} wl_display#1.delete_id(43)
[12:31:00.810875] {mesa egl surface queue} wl_callback#43.done(7)
[12:31:00.810886] {mesa egl surface queue} wl_buffer#40.release()
[12:31:00.811698] {Default Queue}  -> xdg_toplevel#30.set_min_size(1400, 948)
[12:31:00.811704] {Default Queue}  -> xdg_toplevel#30.set_max_size(0, 0)
[12:31:00.811706] {Default Queue}  -> xdg_surface#29.set_window_geometry(45, 45, 1400, 948)
[12:31:00.811757] {mesa egl surface queue}  -> wl_surface#14.attach(wl_buffer#40, 0, 0)
[12:31:00.811760] {mesa egl surface queue}  -> wl_surface#14.damage(0, 0, 2147483647, 2147483647)
[12:31:00.811762] {mesa egl surface queue}  -> wl_surface#14.commit()
[12:31:00.811764] {mesa egl surface queue}  -> wl_display#1.sync(new id wl_callback#43)
[12:31:00.811829] {Display Queue} wl_display#1.delete_id(43)
[12:31:00.827438] {mesa egl surface queue} wl_callback#43.done(7)
[12:31:00.827446] {mesa egl surface queue} wl_buffer#44.release()
[12:31:00.828105] {Default Queue}  -> xdg_toplevel#30.set_min_size(1400, 948)
[12:31:00.828113] {Default Queue}  -> xdg_toplevel#30.set_max_size(0, 0)
[12:31:00.828115] {Default Queue}  -> xdg_surface#29.set_window_geometry(45, 45, 1400, 948)
[12:31:00.828152] {mesa egl surface queue}  -> wl_surface#14.attach(wl_buffer#44, 0, 0)
[12:31:00.828155] {mesa egl surface queue}  -> wl_surface#14.damage(0, 0, 2147483647, 2147483647)
[12:31:00.828157] {mesa egl surface queue}  -> wl_surface#14.commit()
[12:31:00.828164] {mesa egl surface queue}  -> wl_display#1.sync(new id wl_callback#43)
[12:31:00.828223] {Display Queue} wl_display#1.delete_id(43)
[12:31:00.843759] {mesa egl surface queue} wl_callback#43.done(7)
[12:31:00.843765] {mesa egl surface queue} wl_buffer#40.release()
[12:31:00.844527] {Default Queue}  -> xdg_toplevel#30.set_min_size(1400, 948)
[12:31:00.844536] {Default Queue}  -> xdg_toplevel#30.set_max_size(0, 0)
[12:31:00.844539] {Default Queue}  -> xdg_surface#29.set_window_geometry(45, 45, 1400, 948)
[12:31:00.844576] {mesa egl surface queue}  -> wl_surface#14.attach(wl_buffer#40, 0, 0)
[12:31:00.844578] {mesa egl surface queue}  -> wl_surface#14.damage(0, 0, 2147483647, 2147483647)
[12:31:00.844580] {mesa egl surface queue}  -> wl_surface#14.commit()
[12:31:00.844582] {mesa egl surface queue}  -> wl_display#1.sync(new id wl_callback#43)
[12:31:00.844713] {Display Queue} wl_display#1.delete_id(43)
[12:31:00.860758] {mesa egl surface queue} wl_callback#43.done(7)
[12:31:00.860772] {mesa egl surface queue} wl_buffer#44.release()
[12:31:00.861528] {Default Queue}  -> xdg_toplevel#30.set_min_size(1400, 948)
[12:31:00.861535] {Default Queue}  -> xdg_toplevel#30.set_max_size(0, 0)
[12:31:00.861537] {Default Queue}  -> xdg_surface#29.set_window_geometry(45, 45, 1400, 948)
[12:31:00.861582] {mesa egl surface queue}  -> wl_surface#14.attach(wl_buffer#44, 0, 0)
[12:31:00.861586] {mesa egl surface queue}  -> wl_surface#14.damage(0, 0, 2147483647, 2147483647)
[12:31:00.861588] {mesa egl surface queue}  -> wl_surface#14.commit()
[12:31:00.861590] {mesa egl surface queue}  -> wl_display#1.sync(new id wl_callback#43)
[12:31:00.861683] {Display Queue} wl_display#1.delete_id(43)
[12:31:00.877328] {mesa egl surface queue} wl_callback#43.done(7)
[12:31:00.877341] {mesa egl surface queue} wl_buffer#40.release()
[12:31:00.878085] {Default Queue}  -> xdg_toplevel#30.set_min_size(1400, 948)
[12:31:00.878092] {Default Queue}  -> xdg_toplevel#30.set_max_size(0, 0)
[12:31:00.878093] {Default Queue}  -> xdg_surface#29.set_window_geometry(45, 45, 1400, 948)
[12:31:00.878131] {mesa egl surface queue}  -> wl_surface#14.attach(wl_buffer#40, 0, 0)
[12:31:00.878134] {mesa egl surface queue}  -> wl_surface#14.damage(0, 0, 2147483647, 2147483647)
[12:31:00.878136] {mesa egl surface queue}  -> wl_surface#14.commit()
[12:31:00.878138] {mesa egl surface queue}  -> wl_display#1.sync(new id wl_callback#43)
[12:31:00.878233] {Display Queue} wl_display#1.delete_id(43)
[12:31:00.893518] {mesa egl surface queue} wl_callback#43.done(7)
[12:31:00.893533] {mesa egl surface queue} wl_buffer#44.release()
[12:31:00.894401] {Default Queue}  -> xdg_toplevel#30.set_min_size(1400, 948)
[12:31:00.894409] {Default Queue}  -> xdg_toplevel#30.set_max_size(0, 0)
[12:31:00.894411] {Default Queue}  -> xdg_surface#29.set_window_geometry(45, 45, 1400, 948)
[12:31:00.894468] {mesa egl surface queue}  -> wl_surface#14.attach(wl_buffer#44, 0, 0)
[12:31:00.894471] {mesa egl surface queue}  -> wl_surface#14.damage(0, 0, 2147483647, 2147483647)
[12:31:00.894473] {mesa egl surface queue}  -> wl_surface#14.commit()
[12:31:00.894475] {mesa egl surface queue}  -> wl_display#1.sync(new id wl_callback#43)
[12:31:00.894542] {Display Queue} wl_display#1.delete_id(43)
[12:31:00.910651] {mesa egl surface queue} wl_callback#43.done(7)
[12:31:00.910666] {mesa egl surface queue} wl_buffer#40.release()
[12:31:00.911468] {Default Queue}  -> xdg_toplevel#30.set_min_size(1400, 948)
[12:31:00.911476] {Default Queue}  -> xdg_toplevel#30.set_max_size(0, 0)
[12:31:00.911478] {Default Queue}  -> xdg_surface#29.set_window_geometry(45, 45, 1400, 948)
[12:31:00.911518] {mesa egl surface queue}  -> wl_surface#14.attach(wl_buffer#40, 0, 0)
[12:31:00.911521] {mesa egl surface queue}  -> wl_surface#14.damage(0, 0, 2147483647, 2147483647)
[12:31:00.911523] {mesa egl surface queue}  -> wl_surface#14.commit()
[12:31:00.911525] {mesa egl surface queue}  -> wl_display#1.sync(new id wl_callback#43)
[12:31:00.911617] {Display Queue} wl_display#1.delete_id(43)
[12:31:00.926835] {mesa egl surface queue} wl_callback#43.done(7)
[12:31:00.926854] {mesa egl surface queue} wl_buffer#44.release()
[12:31:00.927606] {Default Queue}  -> xdg_toplevel#30.set_min_size(1400, 948)
[12:31:00.927612] {Default Queue}  -> xdg_toplevel#30.set_max_size(0, 0)
[12:31:00.927614] {Default Queue}  -> xdg_surface#29.set_window_geometry(45, 45, 1400, 948)
[12:31:00.927654] {mesa egl surface queue}  -> wl_surface#14.attach(wl_buffer#44, 0, 0)
[12:31:00.927657] {mesa egl surface queue}  -> wl_surface#14.damage(0, 0, 2147483647, 2147483647)
[12:31:00.927660] {mesa egl surface queue}  -> wl_surface#14.commit()
[12:31:00.927661] {mesa egl surface queue}  -> wl_display#1.sync(new id wl_callback#43)
[12:31:00.927718] {Display Queue} wl_display#1.delete_id(43)
[12:31:00.943757] {mesa egl surface queue} wl_callback#43.done(7)
[12:31:00.943767] {mesa egl surface queue} wl_buffer#40.release()
[12:31:00.944433] {Default Queue}  -> xdg_toplevel#30.set_min_size(1400, 948)
[12:31:00.944438] {Default Queue}  -> xdg_toplevel#30.set_max_size(0, 0)
[12:31:00.944440] {Default Queue}  -> xdg_surface#29.set_window_geometry(45, 45, 1400, 948)
[12:31:00.944477] {mesa egl surface queue}  -> wl_surface#14.attach(wl_buffer#40, 0, 0)
[12:31:00.944479] {mesa egl surface queue}  -> wl_surface#14.damage(0, 0, 2147483647, 2147483647)
[12:31:00.944481] {mesa egl surface queue}  -> wl_surface#14.commit()
[12:31:00.944483] {mesa egl surface queue}  -> wl_display#1.sync(new id wl_callback#43)
[12:31:00.944571] {Display Queue} wl_display#1.delete_id(43)
[12:31:00.960852] {mesa egl surface queue} wl_callback#43.done(7)
[12:31:00.960865] {mesa egl surface queue} wl_buffer#44.release()
[12:31:00.961633] {Default Queue}  -> xdg_toplevel#30.set_min_size(1400, 948)
[12:31:00.961640] {Default Queue}  -> xdg_toplevel#30.set_max_size(0, 0)
[12:31:00.961643] {Default Queue}  -> xdg_surface#29.set_window_geometry(45, 45, 1400, 948)
[12:31:00.961683] {mesa egl surface queue}  -> wl_surface#14.attach(wl_buffer#44, 0, 0)
[12:31:00.961685] {mesa egl surface queue}  -> wl_surface#14.damage(0, 0, 2147483647, 2147483647)
[12:31:00.961687] {mesa egl surface queue}  -> wl_surface#14.commit()
[12:31:00.961689] {mesa egl surface queue}  -> wl_display#1.sync(new id wl_callback#43)
[12:31:00.961781] {Display Queue} wl_display#1.delete_id(43)
[12:31:00.976992] {mesa egl surface queue} wl_callback#43.done(7)
[12:31:00.977006] {mesa egl surface queue} wl_buffer#40.release()
[12:31:00.977753] {Default Queue}  -> xdg_toplevel#30.set_min_size(1400, 948)
[12:31:00.977759] {Default Queue}  -> xdg_toplevel#30.set_max_size(0, 0)
[12:31:00.977761] {Default Queue}  -> xdg_surface#29.set_window_geometry(45, 45, 1400, 948)
[12:31:00.977803] {mesa egl surface queue}  -> wl_surface#14.attach(wl_buffer#40, 0, 0)
[12:31:00.977806] {mesa egl surface queue}  -> wl_surface#14.damage(0, 0, 2147483647, 2147483647)
[12:31:00.977807] {mesa egl surface queue}  -> wl_surface#14.commit()
[12:31:00.977809] {mesa egl surface queue}  -> wl_display#1.sync(new id wl_callback#43)
[12:31:00.977862] {Display Queue} wl_display#1.delete_id(43)
[12:31:00.993939] {mesa egl surface queue} wl_callback#43.done(7)
[12:31:00.993954] {mesa egl surface queue} wl_buffer#44.release()
[12:31:00.994799] {Default Queue}  -> xdg_toplevel#30.set_min_size(1400, 948)
[12:31:00.994806] {Default Queue}  -> xdg_toplevel#30.set_max_size(0, 0)
[12:31:00.994808] {Default Queue}  -> xdg_surface#29.set_window_geometry(45, 45, 1400, 948)
[12:31:00.994848] {mesa egl surface queue}  -> wl_surface#14.attach(wl_buffer#44, 0, 0)
[12:31:00.994851] {mesa egl surface queue}  -> wl_surface#14.damage(0, 0, 2147483647, 2147483647)
[12:31:00.994853] {mesa egl surface queue}  -> wl_surface#14.commit()
[12:31:00.994855] {mesa egl surface queue}  -> wl_display#1.sync(new id wl_callback#43)
[12:31:00.994917] {Display Queue} wl_display#1.delete_id(43)
[12:31:01.010110] {mesa egl surface queue} wl_callback#43.done(7)
[12:31:01.010123] {mesa egl surface queue} wl_buffer#40.release()
[12:31:01.010959] {Default Queue}  -> xdg_toplevel#30.set_min_size(1400, 948)
[12:31:01.010965] {Default Queue}  -> xdg_toplevel#30.set_max_size(0, 0)
[12:31:01.010971] {Default Queue}  -> xdg_surface#29.set_window_geometry(45, 45, 1400, 948)
[12:31:01.011026] {mesa egl surface queue}  -> wl_surface#14.attach(wl_buffer#40, 0, 0)
[12:31:01.011029] {mesa egl surface queue}  -> wl_surface#14.damage(0, 0, 2147483647, 2147483647)
[12:31:01.011033] {mesa egl surface queue}  -> wl_surface#14.commit()
[12:31:01.011034] {mesa egl surface queue}  -> wl_display#1.sync(new id wl_callback#43)
[12:31:01.011095] {Display Queue} wl_display#1.delete_id(43)
[12:31:01.027552] {mesa egl surface queue} wl_callback#43.done(7)
[12:31:01.027560] {mesa egl surface queue} wl_buffer#44.release()
[12:31:01.028252] {Default Queue}  -> xdg_toplevel#30.set_min_size(1400, 948)
[12:31:01.028258] {Default Queue}  -> xdg_toplevel#30.set_max_size(0, 0)
[12:31:01.028260] {Default Queue}  -> xdg_surface#29.set_window_geometry(45, 45, 1400, 948)
[12:31:01.028298] {mesa egl surface queue}  -> wl_surface#14.attach(wl_buffer#44, 0, 0)
[12:31:01.028300] {mesa egl surface queue}  -> wl_surface#14.damage(0, 0, 2147483647, 2147483647)
[12:31:01.028302] {mesa egl surface queue}  -> wl_surface#14.commit()
[12:31:01.028304] {mesa egl surface queue}  -> wl_display#1.sync(new id wl_callback#43)
[12:31:01.028359] {Display Queue} wl_display#1.delete_id(43)
[12:31:01.044005] {mesa egl surface queue} wl_callback#43.done(7)
[12:31:01.044012] {mesa egl surface queue} wl_buffer#40.release()
[12:31:01.044712] {Default Queue}  -> xdg_toplevel#30.set_min_size(1400, 948)
[12:31:01.044718] {Default Queue}  -> xdg_toplevel#30.set_max_size(0, 0)
[12:31:01.044720] {Default Queue}  -> xdg_surface#29.set_window_geometry(45, 45, 1400, 948)
[12:31:01.044765] {mesa egl surface queue}  -> wl_surface#14.attach(wl_buffer#40, 0, 0)
[12:31:01.044768] {mesa egl surface queue}  -> wl_surface#14.damage(0, 0, 2147483647, 2147483647)
[12:31:01.044770] {mesa egl surface queue}  -> wl_surface#14.commit()
[12:31:01.044771] {mesa egl surface queue}  -> wl_display#1.sync(new id wl_callback#43)
[12:31:01.044822] {Display Queue} wl_display#1.delete_id(43)
[12:31:01.060563] {mesa egl surface queue} wl_callback#43.done(7)
[12:31:01.060577] {mesa egl surface queue} wl_buffer#44.release()
[12:31:01.061363] {Default Queue}  -> xdg_toplevel#30.set_min_size(1400, 948)
[12:31:01.061372] {Default Queue}  -> xdg_toplevel#30.set_max_size(0, 0)
[12:31:01.061374] {Default Queue}  -> xdg_surface#29.set_window_geometry(45, 45, 1400, 948)
[12:31:01.061414] {mesa egl surface queue}  -> wl_surface#14.attach(wl_buffer#44, 0, 0)
[12:31:01.061417] {mesa egl surface queue}  -> wl_surface#14.damage(0, 0, 2147483647, 2147483647)
[12:31:01.061419] {mesa egl surface queue}  -> wl_surface#14.commit()
[12:31:01.061421] {mesa egl surface queue}  -> wl_display#1.sync(new id wl_callback#43)
[12:31:01.061495] {Display Queue} wl_display#1.delete_id(43)
[12:31:01.077244] {mesa egl surface queue} wl_callback#43.done(7)
[12:31:01.077259] {mesa egl surface queue} wl_buffer#40.release()
[12:31:01.078197] {Default Queue}  -> xdg_toplevel#30.set_min_size(1400, 948)
[12:31:01.078208] {Default Queue}  -> xdg_toplevel#30.set_max_size(0, 0)
[12:31:01.078211] {Default Queue}  -> xdg_surface#29.set_window_geometry(45, 45, 1400, 948)
[12:31:01.078256] {mesa egl surface queue}  -> wl_surface#14.attach(wl_buffer#40, 0, 0)
[12:31:01.078260] {mesa egl surface queue}  -> wl_surface#14.damage(0, 0, 2147483647, 2147483647)
[12:31:01.078262] {mesa egl surface queue}  -> wl_surface#14.commit()
[12:31:01.078264] {mesa egl surface queue}  -> wl_display#1.sync(new id wl_callback#43)
[12:31:01.078364] {Display Queue} wl_display#1.delete_id(43)
[12:31:01.094024] {mesa egl surface queue} wl_callback#43.done(7)
[12:31:01.094039] {mesa egl surface queue} wl_buffer#44.release()
[12:31:01.094963] {Default Queue}  -> xdg_toplevel#30.set_min_size(1400, 948)
[12:31:01.094973] {Default Queue}  -> xdg_toplevel#30.set_max_size(0, 0)
[12:31:01.094976] {Default Queue}  -> xdg_surface#29.set_window_geometry(45, 45, 1400, 948)
[12:31:01.095034] {mesa egl surface queue}  -> wl_surface#14.attach(wl_buffer#44, 0, 0)
[12:31:01.095044] {mesa egl surface queue}  -> wl_surface#14.damage(0, 0, 2147483647, 2147483647)
[12:31:01.095054] {mesa egl surface queue}  -> wl_surface#14.commit()
[12:31:01.095056] {mesa egl surface queue}  -> wl_display#1.sync(new id wl_callback#43)
[12:31:01.095128] {Display Queue} wl_display#1.delete_id(43)
[12:31:01.110879] {mesa egl surface queue} wl_callback#43.done(7)
[12:31:01.110893] {mesa egl surface queue} wl_buffer#40.release()
[12:31:01.111680] {Default Queue}  -> xdg_toplevel#30.set_min_size(1400, 948)
[12:31:01.111688] {Default Queue}  -> xdg_toplevel#30.set_max_size(0, 0)
[12:31:01.111690] {Default Queue}  -> xdg_surface#29.set_window_geometry(45, 45, 1400, 948)
[12:31:01.111753] {mesa egl surface queue}  -> wl_surface#14.attach(wl_buffer#40, 0, 0)
[12:31:01.111758] {mesa egl surface queue}  -> wl_surface#14.damage(0, 0, 2147483647, 2147483647)
[12:31:01.111761] {mesa egl surface queue}  -> wl_surface#14.commit()
[12:31:01.111764] {mesa egl surface queue}  -> wl_display#1.sync(new id wl_callback#43)
[12:31:01.111820] {Display Queue} wl_display#1.delete_id(43)
[12:31:01.127431] {mesa egl surface queue} wl_callback#43.done(7)
[12:31:01.127439] {mesa egl surface queue} wl_buffer#44.release()
[12:31:01.128172] {Default Queue}  -> xdg_toplevel#30.set_min_size(1400, 948)
[12:31:01.128181] {Default Queue}  -> xdg_toplevel#30.set_max_size(0, 0)
[12:31:01.128183] {Default Queue}  -> xdg_surface#29.set_window_geometry(45, 45, 1400, 948)
[12:31:01.128225] {mesa egl surface queue}  -> wl_surface#14.attach(wl_buffer#44, 0, 0)
[12:31:01.128229] {mesa egl surface queue}  -> wl_surface#14.damage(0, 0, 2147483647, 2147483647)
[12:31:01.128231] {mesa egl surface queue}  -> wl_surface#14.commit()
[12:31:01.128232] {mesa egl surface queue}  -> wl_display#1.sync(new id wl_callback#43)
[12:31:01.128284] {Display Queue} wl_display#1.delete_id(43)
[12:31:01.143829] {mesa egl surface queue} wl_callback#43.done(7)
[12:31:01.143841] {mesa egl surface queue} wl_buffer#40.release()
[12:31:01.144539] {Default Queue}  -> xdg_toplevel#30.set_min_size(1400, 948)
[12:31:01.144547] {Default Queue}  -> xdg_toplevel#30.set_max_size(0, 0)
[12:31:01.144549] {Default Queue}  -> xdg_surface#29.set_window_geometry(45, 45, 1400, 948)
[12:31:01.144589] {mesa egl surface queue}  -> wl_surface#14.attach(wl_buffer#40, 0, 0)
[12:31:01.144592] {mesa egl surface queue}  -> wl_surface#14.damage(0, 0, 2147483647, 2147483647)
[12:31:01.144594] {mesa egl surface queue}  -> wl_surface#14.commit()
[12:31:01.144596] {mesa egl surface queue}  -> wl_display#1.sync(new id wl_callback#43)
[12:31:01.144654] {Display Queue} wl_display#1.delete_id(43)
[12:31:01.160536] {mesa egl surface queue} wl_callback#43.done(7)
[12:31:01.160549] {mesa egl surface queue} wl_buffer#44.release()
[12:31:01.161307] {Default Queue}  -> xdg_toplevel#30.set_min_size(1400, 948)
[12:31:01.161314] {Default Queue}  -> xdg_toplevel#30.set_max_size(0, 0)
[12:31:01.161316] {Default Queue}  -> xdg_surface#29.set_window_geometry(45, 45, 1400, 948)
[12:31:01.161357] {mesa egl surface queue}  -> wl_surface#14.attach(wl_buffer#44, 0, 0)
[12:31:01.161360] {mesa egl surface queue}  -> wl_surface#14.damage(0, 0, 2147483647, 2147483647)
[12:31:01.161362] {mesa egl surface queue}  -> wl_surface#14.commit()
[12:31:01.161364] {mesa egl surface queue}  -> wl_display#1.sync(new id wl_callback#43)
[12:31:01.161424] {Display Queue} wl_display#1.delete_id(43)
[12:31:01.176967] {mesa egl surface queue} wl_callback#43.done(7)
[12:31:01.176981] {mesa egl surface queue} wl_buffer#40.release()
[12:31:01.177781] {Default Queue}  -> xdg_toplevel#30.set_min_size(1400, 948)
[12:31:01.177788] {Default Queue}  -> xdg_toplevel#30.set_max_size(0, 0)
[12:31:01.177790] {Default Queue}  -> xdg_surface#29.set_window_geometry(45, 45, 1400, 948)
[12:31:01.177830] {mesa egl surface queue}  -> wl_surface#14.attach(wl_buffer#40, 0, 0)
[12:31:01.177832] {mesa egl surface queue}  -> wl_surface#14.damage(0, 0, 2147483647, 2147483647)
[12:31:01.177834] {mesa egl surface queue}  -> wl_surface#14.commit()
[12:31:01.177842] {mesa egl surface queue}  -> wl_display#1.sync(new id wl_callback#43)
[12:31:01.177919] {Display Queue} wl_display#1.delete_id(43)
[12:31:01.193864] {mesa egl surface queue} wl_callback#43.done(7)
[12:31:01.193880] {mesa egl surface queue} wl_buffer#44.release()
[12:31:01.194855] {Default Queue}  -> xdg_toplevel#30.set_min_size(1400, 948)
[12:31:01.194863] {Default Queue}  -> xdg_toplevel#30.set_max_size(0, 0)
[12:31:01.194865] {Default Queue}  -> xdg_surface#29.set_window_geometry(45, 45, 1400, 948)
[12:31:01.194909] {mesa egl surface queue}  -> wl_surface#14.attach(wl_buffer#44, 0, 0)
[12:31:01.194912] {mesa egl surface queue}  -> wl_surface#14.damage(0, 0, 2147483647, 2147483647)
[12:31:01.194914] {mesa egl surface queue}  -> wl_surface#14.commit()
[12:31:01.194916] {mesa egl surface queue}  -> wl_display#1.sync(new id wl_callback#43)
[12:31:01.195012] {Display Queue} wl_display#1.delete_id(43)
[12:31:01.210643] {mesa egl surface queue} wl_callback#43.done(7)
[12:31:01.210657] {mesa egl surface queue} wl_buffer#40.release()
[12:31:01.211537] {Default Queue}  -> xdg_toplevel#30.set_min_size(1400, 948)
[12:31:01.211546] {Default Queue}  -> xdg_toplevel#30.set_max_size(0, 0)
[12:31:01.211550] {Default Queue}  -> xdg_surface#29.set_window_geometry(45, 45, 1400, 948)
[12:31:01.211595] {mesa egl surface queue}  -> wl_surface#14.attach(wl_buffer#40, 0, 0)
[12:31:01.211599] {mesa egl surface queue}  -> wl_surface#14.damage(0, 0, 2147483647, 2147483647)
[12:31:01.211602] {mesa egl surface queue}  -> wl_surface#14.commit()
[12:31:01.211605] {mesa egl surface queue}  -> wl_display#1.sync(new id wl_callback#43)
[12:31:01.211703] {Display Queue} wl_display#1.delete_id(43)
[12:31:01.227277] {mesa egl surface queue} wl_callback#43.done(7)
[12:31:01.227290] {mesa egl surface queue} wl_buffer#44.release()
[12:31:01.228074] {Default Queue}  -> xdg_toplevel#30.set_min_size(1400, 948)
[12:31:01.228083] {Default Queue}  -> xdg_toplevel#30.set_max_size(0, 0)
[12:31:01.228086] {Default Queue}  -> xdg_surface#29.set_window_geometry(45, 45, 1400, 948)
[12:31:01.228143] {mesa egl surface queue}  -> wl_surface#14.attach(wl_buffer#44, 0, 0)
[12:31:01.228147] {mesa egl surface queue}  -> wl_surface#14.damage(0, 0, 2147483647, 2147483647)
[12:31:01.228161] {mesa egl surface queue}  -> wl_surface#14.commit()
[12:31:01.228206] {mesa egl surface queue}  -> wl_display#1.sync(new id wl_callback#43)
[12:31:01.228266] {Display Queue} wl_display#1.delete_id(43)
[12:31:01.243892] {mesa egl surface queue} wl_callback#43.done(7)
[12:31:01.243904] {mesa egl surface queue} wl_buffer#40.release()
[12:31:01.244627] {Default Queue}  -> xdg_toplevel#30.set_min_size(1400, 948)
[12:31:01.244634] {Default Queue}  -> xdg_toplevel#30.set_max_size(0, 0)
[12:31:01.244636] {Default Queue}  -> xdg_surface#29.set_window_geometry(45, 45, 1400, 948)
[12:31:01.244682] {mesa egl surface queue}  -> wl_surface#14.attach(wl_buffer#40, 0, 0)
[12:31:01.244685] {mesa egl surface queue}  -> wl_surface#14.damage(0, 0, 2147483647, 2147483647)
[12:31:01.244687] {mesa egl surface queue}  -> wl_surface#14.commit()
[12:31:01.244689] {mesa egl surface queue}  -> wl_display#1.sync(new id wl_callback#43)
[12:31:01.244779] {Display Queue} wl_display#1.delete_id(43)
[12:31:01.260442] {mesa egl surface queue} wl_callback#43.done(7)
[12:31:01.260452] {mesa egl surface queue} wl_buffer#44.release()
[12:31:01.261224] {Default Queue}  -> xdg_toplevel#30.set_min_size(1400, 948)
[12:31:01.261233] {Default Queue}  -> xdg_toplevel#30.set_max_size(0, 0)
[12:31:01.261236] {Default Queue}  -> xdg_surface#29.set_window_geometry(45, 45, 1400, 948)
[12:31:01.261279] {mesa egl surface queue}  -> wl_surface#14.attach(wl_buffer#44, 0, 0)
[12:31:01.261282] {mesa egl surface queue}  -> wl_surface#14.damage(0, 0, 2147483647, 2147483647)
[12:31:01.261284] {mesa egl surface queue}  -> wl_surface#14.commit()
[12:31:01.261287] {mesa egl surface queue}  -> wl_display#1.sync(new id wl_callback#43)
[12:31:01.261413] {Display Queue} wl_display#1.delete_id(43)
[12:31:01.277073] {mesa egl surface queue} wl_callback#43.done(7)
[12:31:01.277094] {mesa egl surface queue} wl_buffer#40.release()
[12:31:01.277918] {Default Queue}  -> xdg_toplevel#30.set_min_size(1400, 948)
[12:31:01.277926] {Default Queue}  -> xdg_toplevel#30.set_max_size(0, 0)
[12:31:01.277928] {Default Queue}  -> xdg_surface#29.set_window_geometry(45, 45, 1400, 948)
[12:31:01.277968] {mesa egl surface queue}  -> wl_surface#14.attach(wl_buffer#40, 0, 0)
[12:31:01.277971] {mesa egl surface queue}  -> wl_surface#14.damage(0, 0, 2147483647, 2147483647)
[12:31:01.277973] {mesa egl surface queue}  -> wl_surface#14.commit()
[12:31:01.277975] {mesa egl surface queue}  -> wl_display#1.sync(new id wl_callback#43)
[12:31:01.278050] {Display Queue} wl_display#1.delete_id(43)
[12:31:01.293868] {mesa egl surface queue} wl_callback#43.done(7)
[12:31:01.293884] {mesa egl surface queue} wl_buffer#44.release()
[12:31:01.294809] {Default Queue}  -> xdg_toplevel#30.set_min_size(1400, 948)
[12:31:01.294818] {Default Queue}  -> xdg_toplevel#30.set_max_size(0, 0)
[12:31:01.294820] {Default Queue}  -> xdg_surface#29.set_window_geometry(45, 45, 1400, 948)
[12:31:01.294868] {mesa egl surface queue}  -> wl_surface#14.attach(wl_buffer#44, 0, 0)
[12:31:01.294872] {mesa egl surface queue}  -> wl_surface#14.damage(0, 0, 2147483647, 2147483647)
[12:31:01.294874] {mesa egl surface queue}  -> wl_surface#14.commit()
[12:31:01.294876] {mesa egl surface queue}  -> wl_display#1.sync(new id wl_callback#43)
[12:31:01.294983] {Display Queue} wl_display#1.delete_id(43)
[12:31:01.310549] {mesa egl surface queue} wl_callback#43.done(7)
[12:31:01.310564] {mesa egl surface queue} wl_buffer#40.release()
[12:31:01.311505] {Default Queue}  -> xdg_toplevel#30.set_min_size(1400, 948)
[12:31:01.311515] {Default Queue}  -> xdg_toplevel#30.set_max_size(0, 0)
[12:31:01.311517] {Default Queue}  -> xdg_surface#29.set_window_geometry(45, 45, 1400, 948)
[12:31:01.311593] {mesa egl surface queue}  -> wl_surface#14.attach(wl_buffer#40, 0, 0)
[12:31:01.311596] {mesa egl surface queue}  -> wl_surface#14.damage(0, 0, 2147483647, 2147483647)
[12:31:01.311598] {mesa egl surface queue}  -> wl_surface#14.commit()
[12:31:01.311600] {mesa egl surface queue}  -> wl_display#1.sync(new id wl_callback#43)
[12:31:01.311668] {Display Queue} wl_display#1.delete_id(43)
[12:31:01.327414] {mesa egl surface queue} wl_callback#43.done(7)
[12:31:01.327430] {mesa egl surface queue} wl_buffer#44.release()
[12:31:01.328175] {Default Queue}  -> xdg_toplevel#30.set_min_size(1400, 948)
[12:31:01.328182] {Default Queue}  -> xdg_toplevel#30.set_max_size(0, 0)
[12:31:01.328184] {Default Queue}  -> xdg_surface#29.set_window_geometry(45, 45, 1400, 948)
[12:31:01.328225] {mesa egl surface queue}  -> wl_surface#14.attach(wl_buffer#44, 0, 0)
[12:31:01.328228] {mesa egl surface queue}  -> wl_surface#14.damage(0, 0, 2147483647, 2147483647)
[12:31:01.328230] {mesa egl surface queue}  -> wl_surface#14.commit()
[12:31:01.328232] {mesa egl surface queue}  -> wl_display#1.sync(new id wl_callback#43)
[12:31:01.328339] {Display Queue} wl_display#1.delete_id(43)
[12:31:01.343837] {mesa egl surface queue} wl_callback#43.done(7)
[12:31:01.343849] {mesa egl surface queue} wl_buffer#40.release()
[12:31:01.344667] {Default Queue}  -> xdg_toplevel#30.set_min_size(1400, 948)
[12:31:01.344675] {Default Queue}  -> xdg_toplevel#30.set_max_size(0, 0)
[12:31:01.344677] {Default Queue}  -> xdg_surface#29.set_window_geometry(45, 45, 1400, 948)
[12:31:01.344725] {mesa egl surface queue}  -> wl_surface#14.attach(wl_buffer#40, 0, 0)
[12:31:01.344728] {mesa egl surface queue}  -> wl_surface#14.damage(0, 0, 2147483647, 2147483647)
[12:31:01.344730] {mesa egl surface queue}  -> wl_surface#14.commit()
[12:31:01.344732] {mesa egl surface queue}  -> wl_display#1.sync(new id wl_callback#43)
[12:31:01.344817] {Display Queue} wl_display#1.delete_id(43)
[12:31:01.360646] {mesa egl surface queue} wl_callback#43.done(7)
[12:31:01.360657] {mesa egl surface queue} wl_buffer#44.release()
[12:31:01.361361] {Default Queue}  -> xdg_toplevel#30.set_min_size(1400, 948)
[12:31:01.361368] {Default Queue}  -> xdg_toplevel#30.set_max_size(0, 0)
[12:31:01.361375] {Default Queue}  -> xdg_surface#29.set_window_geometry(45, 45, 1400, 948)
[12:31:01.361419] {mesa egl surface queue}  -> wl_surface#14.attach(wl_buffer#44, 0, 0)
[12:31:01.361422] {mesa egl surface queue}  -> wl_surface#14.damage(0, 0, 2147483647, 2147483647)
[12:31:01.361424] {mesa egl surface queue}  -> wl_surface#14.commit()
[12:31:01.361426] {mesa egl surface queue}  -> wl_display#1.sync(new id wl_callback#43)
[12:31:01.361515] {Display Queue} wl_display#1.delete_id(43)
[12:31:01.377083] {mesa egl surface queue} wl_callback#43.done(7)
[12:31:01.377098] {mesa egl surface queue} wl_buffer#40.release()
[12:31:01.377813] {Default Queue}  -> xdg_toplevel#30.set_min_size(1400, 948)
[12:31:01.377820] {Default Queue}  -> xdg_toplevel#30.set_max_size(0, 0)
[12:31:01.377823] {Default Queue}  -> xdg_surface#29.set_window_geometry(45, 45, 1400, 948)
[12:31:01.377863] {mesa egl surface queue}  -> wl_surface#14.attach(wl_buffer#40, 0, 0)
[12:31:01.377865] {mesa egl surface queue}  -> wl_surface#14.damage(0, 0, 2147483647, 2147483647)
[12:31:01.377867] {mesa egl surface queue}  -> wl_surface#14.commit()
[12:31:01.377869] {mesa egl surface queue}  -> wl_display#1.sync(new id wl_callback#43)
[12:31:01.377932] {Display Queue} wl_display#1.delete_id(43)
[12:31:01.393466] {mesa egl surface queue} wl_callback#43.done(7)
[12:31:01.393483] {mesa egl surface queue} wl_buffer#44.release()
[12:31:01.394351] {Default Queue}  -> xdg_toplevel#30.set_min_size(1400, 948)
[12:31:01.394360] {Default Queue}  -> xdg_toplevel#30.set_max_size(0, 0)
[12:31:01.394362] {Default Queue}  -> xdg_surface#29.set_window_geometry(45, 45, 1400, 948)
[12:31:01.394406] {mesa egl surface queue}  -> wl_surface#14.attach(wl_buffer#44, 0, 0)
[12:31:01.394409] {mesa egl surface queue}  -> wl_surface#14.damage(0, 0, 2147483647, 2147483647)
[12:31:01.394411] {mesa egl surface queue}  -> wl_surface#14.commit()
[12:31:01.394412] {mesa egl surface queue}  -> wl_display#1.sync(new id wl_callback#43)
[12:31:01.394518] {Display Queue} wl_display#1.delete_id(43)
[12:31:01.410508] {mesa egl surface queue} wl_callback#43.done(7)
[12:31:01.410522] {mesa egl surface queue} wl_buffer#40.release()
[12:31:01.411355] {Default Queue}  -> xdg_toplevel#30.set_min_size(1400, 948)
[12:31:01.411362] {Default Queue}  -> xdg_toplevel#30.set_max_size(0, 0)
[12:31:01.411364] {Default Queue}  -> xdg_surface#29.set_window_geometry(45, 45, 1400, 948)
[12:31:01.411413] {mesa egl surface queue}  -> wl_surface#14.attach(wl_buffer#40, 0, 0)
[12:31:01.411416] {mesa egl surface queue}  -> wl_surface#14.damage(0, 0, 2147483647, 2147483647)
[12:31:01.411418] {mesa egl surface queue}  -> wl_surface#14.commit()
[12:31:01.411420] {mesa egl surface queue}  -> wl_display#1.sync(new id wl_callback#43)
[12:31:01.411520] {Display Queue} wl_display#1.delete_id(43)
[12:31:01.427204] {mesa egl surface queue} wl_callback#43.done(7)
[12:31:01.427217] {mesa egl surface queue} wl_buffer#44.release()
[12:31:01.428070] {Default Queue}  -> xdg_toplevel#30.set_min_size(1400, 948)
[12:31:01.428080] {Default Queue}  -> xdg_toplevel#30.set_max_size(0, 0)
[12:31:01.428083] {Default Queue}  -> xdg_surface#29.set_window_geometry(45, 45, 1400, 948)
[12:31:01.428146] {mesa egl surface queue}  -> wl_surface#14.attach(wl_buffer#44, 0, 0)
[12:31:01.428151] {mesa egl surface queue}  -> wl_surface#14.damage(0, 0, 2147483647, 2147483647)
[12:31:01.428155] {mesa egl surface queue}  -> wl_surface#14.commit()
[12:31:01.428158] {mesa egl surface queue}  -> wl_display#1.sync(new id wl_callback#43)
[12:31:01.428244] {Display Queue} wl_display#1.delete_id(43)
[12:31:01.444021] {mesa egl surface queue} wl_callback#43.done(7)
[12:31:01.444046] {mesa egl surface queue} wl_buffer#40.release()
[12:31:01.444962] {Default Queue}  -> xdg_toplevel#30.set_min_size(1400, 948)
[12:31:01.444972] {Default Queue}  -> xdg_toplevel#30.set_max_size(0, 0)
[12:31:01.444975] {Default Queue}  -> xdg_surface#29.set_window_geometry(45, 45, 1400, 948)
[12:31:01.445034] {mesa egl surface queue}  -> wl_surface#14.attach(wl_buffer#40, 0, 0)
[12:31:01.445045] {mesa egl surface queue}  -> wl_surface#14.damage(0, 0, 2147483647, 2147483647)
[12:31:01.445056] {mesa egl surface queue}  -> wl_surface#14.commit()
[12:31:01.445058] {mesa egl surface queue}  -> wl_display#1.sync(new id wl_callback#43)
[12:31:01.445165] {Display Queue} wl_display#1.delete_id(43)
[12:31:01.461057] {mesa egl surface queue} wl_callback#43.done(7)
[12:31:01.461072] {mesa egl surface queue} wl_buffer#44.release()
[12:31:01.461921] {Default Queue}  -> xdg_toplevel#30.set_min_size(1400, 948)
[12:31:01.461928] {Default Queue}  -> xdg_toplevel#30.set_max_size(0, 0)
[12:31:01.461931] {Default Queue}  -> xdg_surface#29.set_window_geometry(45, 45, 1400, 948)
[12:31:01.461977] {mesa egl surface queue}  -> wl_surface#14.attach(wl_buffer#44, 0, 0)
[12:31:01.461980] {mesa egl surface queue}  -> wl_surface#14.damage(0, 0, 2147483647, 2147483647)
[12:31:01.461982] {mesa egl surface queue}  -> wl_surface#14.commit()
[12:31:01.461984] {mesa egl surface queue}  -> wl_display#1.sync(new id wl_callback#43)
[12:31:01.462058] {Display Queue} wl_display#1.delete_id(43)
[12:31:01.477573] {mesa egl surface queue} wl_callback#43.done(7)
[12:31:01.477587] {mesa egl surface queue} wl_buffer#40.release()
[12:31:01.478434] {Default Queue}  -> xdg_toplevel#30.set_min_size(1400, 948)
[12:31:01.478441] {Default Queue}  -> xdg_toplevel#30.set_max_size(0, 0)
[12:31:01.478444] {Default Queue}  -> xdg_surface#29.set_window_geometry(45, 45, 1400, 948)
[12:31:01.478487] {mesa egl surface queue}  -> wl_surface#14.attach(wl_buffer#40, 0, 0)
[12:31:01.478490] {mesa egl surface queue}  -> wl_surface#14.damage(0, 0, 2147483647, 2147483647)
[12:31:01.478492] {mesa egl surface queue}  -> wl_surface#14.commit()
[12:31:01.478494] {mesa egl surface queue}  -> wl_display#1.sync(new id wl_callback#43)
[12:31:01.478555] {Display Queue} wl_display#1.delete_id(43)
[12:31:01.494177] {mesa egl surface queue} wl_callback#43.done(7)
[12:31:01.494191] {mesa egl surface queue} wl_buffer#44.release()
[12:31:01.495064] {Default Queue}  -> xdg_toplevel#30.set_min_size(1400, 948)
[12:31:01.495071] {Default Queue}  -> xdg_toplevel#30.set_max_size(0, 0)
[12:31:01.495073] {Default Queue}  -> xdg_surface#29.set_window_geometry(45, 45, 1400, 948)
[12:31:01.495125] {mesa egl surface queue}  -> wl_surface#14.attach(wl_buffer#44, 0, 0)
[12:31:01.495128] {mesa egl surface queue}  -> wl_surface#14.damage(0, 0, 2147483647, 2147483647)
[12:31:01.495130] {mesa egl surface queue}  -> wl_surface#14.commit()
[12:31:01.495132] {mesa egl surface queue}  -> wl_display#1.sync(new id wl_callback#43)
[12:31:01.495241] {Display Queue} wl_display#1.delete_id(43)
[12:31:01.510165] {mesa egl surface queue} wl_callback#43.done(7)
[12:31:01.510169] {mesa egl surface queue} wl_buffer#40.release()
[12:31:01.510913] {Default Queue}  -> xdg_toplevel#30.set_min_size(1400, 948)
[12:31:01.510919] {Default Queue}  -> xdg_toplevel#30.set_max_size(0, 0)
[12:31:01.510921] {Default Queue}  -> xdg_surface#29.set_window_geometry(45, 45, 1400, 948)
[12:31:01.510960] {mesa egl surface queue}  -> wl_surface#14.attach(wl_buffer#40, 0, 0)
[12:31:01.510963] {mesa egl surface queue}  -> wl_surface#14.damage(0, 0, 2147483647, 2147483647)
[12:31:01.510965] {mesa egl surface queue}  -> wl_surface#14.commit()
[12:31:01.510967] {mesa egl surface queue}  -> wl_display#1.sync(new id wl_callback#43)
[12:31:01.511022] {Display Queue} wl_display#1.delete_id(43)
[12:31:01.526860] {mesa egl surface queue} wl_callback#43.done(7)
[12:31:01.526872] {mesa egl surface queue} wl_buffer#44.release()
[12:31:01.527568] {Default Queue}  -> xdg_toplevel#30.set_min_size(1400, 948)
[12:31:01.527576] {Default Queue}  -> xdg_toplevel#30.set_max_size(0, 0)
[12:31:01.527579] {Default Queue}  -> xdg_surface#29.set_window_geometry(45, 45, 1400, 948)
[12:31:01.527626] {mesa egl surface queue}  -> wl_surface#14.attach(wl_buffer#44, 0, 0)
[12:31:01.527630] {mesa egl surface queue}  -> wl_surface#14.damage(0, 0, 2147483647, 2147483647)
[12:31:01.527633] {mesa egl surface queue}  -> wl_surface#14.commit()
[12:31:01.527643] {mesa egl surface queue}  -> wl_display#1.sync(new id wl_callback#43)
[12:31:01.527713] {Display Queue} wl_display#1.delete_id(43)
[12:31:01.543648] {mesa egl surface queue} wl_callback#43.done(7)
[12:31:01.543660] {mesa egl surface queue} wl_buffer#40.release()
[12:31:01.544401] {Default Queue}  -> xdg_toplevel#30.set_min_size(1400, 948)
[12:31:01.544409] {Default Queue}  -> xdg_toplevel#30.set_max_size(0, 0)
[12:31:01.544412] {Default Queue}  -> xdg_surface#29.set_window_geometry(45, 45, 1400, 948)
[12:31:01.544459] {mesa egl surface queue}  -> wl_surface#14.attach(wl_buffer#40, 0, 0)
[12:31:01.544463] {mesa egl surface queue}  -> wl_surface#14.damage(0, 0, 2147483647, 2147483647)
[12:31:01.544466] {mesa egl surface queue}  -> wl_surface#14.commit()
[12:31:01.544474] {mesa egl surface queue}  -> wl_display#1.sync(new id wl_callback#43)
[12:31:01.544579] {Display Queue} wl_display#1.delete_id(43)
[12:31:01.560206] {mesa egl surface queue} wl_callback#43.done(7)
[12:31:01.560217] {mesa egl surface queue} wl_buffer#44.release()
[12:31:01.560901] {Default Queue}  -> xdg_toplevel#30.set_min_size(1400, 948)
[12:31:01.560908] {Default Queue}  -> xdg_toplevel#30.set_max_size(0, 0)
[12:31:01.560910] {Default Queue}  -> xdg_surface#29.set_window_geometry(45, 45, 1400, 948)
[12:31:01.560954] {mesa egl surface queue}  -> wl_surface#14.attach(wl_buffer#44, 0, 0)
[12:31:01.560957] {mesa egl surface queue}  -> wl_surface#14.damage(0, 0, 2147483647, 2147483647)
[12:31:01.560960] {mesa egl surface queue}  -> wl_surface#14.commit()
[12:31:01.560963] {mesa egl surface queue}  -> wl_display#1.sync(new id wl_callback#43)
[12:31:01.561023] {Display Queue} wl_display#1.delete_id(43)
[12:31:01.576910] {mesa egl surface queue} wl_callback#43.done(7)
[12:31:01.576919] {mesa egl surface queue} wl_buffer#40.release()
[12:31:01.577559] {Default Queue}  -> xdg_toplevel#30.set_min_size(1400, 948)
[12:31:01.577565] {Default Queue}  -> xdg_toplevel#30.set_max_size(0, 0)
[12:31:01.577567] {Default Queue}  -> xdg_surface#29.set_window_geometry(45, 45, 1400, 948)
[12:31:01.577609] {mesa egl surface queue}  -> wl_surface#14.attach(wl_buffer#40, 0, 0)
[12:31:01.577613] {mesa egl surface queue}  -> wl_surface#14.damage(0, 0, 2147483647, 2147483647)
[12:31:01.577616] {mesa egl surface queue}  -> wl_surface#14.commit()
[12:31:01.577619] {mesa egl surface queue}  -> wl_display#1.sync(new id wl_callback#43)
[12:31:01.577711] {Display Queue} wl_display#1.delete_id(43)
[12:31:01.593470] {mesa egl surface queue} wl_callback#43.done(7)
[12:31:01.593486] {mesa egl surface queue} wl_buffer#44.release()
[12:31:01.594604] {Default Queue}  -> xdg_toplevel#30.set_min_size(1400, 948)
[12:31:01.594616] {Default Queue}  -> xdg_toplevel#30.set_max_size(0, 0)
[12:31:01.594619] {Default Queue}  -> xdg_surface#29.set_window_geometry(45, 45, 1400, 948)
[12:31:01.594686] {mesa egl surface queue}  -> wl_surface#14.attach(wl_buffer#44, 0, 0)
[12:31:01.594691] {mesa egl surface queue}  -> wl_surface#14.damage(0, 0, 2147483647, 2147483647)
[12:31:01.594694] {mesa egl surface queue}  -> wl_surface#14.commit()
[12:31:01.594696] {mesa egl surface queue}  -> wl_display#1.sync(new id wl_callback#43)
[12:31:01.594784] {Display Queue} wl_display#1.delete_id(43)
[12:31:01.610538] {mesa egl surface queue} wl_callback#43.done(7)
[12:31:01.610553] {mesa egl surface queue} wl_buffer#40.release()
[12:31:01.611394] {Default Queue}  -> xdg_toplevel#30.set_min_size(1400, 948)
[12:31:01.611401] {Default Queue}  -> xdg_toplevel#30.set_max_size(0, 0)
[12:31:01.611403] {Default Queue}  -> xdg_surface#29.set_window_geometry(45, 45, 1400, 948)
[12:31:01.611448] {mesa egl surface queue}  -> wl_surface#14.attach(wl_buffer#40, 0, 0)
[12:31:01.611451] {mesa egl surface queue}  -> wl_surface#14.damage(0, 0, 2147483647, 2147483647)
[12:31:01.611453] {mesa egl surface queue}  -> wl_surface#14.commit()
[12:31:01.611455] {mesa egl surface queue}  -> wl_display#1.sync(new id wl_callback#43)
[12:31:01.611552] {Display Queue} wl_display#1.delete_id(43)
[12:31:01.627427] {mesa egl surface queue} wl_callback#43.done(7)
[12:31:01.627452] {mesa egl surface queue} wl_buffer#44.release()
[12:31:01.628282] {Default Queue}  -> xdg_toplevel#30.set_min_size(1400, 948)
[12:31:01.628290] {Default Queue}  -> xdg_toplevel#30.set_max_size(0, 0)
[12:31:01.628292] {Default Queue}  -> xdg_surface#29.set_window_geometry(45, 45, 1400, 948)
[12:31:01.628335] {mesa egl surface queue}  -> wl_surface#14.attach(wl_buffer#44, 0, 0)
[12:31:01.628338] {mesa egl surface queue}  -> wl_surface#14.damage(0, 0, 2147483647, 2147483647)
[12:31:01.628340] {mesa egl surface queue}  -> wl_surface#14.commit()
[12:31:01.628342] {mesa egl surface queue}  -> wl_display#1.sync(new id wl_callback#43)
[12:31:01.628444] {Display Queue} wl_display#1.delete_id(43)
[12:31:01.644152] {mesa egl surface queue} wl_callback#43.done(7)
[12:31:01.644161] {mesa egl surface queue} wl_buffer#40.release()
[12:31:01.644887] {Default Queue}  -> xdg_toplevel#30.set_min_size(1400, 948)
[12:31:01.644893] {Default Queue}  -> xdg_toplevel#30.set_max_size(0, 0)
[12:31:01.644894] {Default Queue}  -> xdg_surface#29.set_window_geometry(45, 45, 1400, 948)
[12:31:01.644935] {mesa egl surface queue}  -> wl_surface#14.attach(wl_buffer#40, 0, 0)
[12:31:01.644938] {mesa egl surface queue}  -> wl_surface#14.damage(0, 0, 2147483647, 2147483647)
[12:31:01.644940] {mesa egl surface queue}  -> wl_surface#14.commit()
[12:31:01.644942] {mesa egl surface queue}  -> wl_display#1.sync(new id wl_callback#43)
[12:31:01.644997] {Display Queue} wl_display#1.delete_id(43)
[12:31:01.660866] {mesa egl surface queue} wl_callback#43.done(7)
[12:31:01.660876] {mesa egl surface queue} wl_buffer#44.release()
[12:31:01.661589] {Default Queue}  -> xdg_toplevel#30.set_min_size(1400, 948)
[12:31:01.661594] {Default Queue}  -> xdg_toplevel#30.set_max_size(0, 0)
[12:31:01.661596] {Default Queue}  -> xdg_surface#29.set_window_geometry(45, 45, 1400, 948)
[12:31:01.661638] {mesa egl surface queue}  -> wl_surface#14.attach(wl_buffer#44, 0, 0)
[12:31:01.661640] {mesa egl surface queue}  -> wl_surface#14.damage(0, 0, 2147483647, 2147483647)
[12:31:01.661642] {mesa egl surface queue}  -> wl_surface#14.commit()
[12:31:01.661645] {mesa egl surface queue}  -> wl_display#1.sync(new id wl_callback#43)
[12:31:01.661711] {Display Queue} wl_display#1.delete_id(43)
[12:31:01.677518] {mesa egl surface queue} wl_callback#43.done(7)
[12:31:01.677532] {mesa egl surface queue} wl_buffer#40.release()
[12:31:01.678322] {Default Queue}  -> xdg_toplevel#30.set_min_size(1400, 948)
[12:31:01.678329] {Default Queue}  -> xdg_toplevel#30.set_max_size(0, 0)
[12:31:01.678331] {Default Queue}  -> xdg_surface#29.set_window_geometry(45, 45, 1400, 948)
[12:31:01.678376] {mesa egl surface queue}  -> wl_surface#14.attach(wl_buffer#40, 0, 0)
[12:31:01.678380] {mesa egl surface queue}  -> wl_surface#14.damage(0, 0, 2147483647, 2147483647)
[12:31:01.678384] {mesa egl surface queue}  -> wl_surface#14.commit()
[12:31:01.678387] {mesa egl surface queue}  -> wl_display#1.sync(new id wl_callback#43)
[12:31:01.678491] {Display Queue} wl_display#1.delete_id(43)
[12:31:01.694293] {mesa egl surface queue} wl_callback#43.done(7)
[12:31:01.694314] {mesa egl surface queue} wl_buffer#44.release()
[12:31:01.695662] {Default Queue}  -> xdg_toplevel#30.set_min_size(1400, 948)
[12:31:01.695675] {Default Queue}  -> xdg_toplevel#30.set_max_size(0, 0)
[12:31:01.695679] {Default Queue}  -> xdg_surface#29.set_window_geometry(45, 45, 1400, 948)
[12:31:01.695762] {mesa egl surface queue}  -> wl_surface#14.attach(wl_buffer#44, 0, 0)
[12:31:01.695769] {mesa egl surface queue}  -> wl_surface#14.damage(0, 0, 2147483647, 2147483647)
[12:31:01.695773] {mesa egl surface queue}  -> wl_surface#14.commit()
[12:31:01.695777] {mesa egl surface queue}  -> wl_display#1.sync(new id wl_callback#43)
[12:31:01.695864] {Display Queue} wl_display#1.delete_id(43)
[12:31:01.710527] {mesa egl surface queue} wl_callback#43.done(7)
[12:31:01.710544] {mesa egl surface queue} wl_buffer#40.release()
[12:31:01.711383] {Default Queue}  -> xdg_toplevel#30.set_min_size(1400, 948)
[12:31:01.711390] {Default Queue}  -> xdg_toplevel#30.set_max_size(0, 0)
[12:31:01.711398] {Default Queue}  -> xdg_surface#29.set_window_geometry(45, 45, 1400, 948)
[12:31:01.711450] {mesa egl surface queue}  -> wl_surface#14.attach(wl_buffer#40, 0, 0)
[12:31:01.711453] {mesa egl surface queue}  -> wl_surface#14.damage(0, 0, 2147483647, 2147483647)
[12:31:01.711455] {mesa egl surface queue}  -> wl_surface#14.commit()
[12:31:01.711457] {mesa egl surface queue}  -> wl_display#1.sync(new id wl_callback#43)
[12:31:01.711515] {Display Queue} wl_display#1.delete_id(43)
[12:31:01.727342] {mesa egl surface queue} wl_callback#43.done(7)
[12:31:01.727349] {mesa egl surface queue} wl_buffer#44.release()
[12:31:01.728032] {Default Queue}  -> xdg_toplevel#30.set_min_size(1400, 948)
[12:31:01.728039] {Default Queue}  -> xdg_toplevel#30.set_max_size(0, 0)
[12:31:01.728041] {Default Queue}  -> xdg_surface#29.set_window_geometry(45, 45, 1400, 948)
[12:31:01.728079] {mesa egl surface queue}  -> wl_surface#14.attach(wl_buffer#44, 0, 0)
[12:31:01.728082] {mesa egl surface queue}  -> wl_surface#14.damage(0, 0, 2147483647, 2147483647)
[12:31:01.728084] {mesa egl surface queue}  -> wl_surface#14.commit()
[12:31:01.728086] {mesa egl surface queue}  -> wl_display#1.sync(new id wl_callback#43)
[12:31:01.728148] {Display Queue} wl_display#1.delete_id(43)
[12:31:01.743986] {mesa egl surface queue} wl_callback#43.done(7)
[12:31:01.743994] {mesa egl surface queue} wl_buffer#40.release()
[12:31:01.744661] {Default Queue}  -> xdg_toplevel#30.set_min_size(1400, 948)
[12:31:01.744668] {Default Queue}  -> xdg_toplevel#30.set_max_size(0, 0)
[12:31:01.744670] {Default Queue}  -> xdg_surface#29.set_window_geometry(45, 45, 1400, 948)
[12:31:01.744705] {mesa egl surface queue}  -> wl_surface#14.attach(wl_buffer#40, 0, 0)
[12:31:01.744708] {mesa egl surface queue}  -> wl_surface#14.damage(0, 0, 2147483647, 2147483647)
[12:31:01.744709] {mesa egl surface queue}  -> wl_surface#14.commit()
[12:31:01.744711] {mesa egl surface queue}  -> wl_display#1.sync(new id wl_callback#43)
[12:31:01.744766] {Display Queue} wl_display#1.delete_id(43)
[12:31:01.760533] {mesa egl surface queue} wl_callback#43.done(7)
[12:31:01.760541] {mesa egl surface queue} wl_buffer#44.release()
[12:31:01.761245] {Default Queue}  -> xdg_toplevel#30.set_min_size(1400, 948)
[12:31:01.761251] {Default Queue}  -> xdg_toplevel#30.set_max_size(0, 0)
[12:31:01.761253] {Default Queue}  -> xdg_surface#29.set_window_geometry(45, 45, 1400, 948)
[12:31:01.761289] {mesa egl surface queue}  -> wl_surface#14.attach(wl_buffer#44, 0, 0)
[12:31:01.761292] {mesa egl surface queue}  -> wl_surface#14.damage(0, 0, 2147483647, 2147483647)
[12:31:01.761294] {mesa egl surface queue}  -> wl_surface#14.commit()
[12:31:01.761295] {mesa egl surface queue}  -> wl_display#1.sync(new id wl_callback#43)
[12:31:01.761344] {Display Queue} wl_display#1.delete_id(43)
[12:31:01.777020] {mesa egl surface queue} wl_callback#43.done(7)
[12:31:01.777026] {mesa egl surface queue} wl_buffer#40.release()
[12:31:01.777678] {Default Queue}  -> xdg_toplevel#30.set_min_size(1400, 948)
[12:31:01.777683] {Default Queue}  -> xdg_toplevel#30.set_max_size(0, 0)
[12:31:01.777685] {Default Queue}  -> xdg_surface#29.set_window_geometry(45, 45, 1400, 948)
[12:31:01.777719] {mesa egl surface queue}  -> wl_surface#14.attach(wl_buffer#40, 0, 0)
[12:31:01.777722] {mesa egl surface queue}  -> wl_surface#14.damage(0, 0, 2147483647, 2147483647)
[12:31:01.777724] {mesa egl surface queue}  -> wl_surface#14.commit()
[12:31:01.777725] {mesa egl surface queue}  -> wl_display#1.sync(new id wl_callback#43)
[12:31:01.777773] {Display Queue} wl_display#1.delete_id(43)
[12:31:01.793628] {mesa egl surface queue} wl_callback#43.done(7)
[12:31:01.793636] {mesa egl surface queue} wl_buffer#44.release()
[12:31:01.794490] {Default Queue}  -> xdg_toplevel#30.set_min_size(1400, 948)
[12:31:01.794496] {Default Queue}  -> xdg_toplevel#30.set_max_size(0, 0)
[12:31:01.794498] {Default Queue}  -> xdg_surface#29.set_window_geometry(45, 45, 1400, 948)
[12:31:01.794546] {mesa egl surface queue}  -> wl_surface#14.attach(wl_buffer#44, 0, 0)
[12:31:01.794555] {mesa egl surface queue}  -> wl_surface#14.damage(0, 0, 2147483647, 2147483647)
[12:31:01.794564] {mesa egl surface queue}  -> wl_surface#14.commit()
[12:31:01.794567] {mesa egl surface queue}  -> wl_display#1.sync(new id wl_callback#43)
[12:31:01.794630] {Display Queue} wl_display#1.delete_id(43)
[12:31:01.810411] {mesa egl surface queue} wl_callback#43.done(7)
[12:31:01.810426] {mesa egl surface queue} wl_buffer#40.release()
[12:31:01.811254] {Default Queue}  -> xdg_toplevel#30.set_min_size(1400, 948)
[12:31:01.811262] {Default Queue}  -> xdg_toplevel#30.set_max_size(0, 0)
[12:31:01.811265] {Default Queue}  -> xdg_surface#29.set_window_geometry(45, 45, 1400, 948)
[12:31:01.811355] {mesa egl surface queue}  -> wl_surface#14.attach(wl_buffer#40, 0, 0)
[12:31:01.811361] {mesa egl surface queue}  -> wl_surface#14.damage(0, 0, 2147483647, 2147483647)
[12:31:01.811364] {mesa egl surface queue}  -> wl_surface#14.commit()
[12:31:01.811366] {mesa egl surface queue}  -> wl_display#1.sync(new id wl_callback#43)
[12:31:01.811446] {Display Queue} wl_display#1.delete_id(43)
[12:31:01.827528] {mesa egl surface queue} wl_callback#43.done(7)
[12:31:01.827541] {mesa egl surface queue} wl_buffer#44.release()
[12:31:01.828236] {Default Queue}  -> xdg_toplevel#30.set_min_size(1400, 948)
[12:31:01.828242] {Default Queue}  -> xdg_toplevel#30.set_max_size(0, 0)
[12:31:01.828245] {Default Queue}  -> xdg_surface#29.set_window_geometry(45, 45, 1400, 948)
[12:31:01.828285] {mesa egl surface queue}  -> wl_surface#14.attach(wl_buffer#44, 0, 0)
[12:31:01.828287] {mesa egl surface queue}  -> wl_surface#14.damage(0, 0, 2147483647, 2147483647)
[12:31:01.828289] {mesa egl surface queue}  -> wl_surface#14.commit()
[12:31:01.828291] {mesa egl surface queue}  -> wl_display#1.sync(new id wl_callback#43)
[12:31:01.828339] {Display Queue} wl_display#1.delete_id(43)
[12:31:01.844096] {mesa egl surface queue} wl_callback#43.done(7)
[12:31:01.844112] {mesa egl surface queue} wl_buffer#40.release()
[12:31:01.844963] {Default Queue}  -> xdg_toplevel#30.set_min_size(1400, 948)
[12:31:01.844970] {Default Queue}  -> xdg_toplevel#30.set_max_size(0, 0)
[12:31:01.844973] {Default Queue}  -> xdg_surface#29.set_window_geometry(45, 45, 1400, 948)
[12:31:01.845025] {mesa egl surface queue}  -> wl_surface#14.attach(wl_buffer#40, 0, 0)
[12:31:01.845029] {mesa egl surface queue}  -> wl_surface#14.damage(0, 0, 2147483647, 2147483647)
[12:31:01.845031] {mesa egl surface queue}  -> wl_surface#14.commit()
[12:31:01.845033] {mesa egl surface queue}  -> wl_display#1.sync(new id wl_callback#43)
[12:31:01.845131] {Display Queue} wl_display#1.delete_id(43)
[12:31:01.861018] {mesa egl surface queue} wl_callback#43.done(7)
[12:31:01.861029] {mesa egl surface queue} wl_buffer#44.release()
[12:31:01.861767] {Default Queue}  -> xdg_toplevel#30.set_min_size(1400, 948)
[12:31:01.861773] {Default Queue}  -> xdg_toplevel#30.set_max_size(0, 0)
[12:31:01.861775] {Default Queue}  -> xdg_surface#29.set_window_geometry(45, 45, 1400, 948)
[12:31:01.861816] {mesa egl surface queue}  -> wl_surface#14.attach(wl_buffer#44, 0, 0)
[12:31:01.861819] {mesa egl surface queue}  -> wl_surface#14.damage(0, 0, 2147483647, 2147483647)
[12:31:01.861821] {mesa egl surface queue}  -> wl_surface#14.commit()
[12:31:01.861823] {mesa egl surface queue}  -> wl_display#1.sync(new id wl_callback#43)
[12:31:01.861915] {Display Queue} wl_display#1.delete_id(43)
[12:31:01.876754] {mesa egl surface queue} wl_callback#43.done(7)
[12:31:01.876765] {mesa egl surface queue} wl_buffer#40.release()
[12:31:01.877472] {Default Queue}  -> xdg_toplevel#30.set_min_size(1400, 948)
[12:31:01.877478] {Default Queue}  -> xdg_toplevel#30.set_max_size(0, 0)
[12:31:01.877480] {Default Queue}  -> xdg_surface#29.set_window_geometry(45, 45, 1400, 948)
[12:31:01.877520] {mesa egl surface queue}  -> wl_surface#14.attach(wl_buffer#40, 0, 0)
[12:31:01.877523] {mesa egl surface queue}  -> wl_surface#14.damage(0, 0, 2147483647, 2147483647)
[12:31:01.877525] {mesa egl surface queue}  -> wl_surface#14.commit()
[12:31:01.877532] {mesa egl surface queue}  -> wl_display#1.sync(new id wl_callback#43)
[12:31:01.877588] {Display Queue} wl_display#1.delete_id(43)
[12:31:01.894397] {mesa egl surface queue} wl_callback#43.done(7)
[12:31:01.894415] {mesa egl surface queue} wl_buffer#44.release()
[12:31:01.895273] {Default Queue}  -> xdg_toplevel#30.set_min_size(1400, 948)
[12:31:01.895281] {Default Queue}  -> xdg_toplevel#30.set_max_size(0, 0)
[12:31:01.895283] {Default Queue}  -> xdg_surface#29.set_window_geometry(45, 45, 1400, 948)
[12:31:01.895332] {mesa egl surface queue}  -> wl_surface#14.attach(wl_buffer#44, 0, 0)
[12:31:01.895335] {mesa egl surface queue}  -> wl_surface#14.damage(0, 0, 2147483647, 2147483647)
[12:31:01.895337] {mesa egl surface queue}  -> wl_surface#14.commit()
[12:31:01.895339] {mesa egl surface queue}  -> wl_display#1.sync(new id wl_callback#43)
[12:31:01.895434] {Display Queue} wl_display#1.delete_id(43)
[12:31:01.910879] {mesa egl surface queue} wl_callback#43.done(7)
[12:31:01.910888] {mesa egl surface queue} wl_buffer#40.release()
[12:31:01.911675] {Default Queue}  -> xdg_toplevel#30.set_min_size(1400, 948)
[12:31:01.911681] {Default Queue}  -> xdg_toplevel#30.set_max_size(0, 0)
[12:31:01.911683] {Default Queue}  -> xdg_surface#29.set_window_geometry(45, 45, 1400, 948)
[12:31:01.911723] {mesa egl surface queue}  -> wl_surface#14.attach(wl_buffer#40, 0, 0)
[12:31:01.911725] {mesa egl surface queue}  -> wl_surface#14.damage(0, 0, 2147483647, 2147483647)
[12:31:01.911727] {mesa egl surface queue}  -> wl_surface#14.commit()
[12:31:01.911729] {mesa egl surface queue}  -> wl_display#1.sync(new id wl_callback#43)
[12:31:01.911789] {Display Queue} wl_display#1.delete_id(43)
[12:31:01.927603] {mesa egl surface queue} wl_callback#43.done(7)
[12:31:01.927613] {mesa egl surface queue} wl_buffer#44.release()
[12:31:01.928347] {Default Queue}  -> xdg_toplevel#30.set_min_size(1400, 948)
[12:31:01.928360] {Default Queue}  -> xdg_toplevel#30.set_max_size(0, 0)
[12:31:01.928362] {Default Queue}  -> xdg_surface#29.set_window_geometry(45, 45, 1400, 948)
[12:31:01.928401] {mesa egl surface queue}  -> wl_surface#14.attach(wl_buffer#44, 0, 0)
[12:31:01.928403] {mesa egl surface queue}  -> wl_surface#14.damage(0, 0, 2147483647, 2147483647)
[12:31:01.928405] {mesa egl surface queue}  -> wl_surface#14.commit()
[12:31:01.928407] {mesa egl surface queue}  -> wl_display#1.sync(new id wl_callback#43)
[12:31:01.928500] {Display Queue} wl_display#1.delete_id(43)
[12:31:01.943419] {mesa egl surface queue} wl_callback#43.done(7)
[12:31:01.943427] {mesa egl surface queue} wl_buffer#40.release()
[12:31:01.944170] {Default Queue}  -> xdg_toplevel#30.set_min_size(1400, 948)
[12:31:01.944176] {Default Queue}  -> xdg_toplevel#30.set_max_size(0, 0)
[12:31:01.944178] {Default Queue}  -> xdg_surface#29.set_window_geometry(45, 45, 1400, 948)
[12:31:01.944217] {mesa egl surface queue}  -> wl_surface#14.attach(wl_buffer#40, 0, 0)
[12:31:01.944219] {mesa egl surface queue}  -> wl_surface#14.damage(0, 0, 2147483647, 2147483647)
[12:31:01.944221] {mesa egl surface queue}  -> wl_surface#14.commit()
[12:31:01.944223] {mesa egl surface queue}  -> wl_display#1.sync(new id wl_callback#43)
[12:31:01.944318] {Display Queue} wl_display#1.delete_id(43)
[12:31:01.960032] {mesa egl surface queue} wl_callback#43.done(7)
[12:31:01.960044] {mesa egl surface queue} wl_buffer#44.release()
[12:31:01.960817] {Default Queue}  -> xdg_toplevel#30.set_min_size(1400, 948)
[12:31:01.960822] {Default Queue}  -> xdg_toplevel#30.set_max_size(0, 0)
[12:31:01.960824] {Default Queue}  -> xdg_surface#29.set_window_geometry(45, 45, 1400, 948)
[12:31:01.960861] {mesa egl surface queue}  -> wl_surface#14.attach(wl_buffer#44, 0, 0)
[12:31:01.960864] {mesa egl surface queue}  -> wl_surface#14.damage(0, 0, 2147483647, 2147483647)
[12:31:01.960865] {mesa egl surface queue}  -> wl_surface#14.commit()
[12:31:01.960867] {mesa egl surface queue}  -> wl_display#1.sync(new id wl_callback#43)
[12:31:01.960922] {Display Queue} wl_display#1.delete_id(43)
[12:31:01.977651] {mesa egl surface queue} wl_callback#43.done(7)
[12:31:01.977665] {mesa egl surface queue} wl_buffer#40.release()
[12:31:01.978339] {Default Queue}  -> xdg_toplevel#30.set_min_size(1400, 948)
[12:31:01.978345] {Default Queue}  -> xdg_toplevel#30.set_max_size(0, 0)
[12:31:01.978346] {Default Queue}  -> xdg_surface#29.set_window_geometry(45, 45, 1400, 948)
[12:31:01.978383] {mesa egl surface queue}  -> wl_surface#14.attach(wl_buffer#40, 0, 0)
[12:31:01.978385] {mesa egl surface queue}  -> wl_surface#14.damage(0, 0, 2147483647, 2147483647)
[12:31:01.978387] {mesa egl surface queue}  -> wl_surface#14.commit()
[12:31:01.978389] {mesa egl surface queue}  -> wl_display#1.sync(new id wl_callback#43)
[12:31:01.978436] {Display Queue} wl_display#1.delete_id(43)
[12:31:01.994143] {mesa egl surface queue} wl_callback#43.done(7)
[12:31:01.994155] {mesa egl surface queue} wl_buffer#44.release()
[12:31:01.994983] {Default Queue}  -> xdg_toplevel#30.set_min_size(1400, 948)
[12:31:01.994991] {Default Queue}  -> xdg_toplevel#30.set_max_size(0, 0)
[12:31:01.994993] {Default Queue}  -> xdg_surface#29.set_window_geometry(45, 45, 1400, 948)
[12:31:01.995040] {mesa egl surface queue}  -> wl_surface#14.attach(wl_buffer#44, 0, 0)
[12:31:01.995043] {mesa egl surface queue}  -> wl_surface#14.damage(0, 0, 2147483647, 2147483647)
[12:31:01.995045] {mesa egl surface queue}  -> wl_surface#14.commit()
[12:31:01.995047] {mesa egl surface queue}  -> wl_display#1.sync(new id wl_callback#43)
[12:31:01.995114] {Display Queue} wl_display#1.delete_id(43)
[12:31:02.010854] {mesa egl surface queue} wl_callback#43.done(7)
[12:31:02.010869] {mesa egl surface queue} wl_buffer#40.release()
[12:31:02.011675] {Default Queue}  -> xdg_toplevel#30.set_min_size(1400, 948)
[12:31:02.011682] {Default Queue}  -> xdg_toplevel#30.set_max_size(0, 0)
[12:31:02.011684] {Default Queue}  -> xdg_surface#29.set_window_geometry(45, 45, 1400, 948)
[12:31:02.011728] {mesa egl surface queue}  -> wl_surface#14.attach(wl_buffer#40, 0, 0)
[12:31:02.011730] {mesa egl surface queue}  -> wl_surface#14.damage(0, 0, 2147483647, 2147483647)
[12:31:02.011732] {mesa egl surface queue}  -> wl_surface#14.commit()
[12:31:02.011734] {mesa egl surface queue}  -> wl_display#1.sync(new id wl_callback#43)
[12:31:02.011842] {Display Queue} wl_display#1.delete_id(43)
[12:31:02.027610] {mesa egl surface queue} wl_callback#43.done(7)
[12:31:02.027625] {mesa egl surface queue} wl_buffer#44.release()
[12:31:02.028367] {Default Queue}  -> xdg_toplevel#30.set_min_size(1400, 948)
[12:31:02.028374] {Default Queue}  -> xdg_toplevel#30.set_max_size(0, 0)
[12:31:02.028376] {Default Queue}  -> xdg_surface#29.set_window_geometry(45, 45, 1400, 948)
[12:31:02.028416] {mesa egl surface queue}  -> wl_surface#14.attach(wl_buffer#44, 0, 0)
[12:31:02.028419] {mesa egl surface queue}  -> wl_surface#14.damage(0, 0, 2147483647, 2147483647)
[12:31:02.028421] {mesa egl surface queue}  -> wl_surface#14.commit()
[12:31:02.028423] {mesa egl surface queue}  -> wl_display#1.sync(new id wl_callback#43)
[12:31:02.028504] {Display Queue} wl_display#1.delete_id(43)
[12:31:02.043397] {mesa egl surface queue} wl_callback#43.done(7)
[12:31:02.043408] {mesa egl surface queue} wl_buffer#40.release()
[12:31:02.044150] {Default Queue}  -> xdg_toplevel#30.set_min_size(1400, 948)
[12:31:02.044156] {Default Queue}  -> xdg_toplevel#30.set_max_size(0, 0)
[12:31:02.044158] {Default Queue}  -> xdg_surface#29.set_window_geometry(45, 45, 1400, 948)
[12:31:02.044201] {mesa egl surface queue}  -> wl_surface#14.attach(wl_buffer#40, 0, 0)
[12:31:02.044204] {mesa egl surface queue}  -> wl_surface#14.damage(0, 0, 2147483647, 2147483647)
[12:31:02.044206] {mesa egl surface queue}  -> wl_surface#14.commit()
[12:31:02.044208] {mesa egl surface queue}  -> wl_display#1.sync(new id wl_callback#43)
[12:31:02.044311] {Display Queue} wl_display#1.delete_id(43)
[12:31:02.061003] {mesa egl surface queue} wl_callback#43.done(7)
[12:31:02.061010] {mesa egl surface queue} wl_buffer#44.release()
[12:31:02.061665] {Default Queue}  -> xdg_toplevel#30.set_min_size(1400, 948)
[12:31:02.061670] {Default Queue}  -> xdg_toplevel#30.set_max_size(0, 0)
[12:31:02.061677] {Default Queue}  -> xdg_surface#29.set_window_geometry(45, 45, 1400, 948)
[12:31:02.061719] {mesa egl surface queue}  -> wl_surface#14.attach(wl_buffer#44, 0, 0)
[12:31:02.061722] {mesa egl surface queue}  -> wl_surface#14.damage(0, 0, 2147483647, 2147483647)
[12:31:02.061724] {mesa egl surface queue}  -> wl_surface#14.commit()
[12:31:02.061726] {mesa egl surface queue}  -> wl_display#1.sync(new id wl_callback#43)
[12:31:02.061779] {Display Queue} wl_display#1.delete_id(43)
[12:31:02.077610] {mesa egl surface queue} wl_callback#43.done(7)
[12:31:02.077616] {mesa egl surface queue} wl_buffer#40.release()
[12:31:02.078291] {Default Queue}  -> xdg_toplevel#30.set_min_size(1400, 948)
[12:31:02.078296] {Default Queue}  -> xdg_toplevel#30.set_max_size(0, 0)
[12:31:02.078298] {Default Queue}  -> xdg_surface#29.set_window_geometry(45, 45, 1400, 948)
[12:31:02.078332] {mesa egl surface queue}  -> wl_surface#14.attach(wl_buffer#40, 0, 0)
[12:31:02.078335] {mesa egl surface queue}  -> wl_surface#14.damage(0, 0, 2147483647, 2147483647)
[12:31:02.078337] {mesa egl surface queue}  -> wl_surface#14.commit()
[12:31:02.078338] {mesa egl surface queue}  -> wl_display#1.sync(new id wl_callback#43)
[12:31:02.078388] {Display Queue} wl_display#1.delete_id(43)
[12:31:02.094133] {mesa egl surface queue} wl_callback#43.done(7)
[12:31:02.094150] {mesa egl surface queue} wl_buffer#44.release()
[12:31:02.095024] {Default Queue}  -> xdg_toplevel#30.set_min_size(1400, 948)
[12:31:02.095036] {Default Queue}  -> xdg_toplevel#30.set_max_size(0, 0)
[12:31:02.095038] {Default Queue}  -> xdg_surface#29.set_window_geometry(45, 45, 1400, 948)
[12:31:02.095091] {mesa egl surface queue}  -> wl_surface#14.attach(wl_buffer#44, 0, 0)
[12:31:02.095094] {mesa egl surface queue}  -> wl_surface#14.damage(0, 0, 2147483647, 2147483647)
[12:31:02.095096] {mesa egl surface queue}  -> wl_surface#14.commit()
[12:31:02.095098] {mesa egl surface queue}  -> wl_display#1.sync(new id wl_callback#43)
[12:31:02.095213] {Display Queue} wl_display#1.delete_id(43)
[12:31:02.110901] {mesa egl surface queue} wl_callback#43.done(7)
[12:31:02.110916] {mesa egl surface queue} wl_buffer#40.release()
[12:31:02.111723] {Default Queue}  -> xdg_toplevel#30.set_min_size(1400, 948)
[12:31:02.111729] {Default Queue}  -> xdg_toplevel#30.set_max_size(0, 0)
[12:31:02.111731] {Default Queue}  -> xdg_surface#29.set_window_geometry(45, 45, 1400, 948)
[12:31:02.111785] {mesa egl surface queue}  -> wl_surface#14.attach(wl_buffer#40, 0, 0)
[12:31:02.111789] {mesa egl surface queue}  -> wl_surface#14.damage(0, 0, 2147483647, 2147483647)
[12:31:02.111792] {mesa egl surface queue}  -> wl_surface#14.commit()
[12:31:02.111794] {mesa egl surface queue}  -> wl_display#1.sync(new id wl_callback#43)
[12:31:02.111852] {Display Queue} wl_display#1.delete_id(43)
[12:31:02.127440] {mesa egl surface queue} wl_callback#43.done(7)
[12:31:02.127452] {mesa egl surface queue} wl_buffer#44.release()
[12:31:02.128198] {Default Queue}  -> xdg_toplevel#30.set_min_size(1400, 948)
[12:31:02.128205] {Default Queue}  -> xdg_toplevel#30.set_max_size(0, 0)
[12:31:02.128207] {Default Queue}  -> xdg_surface#29.set_window_geometry(45, 45, 1400, 948)
[12:31:02.128245] {mesa egl surface queue}  -> wl_surface#14.attach(wl_buffer#44, 0, 0)
[12:31:02.128248] {mesa egl surface queue}  -> wl_surface#14.damage(0, 0, 2147483647, 2147483647)
[12:31:02.128250] {mesa egl surface queue}  -> wl_surface#14.commit()
[12:31:02.128251] {mesa egl surface queue}  -> wl_display#1.sync(new id wl_callback#43)
[12:31:02.128346] {Display Queue} wl_display#1.delete_id(43)
[12:31:02.144160] {mesa egl surface queue} wl_callback#43.done(7)
[12:31:02.144172] {mesa egl surface queue} wl_buffer#40.release()
[12:31:02.144919] {Default Queue}  -> xdg_toplevel#30.set_min_size(1400, 948)
[12:31:02.144928] {Default Queue}  -> xdg_toplevel#30.set_max_size(0, 0)
[12:31:02.144931] {Default Queue}  -> xdg_surface#29.set_window_geometry(45, 45, 1400, 948)
[12:31:02.144974] {mesa egl surface queue}  -> wl_surface#14.attach(wl_buffer#40, 0, 0)
[12:31:02.144982] {mesa egl surface queue}  -> wl_surface#14.damage(0, 0, 2147483647, 2147483647)
[12:31:02.144991] {mesa egl surface queue}  -> wl_surface#14.commit()
[12:31:02.144992] {mesa egl surface queue}  -> wl_display#1.sync(new id wl_callback#43)
[12:31:02.145046] {Display Queue} wl_display#1.delete_id(43)
[12:31:02.160901] {mesa egl surface queue} wl_callback#43.done(7)
[12:31:02.160913] {mesa egl surface queue} wl_buffer#44.release()
[12:31:02.161632] {Default Queue}  -> xdg_toplevel#30.set_min_size(1400, 948)
[12:31:02.161638] {Default Queue}  -> xdg_toplevel#30.set_max_size(0, 0)
[12:31:02.161640] {Default Queue}  -> xdg_surface#29.set_window_geometry(45, 45, 1400, 948)
[12:31:02.161681] {mesa egl surface queue}  -> wl_surface#14.attach(wl_buffer#44, 0, 0)
[12:31:02.161684] {mesa egl surface queue}  -> wl_surface#14.damage(0, 0, 2147483647, 2147483647)
[12:31:02.161686] {mesa egl surface queue}  -> wl_surface#14.commit()
[12:31:02.161688] {mesa egl surface queue}  -> wl_display#1.sync(new id wl_callback#43)
[12:31:02.161782] {Display Queue} wl_display#1.delete_id(43)
[12:31:02.177524] {mesa egl surface queue} wl_callback#43.done(7)
[12:31:02.177536] {mesa egl surface queue} wl_buffer#40.release()
[12:31:02.178269] {Default Queue}  -> xdg_toplevel#30.set_min_size(1400, 948)
[12:31:02.178276] {Default Queue}  -> xdg_toplevel#30.set_max_size(0, 0)
[12:31:02.178278] {Default Queue}  -> xdg_surface#29.set_window_geometry(45, 45, 1400, 948)
[12:31:02.178317] {mesa egl surface queue}  -> wl_surface#14.attach(wl_buffer#40, 0, 0)
[12:31:02.178320] {mesa egl surface queue}  -> wl_surface#14.damage(0, 0, 2147483647, 2147483647)
[12:31:02.178322] {mesa egl surface queue}  -> wl_surface#14.commit()
[12:31:02.178324] {mesa egl surface queue}  -> wl_display#1.sync(new id wl_callback#43)
[12:31:02.178425] {Display Queue} wl_display#1.delete_id(43)
[12:31:02.194178] {mesa egl surface queue} wl_callback#43.done(7)
[12:31:02.194194] {mesa egl surface queue} wl_buffer#44.release()
[12:31:02.195050] {Default Queue}  -> xdg_toplevel#30.set_min_size(1400, 948)
[12:31:02.195058] {Default Queue}  -> xdg_toplevel#30.set_max_size(0, 0)
[12:31:02.195060] {Default Queue}  -> xdg_surface#29.set_window_geometry(45, 45, 1400, 948)
[12:31:02.195105] {mesa egl surface queue}  -> wl_surface#14.attach(wl_buffer#44, 0, 0)
[12:31:02.195108] {mesa egl surface queue}  -> wl_surface#14.damage(0, 0, 2147483647, 2147483647)
[12:31:02.195110] {mesa egl surface queue}  -> wl_surface#14.commit()
[12:31:02.195112] {mesa egl surface queue}  -> wl_display#1.sync(new id wl_callback#43)
[12:31:02.195198] {Display Queue} wl_display#1.delete_id(43)
[12:31:02.210897] {mesa egl surface queue} wl_callback#43.done(7)
[12:31:02.210914] {mesa egl surface queue} wl_buffer#40.release()
[12:31:02.211709] {Default Queue}  -> xdg_toplevel#30.set_min_size(1400, 948)
[12:31:02.211717] {Default Queue}  -> xdg_toplevel#30.set_max_size(0, 0)
[12:31:02.211719] {Default Queue}  -> xdg_surface#29.set_window_geometry(45, 45, 1400, 948)
[12:31:02.211770] {mesa egl surface queue}  -> wl_surface#14.attach(wl_buffer#40, 0, 0)
[12:31:02.211773] {mesa egl surface queue}  -> wl_surface#14.damage(0, 0, 2147483647, 2147483647)
[12:31:02.211775] {mesa egl surface queue}  -> wl_surface#14.commit()
[12:31:02.211777] {mesa egl surface queue}  -> wl_display#1.sync(new id wl_callback#43)
[12:31:02.211856] {Display Queue} wl_display#1.delete_id(43)
[12:31:02.227356] {mesa egl surface queue} wl_callback#43.done(7)
[12:31:02.227396] {mesa egl surface queue} wl_buffer#44.release()
[12:31:02.228145] {Default Queue}  -> xdg_toplevel#30.set_min_size(1400, 948)
[12:31:02.228155] {Default Queue}  -> xdg_toplevel#30.set_max_size(0, 0)
[12:31:02.228157] {Default Queue}  -> xdg_surface#29.set_window_geometry(45, 45, 1400, 948)
[12:31:02.228201] {mesa egl surface queue}  -> wl_surface#14.attach(wl_buffer#44, 0, 0)
[12:31:02.228204] {mesa egl surface queue}  -> wl_surface#14.damage(0, 0, 2147483647, 2147483647)
[12:31:02.228206] {mesa egl surface queue}  -> wl_surface#14.commit()
[12:31:02.228213] {mesa egl surface queue}  -> wl_display#1.sync(new id wl_callback#43)
[12:31:02.228286] {Display Queue} wl_display#1.delete_id(43)
[12:31:02.244194] {mesa egl surface queue} wl_callback#43.done(7)
[12:31:02.244207] {mesa egl surface queue} wl_buffer#40.release()
[12:31:02.244922] {Default Queue}  -> xdg_toplevel#30.set_min_size(1400, 948)
[12:31:02.244930] {Default Queue}  -> xdg_toplevel#30.set_max_size(0, 0)
[12:31:02.244932] {Default Queue}  -> xdg_surface#29.set_window_geometry(45, 45, 1400, 948)
[12:31:02.244972] {mesa egl surface queue}  -> wl_surface#14.attach(wl_buffer#40, 0, 0)
[12:31:02.244974] {mesa egl surface queue}  -> wl_surface#14.damage(0, 0, 2147483647, 2147483647)
[12:31:02.244976] {mesa egl surface queue}  -> wl_surface#14.commit()
[12:31:02.244978] {mesa egl surface queue}  -> wl_display#1.sync(new id wl_callback#43)
[12:31:02.245033] {Display Queue} wl_display#1.delete_id(43)
[12:31:02.260770] {mesa egl surface queue} wl_callback#43.done(7)
[12:31:02.260782] {mesa egl surface queue} wl_buffer#44.release()
[12:31:02.261677] {Default Queue}  -> xdg_toplevel#30.set_min_size(1400, 948)
[12:31:02.261687] {Default Queue}  -> xdg_toplevel#30.set_max_size(0, 0)
[12:31:02.261690] {Default Queue}  -> xdg_surface#29.set_window_geometry(45, 45, 1400, 948)
[12:31:02.261738] {mesa egl surface queue}  -> wl_surface#14.attach(wl_buffer#44, 0, 0)
[12:31:02.261749] {mesa egl surface queue}  -> wl_surface#14.damage(0, 0, 2147483647, 2147483647)
[12:31:02.261752] {mesa egl surface queue}  -> wl_surface#14.commit()
[12:31:02.261754] {mesa egl surface queue}  -> wl_display#1.sync(new id wl_callback#43)
[12:31:02.261844] {Display Queue} wl_display#1.delete_id(43)
[12:31:02.276775] {mesa egl surface queue} wl_callback#43.done(7)
[12:31:02.276835] {mesa egl surface queue} wl_buffer#40.release()
[12:31:02.277523] {Default Queue}  -> xdg_toplevel#30.set_min_size(1400, 948)
[12:31:02.277530] {Default Queue}  -> xdg_toplevel#30.set_max_size(0, 0)
[12:31:02.277532] {Default Queue}  -> xdg_surface#29.set_window_geometry(45, 45, 1400, 948)
[12:31:02.277570] {mesa egl surface queue}  -> wl_surface#14.attach(wl_buffer#40, 0, 0)
[12:31:02.277572] {mesa egl surface queue}  -> wl_surface#14.damage(0, 0, 2147483647, 2147483647)
[12:31:02.277574] {mesa egl surface queue}  -> wl_surface#14.commit()
[12:31:02.277576] {mesa egl surface queue}  -> wl_display#1.sync(new id wl_callback#43)
[12:31:02.277669] {Display Queue} wl_display#1.delete_id(43)
[12:31:02.293387] {mesa egl surface queue} wl_callback#43.done(7)
[12:31:02.293403] {mesa egl surface queue} wl_buffer#44.release()
[12:31:02.294295] {Default Queue}  -> xdg_toplevel#30.set_min_size(1400, 948)
[12:31:02.294303] {Default Queue}  -> xdg_toplevel#30.set_max_size(0, 0)
[12:31:02.294305] {Default Queue}  -> xdg_surface#29.set_window_geometry(45, 45, 1400, 948)
[12:31:02.294349] {mesa egl surface queue}  -> wl_surface#14.attach(wl_buffer#44, 0, 0)
[12:31:02.294351] {mesa egl surface queue}  -> wl_surface#14.damage(0, 0, 2147483647, 2147483647)
[12:31:02.294353] {mesa egl surface queue}  -> wl_surface#14.commit()
[12:31:02.294355] {mesa egl surface queue}  -> wl_display#1.sync(new id wl_callback#43)
[12:31:02.294419] {Display Queue} wl_display#1.delete_id(43)
[12:31:02.310142] {mesa egl surface queue} wl_callback#43.done(7)
[12:31:02.310160] {mesa egl surface queue} wl_buffer#40.release()
[12:31:02.311049] {Default Queue}  -> xdg_toplevel#30.set_min_size(1400, 948)
[12:31:02.311058] {Default Queue}  -> xdg_toplevel#30.set_max_size(0, 0)
[12:31:02.311060] {Default Queue}  -> xdg_surface#29.set_window_geometry(45, 45, 1400, 948)
[12:31:02.311103] {mesa egl surface queue}  -> wl_surface#14.attach(wl_buffer#40, 0, 0)
[12:31:02.311106] {mesa egl surface queue}  -> wl_surface#14.damage(0, 0, 2147483647, 2147483647)
[12:31:02.311108] {mesa egl surface queue}  -> wl_surface#14.commit()
[12:31:02.311110] {mesa egl surface queue}  -> wl_display#1.sync(new id wl_callback#43)
[12:31:02.311207] {Display Queue} wl_display#1.delete_id(43)
[12:31:02.326974] {mesa egl surface queue} wl_callback#43.done(7)
[12:31:02.326993] {mesa egl surface queue} wl_buffer#44.release()
[12:31:02.327763] {Default Queue}  -> xdg_toplevel#30.set_min_size(1400, 948)
[12:31:02.327770] {Default Queue}  -> xdg_toplevel#30.set_max_size(0, 0)
[12:31:02.327773] {Default Queue}  -> xdg_surface#29.set_window_geometry(45, 45, 1400, 948)
[12:31:02.327815] {mesa egl surface queue}  -> wl_surface#14.attach(wl_buffer#44, 0, 0)
[12:31:02.327817] {mesa egl surface queue}  -> wl_surface#14.damage(0, 0, 2147483647, 2147483647)
[12:31:02.327819] {mesa egl surface queue}  -> wl_surface#14.commit()
[12:31:02.327821] {mesa egl surface queue}  -> wl_display#1.sync(new id wl_callback#43)
[12:31:02.327926] {Display Queue} wl_display#1.delete_id(43)
[12:31:02.343837] {mesa egl surface queue} wl_callback#43.done(7)
[12:31:02.343857] {mesa egl surface queue} wl_buffer#40.release()
[12:31:02.344662] {Default Queue}  -> xdg_toplevel#30.set_min_size(1400, 948)
[12:31:02.344672] {Default Queue}  -> xdg_toplevel#30.set_max_size(0, 0)
[12:31:02.344676] {Default Queue}  -> xdg_surface#29.set_window_geometry(45, 45, 1400, 948)
[12:31:02.344728] {mesa egl surface queue}  -> wl_surface#14.attach(wl_buffer#40, 0, 0)
[12:31:02.344732] {mesa egl surface queue}  -> wl_surface#14.damage(0, 0, 2147483647, 2147483647)
[12:31:02.344735] {mesa egl surface queue}  -> wl_surface#14.commit()
[12:31:02.344738] {mesa egl surface queue}  -> wl_display#1.sync(new id wl_callback#43)
[12:31:02.344838] {Display Queue} wl_display#1.delete_id(43)
[12:31:02.360580] {mesa egl surface queue} wl_callback#43.done(7)
[12:31:02.360591] {mesa egl surface queue} wl_buffer#44.release()
[12:31:02.361279] {Default Queue}  -> xdg_toplevel#30.set_min_size(1400, 948)
[12:31:02.361284] {Default Queue}  -> xdg_toplevel#30.set_max_size(0, 0)
[12:31:02.361286] {Default Queue}  -> xdg_surface#29.set_window_geometry(45, 45, 1400, 948)
[12:31:02.361326] {mesa egl surface queue}  -> wl_surface#14.attach(wl_buffer#44, 0, 0)
[12:31:02.361329] {mesa egl surface queue}  -> wl_surface#14.damage(0, 0, 2147483647, 2147483647)
[12:31:02.361331] {mesa egl surface queue}  -> wl_surface#14.commit()
[12:31:02.361332] {mesa egl surface queue}  -> wl_display#1.sync(new id wl_callback#43)
[12:31:02.361425] {Display Queue} wl_display#1.delete_id(43)
[12:31:02.377145] {mesa egl surface queue} wl_callback#43.done(7)
[12:31:02.377156] {mesa egl surface queue} wl_buffer#40.release()
[12:31:02.377818] {Default Queue}  -> xdg_toplevel#30.set_min_size(1400, 948)
[12:31:02.377824] {Default Queue}  -> xdg_toplevel#30.set_max_size(0, 0)
[12:31:02.377826] {Default Queue}  -> xdg_surface#29.set_window_geometry(45, 45, 1400, 948)
[12:31:02.377862] {mesa egl surface queue}  -> wl_surface#14.attach(wl_buffer#40, 0, 0)
[12:31:02.377866] {mesa egl surface queue}  -> wl_surface#14.damage(0, 0, 2147483647, 2147483647)
[12:31:02.377868] {mesa egl surface queue}  -> wl_surface#14.commit()
[12:31:02.377870] {mesa egl surface queue}  -> wl_display#1.sync(new id wl_callback#43)
[12:31:02.377925] {Display Queue} wl_display#1.delete_id(43)
[12:31:02.393670] {mesa egl surface queue} wl_callback#43.done(7)
[12:31:02.393684] {mesa egl surface queue} wl_buffer#44.release()
[12:31:02.394561] {Default Queue}  -> xdg_toplevel#30.set_min_size(1400, 948)
[12:31:02.394569] {Default Queue}  -> xdg_toplevel#30.set_max_size(0, 0)
[12:31:02.394571] {Default Queue}  -> xdg_surface#29.set_window_geometry(45, 45, 1400, 948)
[12:31:02.394616] {mesa egl surface queue}  -> wl_surface#14.attach(wl_buffer#44, 0, 0)
[12:31:02.394619] {mesa egl surface queue}  -> wl_surface#14.damage(0, 0, 2147483647, 2147483647)
[12:31:02.394621] {mesa egl surface queue}  -> wl_surface#14.commit()
[12:31:02.394623] {mesa egl surface queue}  -> wl_display#1.sync(new id wl_callback#43)
[12:31:02.394709] {Display Queue} wl_display#1.delete_id(43)
[12:31:02.410705] {mesa egl surface queue} wl_callback#43.done(7)
[12:31:02.410719] {mesa egl surface queue} wl_buffer#40.release()
[12:31:02.411499] {Default Queue}  -> xdg_toplevel#30.set_min_size(1400, 948)
[12:31:02.411506] {Default Queue}  -> xdg_toplevel#30.set_max_size(0, 0)
[12:31:02.411513] {Default Queue}  -> xdg_surface#29.set_window_geometry(45, 45, 1400, 948)
[12:31:02.411560] {mesa egl surface queue}  -> wl_surface#14.attach(wl_buffer#40, 0, 0)
[12:31:02.411562] {mesa egl surface queue}  -> wl_surface#14.damage(0, 0, 2147483647, 2147483647)
[12:31:02.411565] {mesa egl surface queue}  -> wl_surface#14.commit()
[12:31:02.411566] {mesa egl surface queue}  -> wl_display#1.sync(new id wl_callback#43)
[12:31:02.411673] {Display Queue} wl_display#1.delete_id(43)
[12:31:02.427350] {mesa egl surface queue} wl_callback#43.done(7)
[12:31:02.427365] {mesa egl surface queue} wl_buffer#44.release()
[12:31:02.428193] {Default Queue}  -> xdg_toplevel#30.set_min_size(1400, 948)
[12:31:02.428203] {Default Queue}  -> xdg_toplevel#30.set_max_size(0, 0)
[12:31:02.428205] {Default Queue}  -> xdg_surface#29.set_window_geometry(45, 45, 1400, 948)
[12:31:02.428261] {mesa egl surface queue}  -> wl_surface#14.attach(wl_buffer#44, 0, 0)
[12:31:02.428265] {mesa egl surface queue}  -> wl_surface#14.damage(0, 0, 2147483647, 2147483647)
[12:31:02.428268] {mesa egl surface queue}  -> wl_surface#14.commit()
[12:31:02.428271] {mesa egl surface queue}  -> wl_display#1.sync(new id wl_callback#43)
[12:31:02.428389] {Display Queue} wl_display#1.delete_id(43)
[12:31:02.444182] {mesa egl surface queue} wl_callback#43.done(7)
[12:31:02.444195] {mesa egl surface queue} wl_buffer#40.release()
[12:31:02.444946] {Default Queue}  -> xdg_toplevel#30.set_min_size(1400, 948)
[12:31:02.444954] {Default Queue}  -> xdg_toplevel#30.set_max_size(0, 0)
[12:31:02.444957] {Default Queue}  -> xdg_surface#29.set_window_geometry(45, 45, 1400, 948)
[12:31:02.445002] {mesa egl surface queue}  -> wl_surface#14.attach(wl_buffer#40, 0, 0)
[12:31:02.445006] {mesa egl surface queue}  -> wl_surface#14.damage(0, 0, 2147483647, 2147483647)
[12:31:02.445009] {mesa egl surface queue}  -> wl_surface#14.commit()
[12:31:02.445011] {mesa egl surface queue}  -> wl_display#1.sync(new id wl_callback#43)
[12:31:02.445123] {Display Queue} wl_display#1.delete_id(43)
[12:31:02.460890] {mesa egl surface queue} wl_callback#43.done(7)
[12:31:02.460903] {mesa egl surface queue} wl_buffer#44.release()
[12:31:02.461626] {Default Queue}  -> xdg_toplevel#30.set_min_size(1400, 948)
[12:31:02.461633] {Default Queue}  -> xdg_toplevel#30.set_max_size(0, 0)
[12:31:02.461636] {Default Queue}  -> xdg_surface#29.set_window_geometry(45, 45, 1400, 948)
[12:31:02.461680] {mesa egl surface queue}  -> wl_surface#14.attach(wl_buffer#44, 0, 0)
[12:31:02.461683] {mesa egl surface queue}  -> wl_surface#14.damage(0, 0, 2147483647, 2147483647)
[12:31:02.461686] {mesa egl surface queue}  -> wl_surface#14.commit()
[12:31:02.461689] {mesa egl surface queue}  -> wl_display#1.sync(new id wl_callback#43)
[12:31:02.461787] {Display Queue} wl_display#1.delete_id(43)
[12:31:02.477594] {mesa egl surface queue} wl_callback#43.done(7)
[12:31:02.477609] {mesa egl surface queue} wl_buffer#40.release()
[12:31:02.478455] {Default Queue}  -> xdg_toplevel#30.set_min_size(1400, 948)
[12:31:02.478464] {Default Queue}  -> xdg_toplevel#30.set_max_size(0, 0)
[12:31:02.478466] {Default Queue}  -> xdg_surface#29.set_window_geometry(45, 45, 1400, 948)
[12:31:02.478511] {mesa egl surface queue}  -> wl_surface#14.attach(wl_buffer#40, 0, 0)
[12:31:02.478514] {mesa egl surface queue}  -> wl_surface#14.damage(0, 0, 2147483647, 2147483647)
[12:31:02.478516] {mesa egl surface queue}  -> wl_surface#14.commit()
[12:31:02.478518] {mesa egl surface queue}  -> wl_display#1.sync(new id wl_callback#43)
[12:31:02.478614] {Display Queue} wl_display#1.delete_id(43)
[12:31:02.494297] {mesa egl surface queue} wl_callback#43.done(7)
[12:31:02.494315] {mesa egl surface queue} wl_buffer#44.release()
[12:31:02.495238] {Default Queue}  -> xdg_toplevel#30.set_min_size(1400, 948)
[12:31:02.495247] {Default Queue}  -> xdg_toplevel#30.set_max_size(0, 0)
[12:31:02.495249] {Default Queue}  -> xdg_surface#29.set_window_geometry(45, 45, 1400, 948)
[12:31:02.495302] {mesa egl surface queue}  -> wl_surface#14.attach(wl_buffer#44, 0, 0)
[12:31:02.495310] {mesa egl surface queue}  -> wl_surface#14.damage(0, 0, 2147483647, 2147483647)
[12:31:02.495319] {mesa egl surface queue}  -> wl_surface#14.commit()
[12:31:02.495321] {mesa egl surface queue}  -> wl_display#1.sync(new id wl_callback#43)
[12:31:02.495406] {Display Queue} wl_display#1.delete_id(43)
[12:31:02.510114] {mesa egl surface queue} wl_callback#43.done(7)
[12:31:02.510130] {mesa egl surface queue} wl_buffer#40.release()
[12:31:02.511026] {Default Queue}  -> xdg_toplevel#30.set_min_size(1400, 948)
[12:31:02.511033] {Default Queue}  -> xdg_toplevel#30.set_max_size(0, 0)
[12:31:02.511035] {Default Queue}  -> xdg_surface#29.set_window_geometry(45, 45, 1400, 948)
[12:31:02.511080] {mesa egl surface queue}  -> wl_surface#14.attach(wl_buffer#40, 0, 0)
[12:31:02.511083] {mesa egl surface queue}  -> wl_surface#14.damage(0, 0, 2147483647, 2147483647)
[12:31:02.511096] {mesa egl surface queue}  -> wl_surface#14.commit()
[12:31:02.511098] {mesa egl surface queue}  -> wl_display#1.sync(new id wl_callback#43)
[12:31:02.511170] {Display Queue} wl_display#1.delete_id(43)
[12:31:02.526962] {mesa egl surface queue} wl_callback#43.done(7)
[12:31:02.526972] {mesa egl surface queue} wl_buffer#44.release()
[12:31:02.527690] {Default Queue}  -> xdg_toplevel#30.set_min_size(1400, 948)
[12:31:02.527696] {Default Queue}  -> xdg_toplevel#30.set_max_size(0, 0)
[12:31:02.527698] {Default Queue}  -> xdg_surface#29.set_window_geometry(45, 45, 1400, 948)
[12:31:02.527748] {mesa egl surface queue}  -> wl_surface#14.attach(wl_buffer#44, 0, 0)
[12:31:02.527751] {mesa egl surface queue}  -> wl_surface#14.damage(0, 0, 2147483647, 2147483647)
[12:31:02.527753] {mesa egl surface queue}  -> wl_surface#14.commit()
[12:31:02.527755] {mesa egl surface queue}  -> wl_display#1.sync(new id wl_callback#43)
[12:31:02.527835] {Display Queue} wl_display#1.delete_id(43)
[12:31:02.544308] {mesa egl surface queue} wl_callback#43.done(7)
[12:31:02.544313] {mesa egl surface queue} wl_buffer#40.release()
[12:31:02.545009] {Default Queue}  -> xdg_toplevel#30.set_min_size(1400, 948)
[12:31:02.545014] {Default Queue}  -> xdg_toplevel#30.set_max_size(0, 0)
[12:31:02.545016] {Default Queue}  -> xdg_surface#29.set_window_geometry(45, 45, 1400, 948)
[12:31:02.545056] {mesa egl surface queue}  -> wl_surface#14.attach(wl_buffer#40, 0, 0)
[12:31:02.545059] {mesa egl surface queue}  -> wl_surface#14.damage(0, 0, 2147483647, 2147483647)
[12:31:02.545061] {mesa egl surface queue}  -> wl_surface#14.commit()
[12:31:02.545063] {mesa egl surface queue}  -> wl_display#1.sync(new id wl_callback#43)
[12:31:02.545120] {Display Queue} wl_display#1.delete_id(43)
[12:31:02.560984] {mesa egl surface queue} wl_callback#43.done(7)
[12:31:02.560996] {mesa egl surface queue} wl_buffer#44.release()
[12:31:02.561694] {Default Queue}  -> xdg_toplevel#30.set_min_size(1400, 948)
[12:31:02.561700] {Default Queue}  -> xdg_toplevel#30.set_max_size(0, 0)
[12:31:02.561702] {Default Queue}  -> xdg_surface#29.set_window_geometry(45, 45, 1400, 948)
[12:31:02.561744] {mesa egl surface queue}  -> wl_surface#14.attach(wl_buffer#44, 0, 0)
[12:31:02.561747] {mesa egl surface queue}  -> wl_surface#14.damage(0, 0, 2147483647, 2147483647)
[12:31:02.561749] {mesa egl surface queue}  -> wl_surface#14.commit()
[12:31:02.561751] {mesa egl surface queue}  -> wl_display#1.sync(new id wl_callback#43)
[12:31:02.561797] {Display Queue} wl_display#1.delete_id(43)
[12:31:02.577344] {mesa egl surface queue} wl_callback#43.done(7)
[12:31:02.577352] {mesa egl surface queue} wl_buffer#40.release()
[12:31:02.577989] {Default Queue}  -> xdg_toplevel#30.set_min_size(1400, 948)
[12:31:02.577997] {Default Queue}  -> xdg_toplevel#30.set_max_size(0, 0)
[12:31:02.577999] {Default Queue}  -> xdg_surface#29.set_window_geometry(45, 45, 1400, 948)
[12:31:02.578034] {mesa egl surface queue}  -> wl_surface#14.attach(wl_buffer#40, 0, 0)
[12:31:02.578037] {mesa egl surface queue}  -> wl_surface#14.damage(0, 0, 2147483647, 2147483647)
[12:31:02.578039] {mesa egl surface queue}  -> wl_surface#14.commit()
[12:31:02.578047] {mesa egl surface queue}  -> wl_display#1.sync(new id wl_callback#43)
[12:31:02.578100] {Display Queue} wl_display#1.delete_id(43)
[12:31:02.593635] {mesa egl surface queue} wl_callback#43.done(7)
[12:31:02.593645] {mesa egl surface queue} wl_buffer#44.release()
[12:31:02.594447] {Default Queue}  -> xdg_toplevel#30.set_min_size(1400, 948)
[12:31:02.594456] {Default Queue}  -> xdg_toplevel#30.set_max_size(0, 0)
[12:31:02.594458] {Default Queue}  -> xdg_surface#29.set_window_geometry(45, 45, 1400, 948)
[12:31:02.594502] {mesa egl surface queue}  -> wl_surface#14.attach(wl_buffer#44, 0, 0)
[12:31:02.594505] {mesa egl surface queue}  -> wl_surface#14.damage(0, 0, 2147483647, 2147483647)
[12:31:02.594507] {mesa egl surface queue}  -> wl_surface#14.commit()
[12:31:02.594509] {mesa egl surface queue}  -> wl_display#1.sync(new id wl_callback#43)
[12:31:02.594579] {Display Queue} wl_display#1.delete_id(43)
[12:31:02.610210] {mesa egl surface queue} wl_callback#43.done(7)
[12:31:02.610223] {mesa egl surface queue} wl_buffer#40.release()
[12:31:02.611011] {Default Queue}  -> xdg_toplevel#30.set_min_size(1400, 948)
[12:31:02.611017] {Default Queue}  -> xdg_toplevel#30.set_max_size(0, 0)
[12:31:02.611019] {Default Queue}  -> xdg_surface#29.set_window_geometry(45, 45, 1400, 948)
[12:31:02.611059] {mesa egl surface queue}  -> wl_surface#14.attach(wl_buffer#40, 0, 0)
[12:31:02.611062] {mesa egl surface queue}  -> wl_surface#14.damage(0, 0, 2147483647, 2147483647)
[12:31:02.611064] {mesa egl surface queue}  -> wl_surface#14.commit()
[12:31:02.611066] {mesa egl surface queue}  -> wl_display#1.sync(new id wl_callback#43)
[12:31:02.611122] {Display Queue} wl_display#1.delete_id(43)
[12:31:02.627712] {mesa egl surface queue} wl_callback#43.done(7)
[12:31:02.627727] {mesa egl surface queue} wl_buffer#44.release()
[12:31:02.628546] {Default Queue}  -> xdg_toplevel#30.set_min_size(1400, 948)
[12:31:02.628554] {Default Queue}  -> xdg_toplevel#30.set_max_size(0, 0)
[12:31:02.628556] {Default Queue}  -> xdg_surface#29.set_window_geometry(45, 45, 1400, 948)
[12:31:02.628600] {mesa egl surface queue}  -> wl_surface#14.attach(wl_buffer#44, 0, 0)
[12:31:02.628603] {mesa egl surface queue}  -> wl_surface#14.damage(0, 0, 2147483647, 2147483647)
[12:31:02.628605] {mesa egl surface queue}  -> wl_surface#14.commit()
[12:31:02.628607] {mesa egl surface queue}  -> wl_display#1.sync(new id wl_callback#43)
[12:31:02.628717] {Display Queue} wl_display#1.delete_id(43)
[12:31:02.644430] {mesa egl surface queue} wl_callback#43.done(7)
[12:31:02.644442] {mesa egl surface queue} wl_buffer#40.release()
[12:31:02.645186] {Default Queue}  -> xdg_toplevel#30.set_min_size(1400, 948)
[12:31:02.645193] {Default Queue}  -> xdg_toplevel#30.set_max_size(0, 0)
[12:31:02.645195] {Default Queue}  -> xdg_surface#29.set_window_geometry(45, 45, 1400, 948)
[12:31:02.645236] {mesa egl surface queue}  -> wl_surface#14.attach(wl_buffer#40, 0, 0)
[12:31:02.645239] {mesa egl surface queue}  -> wl_surface#14.damage(0, 0, 2147483647, 2147483647)
[12:31:02.645241] {mesa egl surface queue}  -> wl_surface#14.commit()
[12:31:02.645243] {mesa egl surface queue}  -> wl_display#1.sync(new id wl_callback#43)
[12:31:02.645292] {Display Queue} wl_display#1.delete_id(43)
[12:31:02.660996] {mesa egl surface queue} wl_callback#43.done(7)
[12:31:02.661002] {mesa egl surface queue} wl_buffer#44.release()
[12:31:02.661651] {Default Queue}  -> xdg_toplevel#30.set_min_size(1400, 948)
[12:31:02.661661] {Default Queue}  -> xdg_toplevel#30.set_max_size(0, 0)
[12:31:02.661663] {Default Queue}  -> xdg_surface#29.set_window_geometry(45, 45, 1400, 948)
[12:31:02.661700] {mesa egl surface queue}  -> wl_surface#14.attach(wl_buffer#44, 0, 0)
[12:31:02.661703] {mesa egl surface queue}  -> wl_surface#14.damage(0, 0, 2147483647, 2147483647)
[12:31:02.661705] {mesa egl surface queue}  -> wl_surface#14.commit()
[12:31:02.661707] {mesa egl surface queue}  -> wl_display#1.sync(new id wl_callback#43)
[12:31:02.661769] {Display Queue} wl_display#1.delete_id(43)
[12:31:02.677345] {mesa egl surface queue} wl_callback#43.done(7)
[12:31:02.677363] {mesa egl surface queue} wl_buffer#40.release()
[12:31:02.678188] {Default Queue}  -> xdg_toplevel#30.set_min_size(1400, 948)
[12:31:02.678199] {Default Queue}  -> xdg_toplevel#30.set_max_size(0, 0)
[12:31:02.678201] {Default Queue}  -> xdg_surface#29.set_window_geometry(45, 45, 1400, 948)
[12:31:02.678245] {mesa egl surface queue}  -> wl_surface#14.attach(wl_buffer#40, 0, 0)
[12:31:02.678248] {mesa egl surface queue}  -> wl_surface#14.damage(0, 0, 2147483647, 2147483647)
[12:31:02.678250] {mesa egl surface queue}  -> wl_surface#14.commit()
[12:31:02.678252] {mesa egl surface queue}  -> wl_display#1.sync(new id wl_callback#43)
[12:31:02.678322] {Display Queue} wl_display#1.delete_id(43)
[12:31:02.694104] {mesa egl surface queue} wl_callback#43.done(7)
[12:31:02.694120] {mesa egl surface queue} wl_buffer#44.release()
[12:31:02.695398] {Default Queue}  -> xdg_toplevel#30.set_min_size(1400, 948)
[12:31:02.695406] {Default Queue}  -> xdg_toplevel#30.set_max_size(0, 0)
[12:31:02.695409] {Default Queue}  -> xdg_surface#29.set_window_geometry(45, 45, 1400, 948)
[12:31:02.695465] {mesa egl surface queue}  -> wl_surface#14.attach(wl_buffer#44, 0, 0)
[12:31:02.695468] {mesa egl surface queue}  -> wl_surface#14.damage(0, 0, 2147483647, 2147483647)
[12:31:02.695470] {mesa egl surface queue}  -> wl_surface#14.commit()
[12:31:02.695472] {mesa egl surface queue}  -> wl_display#1.sync(new id wl_callback#43)
[12:31:02.695572] {Display Queue} wl_display#1.delete_id(43)
[12:31:02.710191] {mesa egl surface queue} wl_callback#43.done(7)
[12:31:02.710206] {mesa egl surface queue} wl_buffer#40.release()
[12:31:02.711093] {Default Queue}  -> xdg_toplevel#30.set_min_size(1400, 948)
[12:31:02.711101] {Default Queue}  -> xdg_toplevel#30.set_max_size(0, 0)
[12:31:02.711104] {Default Queue}  -> xdg_surface#29.set_window_geometry(45, 45, 1400, 948)
[12:31:02.711148] {mesa egl surface queue}  -> wl_surface#14.attach(wl_buffer#40, 0, 0)
[12:31:02.711150] {mesa egl surface queue}  -> wl_surface#14.damage(0, 0, 2147483647, 2147483647)
[12:31:02.711152] {mesa egl surface queue}  -> wl_surface#14.commit()
[12:31:02.711154] {mesa egl surface queue}  -> wl_display#1.sync(new id wl_callback#43)
[12:31:02.711223] {Display Queue} wl_display#1.delete_id(43)
[12:31:02.726797] {mesa egl surface queue} wl_callback#43.done(7)
[12:31:02.726810] {mesa egl surface queue} wl_buffer#44.release()
[12:31:02.727616] {Default Queue}  -> xdg_toplevel#30.set_min_size(1400, 948)
[12:31:02.727627] {Default Queue}  -> xdg_toplevel#30.set_max_size(0, 0)
[12:31:02.727630] {Default Queue}  -> xdg_surface#29.set_window_geometry(45, 45, 1400, 948)
[12:31:02.727669] {mesa egl surface queue}  -> wl_surface#14.attach(wl_buffer#44, 0, 0)
[12:31:02.727672] {mesa egl surface queue}  -> wl_surface#14.damage(0, 0, 2147483647, 2147483647)
[12:31:02.727674] {mesa egl surface queue}  -> wl_surface#14.commit()
[12:31:02.727676] {mesa egl surface queue}  -> wl_display#1.sync(new id wl_callback#43)
[12:31:02.727747] {Display Queue} wl_display#1.delete_id(43)
[12:31:02.743559] {mesa egl surface queue} wl_callback#43.done(7)
[12:31:02.743570] {mesa egl surface queue} wl_buffer#40.release()
[12:31:02.744279] {Default Queue}  -> xdg_toplevel#30.set_min_size(1400, 948)
[12:31:02.744285] {Default Queue}  -> xdg_toplevel#30.set_max_size(0, 0)
[12:31:02.744287] {Default Queue}  -> xdg_surface#29.set_window_geometry(45, 45, 1400, 948)
[12:31:02.744331] {mesa egl surface queue}  -> wl_surface#14.attach(wl_buffer#40, 0, 0)
[12:31:02.744333] {mesa egl surface queue}  -> wl_surface#14.damage(0, 0, 2147483647, 2147483647)
[12:31:02.744335] {mesa egl surface queue}  -> wl_surface#14.commit()
[12:31:02.744337] {mesa egl surface queue}  -> wl_display#1.sync(new id wl_callback#43)
[12:31:02.744446] {Display Queue} wl_display#1.delete_id(43)
[12:31:02.760193] {mesa egl surface queue} wl_callback#43.done(7)
[12:31:02.760205] {mesa egl surface queue} wl_buffer#44.release()
[12:31:02.760903] {Default Queue}  -> xdg_toplevel#30.set_min_size(1400, 948)
[12:31:02.760911] {Default Queue}  -> xdg_toplevel#30.set_max_size(0, 0)
[12:31:02.760919] {Default Queue}  -> xdg_surface#29.set_window_geometry(45, 45, 1400, 948)
[12:31:02.760970] {mesa egl surface queue}  -> wl_surface#14.attach(wl_buffer#44, 0, 0)
[12:31:02.760972] {mesa egl surface queue}  -> wl_surface#14.damage(0, 0, 2147483647, 2147483647)
[12:31:02.760974] {mesa egl surface queue}  -> wl_surface#14.commit()
[12:31:02.760976] {mesa egl surface queue}  -> wl_display#1.sync(new id wl_callback#43)
[12:31:02.761035] {Display Queue} wl_display#1.delete_id(43)
[12:31:02.776762] {mesa egl surface queue} wl_callback#43.done(7)
[12:31:02.776775] {mesa egl surface queue} wl_buffer#40.release()
[12:31:02.777523] {Default Queue}  -> xdg_toplevel#30.set_min_size(1400, 948)
[12:31:02.777530] {Default Queue}  -> xdg_toplevel#30.set_max_size(0, 0)
[12:31:02.777532] {Default Queue}  -> xdg_surface#29.set_window_geometry(45, 45, 1400, 948)
[12:31:02.777575] {mesa egl surface queue}  -> wl_surface#14.attach(wl_buffer#40, 0, 0)
[12:31:02.777578] {mesa egl surface queue}  -> wl_surface#14.damage(0, 0, 2147483647, 2147483647)
[12:31:02.777580] {mesa egl surface queue}  -> wl_surface#14.commit()
[12:31:02.777582] {mesa egl surface queue}  -> wl_display#1.sync(new id wl_callback#43)
[12:31:02.777640] {Display Queue} wl_display#1.delete_id(43)
[12:31:02.794276] {mesa egl surface queue} wl_callback#43.done(7)
[12:31:02.794295] {mesa egl surface queue} wl_buffer#44.release()
[12:31:02.795164] {Default Queue}  -> xdg_toplevel#30.set_min_size(1400, 948)
[12:31:02.795171] {Default Queue}  -> xdg_toplevel#30.set_max_size(0, 0)
[12:31:02.795174] {Default Queue}  -> xdg_surface#29.set_window_geometry(45, 45, 1400, 948)
[12:31:02.795217] {mesa egl surface queue}  -> wl_surface#14.attach(wl_buffer#44, 0, 0)
[12:31:02.795224] {mesa egl surface queue}  -> wl_surface#14.damage(0, 0, 2147483647, 2147483647)
[12:31:02.795226] {mesa egl surface queue}  -> wl_surface#14.commit()
[12:31:02.795228] {mesa egl surface queue}  -> wl_display#1.sync(new id wl_callback#43)
[12:31:02.795303] {Display Queue} wl_display#1.delete_id(43)
[12:31:02.810878] {mesa egl surface queue} wl_callback#43.done(7)
[12:31:02.810894] {mesa egl surface queue} wl_buffer#40.release()
[12:31:02.811762] {Default Queue}  -> xdg_toplevel#30.set_min_size(1400, 948)
[12:31:02.811770] {Default Queue}  -> xdg_toplevel#30.set_max_size(0, 0)
[12:31:02.811772] {Default Queue}  -> xdg_surface#29.set_window_geometry(45, 45, 1400, 948)
[12:31:02.811814] {mesa egl surface queue}  -> wl_surface#14.attach(wl_buffer#40, 0, 0)
[12:31:02.811818] {mesa egl surface queue}  -> wl_surface#14.damage(0, 0, 2147483647, 2147483647)
[12:31:02.811820] {mesa egl surface queue}  -> wl_surface#14.commit()
[12:31:02.811821] {mesa egl surface queue}  -> wl_display#1.sync(new id wl_callback#43)
[12:31:02.811892] {Display Queue} wl_display#1.delete_id(43)
[12:31:02.827770] {mesa egl surface queue} wl_callback#43.done(7)
[12:31:02.827780] {mesa egl surface queue} wl_buffer#44.release()
[12:31:02.828444] {Default Queue}  -> xdg_toplevel#30.set_min_size(1400, 948)
[12:31:02.828449] {Default Queue}  -> xdg_toplevel#30.set_max_size(0, 0)
[12:31:02.828451] {Default Queue}  -> xdg_surface#29.set_window_geometry(45, 45, 1400, 948)
[12:31:02.828488] {mesa egl surface queue}  -> wl_surface#14.attach(wl_buffer#44, 0, 0)
[12:31:02.828491] {mesa egl surface queue}  -> wl_surface#14.damage(0, 0, 2147483647, 2147483647)
[12:31:02.828493] {mesa egl surface queue}  -> wl_surface#14.commit()
[12:31:02.828495] {mesa egl surface queue}  -> wl_display#1.sync(new id wl_callback#43)
[12:31:02.828593] {Display Queue} wl_display#1.delete_id(43)
[12:31:02.844245] {mesa egl surface queue} wl_callback#43.done(7)
[12:31:02.844259] {mesa egl surface queue} wl_buffer#40.release()
[12:31:02.845080] {Default Queue}  -> xdg_toplevel#30.set_min_size(1400, 948)
[12:31:02.845088] {Default Queue}  -> xdg_toplevel#30.set_max_size(0, 0)
[12:31:02.845091] {Default Queue}  -> xdg_surface#29.set_window_geometry(45, 45, 1400, 948)
[12:31:02.845131] {mesa egl surface queue}  -> wl_surface#14.attach(wl_buffer#40, 0, 0)
[12:31:02.845139] {mesa egl surface queue}  -> wl_surface#14.damage(0, 0, 2147483647, 2147483647)
[12:31:02.845148] {mesa egl surface queue}  -> wl_surface#14.commit()
[12:31:02.845150] {mesa egl surface queue}  -> wl_display#1.sync(new id wl_callback#43)
[12:31:02.845217] {Display Queue} wl_display#1.delete_id(43)
[12:31:02.861033] {mesa egl surface queue} wl_callback#43.done(7)
[12:31:02.861043] {mesa egl surface queue} wl_buffer#44.release()
[12:31:02.861704] {Default Queue}  -> xdg_toplevel#30.set_min_size(1400, 948)
[12:31:02.861709] {Default Queue}  -> xdg_toplevel#30.set_max_size(0, 0)
[12:31:02.861710] {Default Queue}  -> xdg_surface#29.set_window_geometry(45, 45, 1400, 948)
[12:31:02.861752] {mesa egl surface queue}  -> wl_surface#14.attach(wl_buffer#44, 0, 0)
[12:31:02.861757] {mesa egl surface queue}  -> wl_surface#14.damage(0, 0, 2147483647, 2147483647)
[12:31:02.861760] {mesa egl surface queue}  -> wl_surface#14.commit()
[12:31:02.861765] {mesa egl surface queue}  -> wl_display#1.sync(new id wl_callback#43)
[12:31:02.861836] {Display Queue} wl_display#1.delete_id(43)
[12:31:02.877591] {mesa egl surface queue} wl_callback#43.done(7)
[12:31:02.877602] {mesa egl surface queue} wl_buffer#40.release()
[12:31:02.878320] {Default Queue}  -> xdg_toplevel#30.set_min_size(1400, 948)
[12:31:02.878327] {Default Queue}  -> xdg_toplevel#30.set_max_size(0, 0)
[12:31:02.878329] {Default Queue}  -> xdg_surface#29.set_window_geometry(45, 45, 1400, 948)
[12:31:02.878370] {mesa egl surface queue}  -> wl_surface#14.attach(wl_buffer#40, 0, 0)
[12:31:02.878373] {mesa egl surface queue}  -> wl_surface#14.damage(0, 0, 2147483647, 2147483647)
[12:31:02.878375] {mesa egl surface queue}  -> wl_surface#14.commit()
[12:31:02.878377] {mesa egl surface queue}  -> wl_display#1.sync(new id wl_callback#43)
[12:31:02.878466] {Display Queue} wl_display#1.delete_id(43)
[12:31:02.894199] {mesa egl surface queue} wl_callback#43.done(7)
[12:31:02.894216] {mesa egl surface queue} wl_buffer#44.release()
[12:31:02.895102] {Default Queue}  -> xdg_toplevel#30.set_min_size(1400, 948)
[12:31:02.895110] {Default Queue}  -> xdg_toplevel#30.set_max_size(0, 0)
[12:31:02.895112] {Default Queue}  -> xdg_surface#29.set_window_geometry(45, 45, 1400, 948)
[12:31:02.895156] {mesa egl surface queue}  -> wl_surface#14.attach(wl_buffer#44, 0, 0)
[12:31:02.895159] {mesa egl surface queue}  -> wl_surface#14.damage(0, 0, 2147483647, 2147483647)
[12:31:02.895161] {mesa egl surface queue}  -> wl_surface#14.commit()
[12:31:02.895163] {mesa egl surface queue}  -> wl_display#1.sync(new id wl_callback#43)
[12:31:02.895224] {Display Queue} wl_display#1.delete_id(43)
[12:31:02.910894] {mesa egl surface queue} wl_callback#43.done(7)
[12:31:02.910908] {mesa egl surface queue} wl_buffer#40.release()
[12:31:02.911722] {Default Queue}  -> xdg_toplevel#30.set_min_size(1400, 948)
[12:31:02.911729] {Default Queue}  -> xdg_toplevel#30.set_max_size(0, 0)
[12:31:02.911731] {Default Queue}  -> xdg_surface#29.set_window_geometry(45, 45, 1400, 948)
[12:31:02.911781] {mesa egl surface queue}  -> wl_surface#14.attach(wl_buffer#40, 0, 0)
[12:31:02.911783] {mesa egl surface queue}  -> wl_surface#14.damage(0, 0, 2147483647, 2147483647)
[12:31:02.911785] {mesa egl surface queue}  -> wl_surface#14.commit()
[12:31:02.911787] {mesa egl surface queue}  -> wl_display#1.sync(new id wl_callback#43)
[12:31:02.911858] {Display Queue} wl_display#1.delete_id(43)
[12:31:02.927557] {mesa egl surface queue} wl_callback#43.done(7)
[12:31:02.927572] {mesa egl surface queue} wl_buffer#44.release()
[12:31:02.928437] {Default Queue}  -> xdg_toplevel#30.set_min_size(1400, 948)
[12:31:02.928447] {Default Queue}  -> xdg_toplevel#30.set_max_size(0, 0)
[12:31:02.928449] {Default Queue}  -> xdg_surface#29.set_window_geometry(45, 45, 1400, 948)
[12:31:02.928497] {mesa egl surface queue}  -> wl_surface#14.attach(wl_buffer#44, 0, 0)
[12:31:02.928500] {mesa egl surface queue}  -> wl_surface#14.damage(0, 0, 2147483647, 2147483647)
[12:31:02.928502] {mesa egl surface queue}  -> wl_surface#14.commit()
[12:31:02.928509] {mesa egl surface queue}  -> wl_display#1.sync(new id wl_callback#43)
[12:31:02.928580] {Display Queue} wl_display#1.delete_id(43)
[12:31:02.943596] {mesa egl surface queue} wl_callback#43.done(7)
[12:31:02.943608] {mesa egl surface queue} wl_buffer#40.release()
[12:31:02.944383] {Default Queue}  -> xdg_toplevel#30.set_min_size(1400, 948)
[12:31:02.944390] {Default Queue}  -> xdg_toplevel#30.set_max_size(0, 0)
[12:31:02.944392] {Default Queue}  -> xdg_surface#29.set_window_geometry(45, 45, 1400, 948)
[12:31:02.944431] {mesa egl surface queue}  -> wl_surface#14.attach(wl_buffer#40, 0, 0)
[12:31:02.944434] {mesa egl surface queue}  -> wl_surface#14.damage(0, 0, 2147483647, 2147483647)
[12:31:02.944436] {mesa egl surface queue}  -> wl_surface#14.commit()
[12:31:02.944437] {mesa egl surface queue}  -> wl_display#1.sync(new id wl_callback#43)
[12:31:02.944489] {Display Queue} wl_display#1.delete_id(43)
[12:31:02.960292] {mesa egl surface queue} wl_callback#43.done(7)
[12:31:02.960306] {mesa egl surface queue} wl_buffer#44.release()
[12:31:02.961099] {Default Queue}  -> xdg_toplevel#30.set_min_size(1400, 948)
[12:31:02.961107] {Default Queue}  -> xdg_toplevel#30.set_max_size(0, 0)
[12:31:02.961108] {Default Queue}  -> xdg_surface#29.set_window_geometry(45, 45, 1400, 948)
[12:31:02.961151] {mesa egl surface queue}  -> wl_surface#14.attach(wl_buffer#44, 0, 0)
[12:31:02.961154] {mesa egl surface queue}  -> wl_surface#14.damage(0, 0, 2147483647, 2147483647)
[12:31:02.961156] {mesa egl surface queue}  -> wl_surface#14.commit()
[12:31:02.961157] {mesa egl surface queue}  -> wl_display#1.sync(new id wl_callback#43)
[12:31:02.961209] {Display Queue} wl_display#1.delete_id(43)
[12:31:02.977001] {mesa egl surface queue} wl_callback#43.done(7)
[12:31:02.977006] {mesa egl surface queue} wl_buffer#40.release()
[12:31:02.977643] {Default Queue}  -> xdg_toplevel#30.set_min_size(1400, 948)
[12:31:02.977649] {Default Queue}  -> xdg_toplevel#30.set_max_size(0, 0)
[12:31:02.977651] {Default Queue}  -> xdg_surface#29.set_window_geometry(45, 45, 1400, 948)
[12:31:02.977685] {mesa egl surface queue}  -> wl_surface#14.attach(wl_buffer#40, 0, 0)
[12:31:02.977688] {mesa egl surface queue}  -> wl_surface#14.damage(0, 0, 2147483647, 2147483647)
[12:31:02.977689] {mesa egl surface queue}  -> wl_surface#14.commit()
[12:31:02.977691] {mesa egl surface queue}  -> wl_display#1.sync(new id wl_callback#43)
[12:31:02.977737] {Display Queue} wl_display#1.delete_id(43)
[12:31:02.993646] {mesa egl surface queue} wl_callback#43.done(7)
[12:31:02.993661] {mesa egl surface queue} wl_buffer#44.release()
[12:31:02.994482] {Default Queue}  -> xdg_toplevel#30.set_min_size(1400, 948)
[12:31:02.994492] {Default Queue}  -> xdg_toplevel#30.set_max_size(0, 0)
[12:31:02.994495] {Default Queue}  -> xdg_surface#29.set_window_geometry(45, 45, 1400, 948)
[12:31:02.994538] {mesa egl surface queue}  -> wl_surface#14.attach(wl_buffer#44, 0, 0)
[12:31:02.994541] {mesa egl surface queue}  -> wl_surface#14.damage(0, 0, 2147483647, 2147483647)
[12:31:02.994543] {mesa egl surface queue}  -> wl_surface#14.commit()
[12:31:02.994545] {mesa egl surface queue}  -> wl_display#1.sync(new id wl_callback#43)
[12:31:02.994606] {Display Queue} wl_display#1.delete_id(43)
[12:31:03.010288] {mesa egl surface queue} wl_callback#43.done(7)
[12:31:03.010301] {mesa egl surface queue} wl_buffer#40.release()
[12:31:03.011161] {Default Queue}  -> xdg_toplevel#30.set_min_size(1400, 948)
[12:31:03.011169] {Default Queue}  -> xdg_toplevel#30.set_max_size(0, 0)
[12:31:03.011171] {Default Queue}  -> xdg_surface#29.set_window_geometry(45, 45, 1400, 948)
[12:31:03.011216] {mesa egl surface queue}  -> wl_surface#14.attach(wl_buffer#40, 0, 0)
[12:31:03.011218] {mesa egl surface queue}  -> wl_surface#14.damage(0, 0, 2147483647, 2147483647)
[12:31:03.011220] {mesa egl surface queue}  -> wl_surface#14.commit()
[12:31:03.011222] {mesa egl surface queue}  -> wl_display#1.sync(new id wl_callback#43)
[12:31:03.011293] {Display Queue} wl_display#1.delete_id(43)
[12:31:03.026898] {mesa egl surface queue} wl_callback#43.done(7)
[12:31:03.026915] {mesa egl surface queue} wl_buffer#44.release()
[12:31:03.027605] {Default Queue}  -> xdg_toplevel#30.set_min_size(1400, 948)
[12:31:03.027611] {Default Queue}  -> xdg_toplevel#30.set_max_size(0, 0)
[12:31:03.027613] {Default Queue}  -> xdg_surface#29.set_window_geometry(45, 45, 1400, 948)
[12:31:03.027655] {mesa egl surface queue}  -> wl_surface#14.attach(wl_buffer#44, 0, 0)
[12:31:03.027659] {mesa egl surface queue}  -> wl_surface#14.damage(0, 0, 2147483647, 2147483647)
[12:31:03.027661] {mesa egl surface queue}  -> wl_surface#14.commit()
[12:31:03.027662] {mesa egl surface queue}  -> wl_display#1.sync(new id wl_callback#43)
[12:31:03.027752] {Display Queue} wl_display#1.delete_id(43)
[12:31:03.043429] {mesa egl surface queue} wl_callback#43.done(7)
[12:31:03.043442] {mesa egl surface queue} wl_buffer#40.release()
[12:31:03.044181] {Default Queue}  -> xdg_toplevel#30.set_min_size(1400, 948)
[12:31:03.044186] {Default Queue}  -> xdg_toplevel#30.set_max_size(0, 0)
[12:31:03.044189] {Default Queue}  -> xdg_surface#29.set_window_geometry(45, 45, 1400, 948)
[12:31:03.044235] {mesa egl surface queue}  -> wl_surface#14.attach(wl_buffer#40, 0, 0)
[12:31:03.044239] {mesa egl surface queue}  -> wl_surface#14.damage(0, 0, 2147483647, 2147483647)
[12:31:03.044241] {mesa egl surface queue}  -> wl_surface#14.commit()
[12:31:03.044243] {mesa egl surface queue}  -> wl_display#1.sync(new id wl_callback#43)
[12:31:03.044318] {Display Queue} wl_display#1.delete_id(43)
[12:31:03.060995] {mesa egl surface queue} wl_callback#43.done(7)
[12:31:03.061004] {mesa egl surface queue} wl_buffer#44.release()
[12:31:03.061674] {Default Queue}  -> xdg_toplevel#30.set_min_size(1400, 948)
[12:31:03.061682] {Default Queue}  -> xdg_toplevel#30.set_max_size(0, 0)
[12:31:03.061684] {Default Queue}  -> xdg_surface#29.set_window_geometry(45, 45, 1400, 948)
[12:31:03.061723] {mesa egl surface queue}  -> wl_surface#14.attach(wl_buffer#44, 0, 0)
[12:31:03.061725] {mesa egl surface queue}  -> wl_surface#14.damage(0, 0, 2147483647, 2147483647)
[12:31:03.061727] {mesa egl surface queue}  -> wl_surface#14.commit()
[12:31:03.061729] {mesa egl surface queue}  -> wl_display#1.sync(new id wl_callback#43)
[12:31:03.061781] {Display Queue} wl_display#1.delete_id(43)
[12:31:03.077373] {mesa egl surface queue} wl_callback#43.done(7)
[12:31:03.077382] {mesa egl surface queue} wl_buffer#40.release()
[12:31:03.078033] {Default Queue}  -> xdg_toplevel#30.set_min_size(1400, 948)
[12:31:03.078039] {Default Queue}  -> xdg_toplevel#30.set_max_size(0, 0)
[12:31:03.078041] {Default Queue}  -> xdg_surface#29.set_window_geometry(45, 45, 1400, 948)
[12:31:03.078077] {mesa egl surface queue}  -> wl_surface#14.attach(wl_buffer#40, 0, 0)
[12:31:03.078080] {mesa egl surface queue}  -> wl_surface#14.damage(0, 0, 2147483647, 2147483647)
[12:31:03.078083] {mesa egl surface queue}  -> wl_surface#14.commit()
[12:31:03.078085] {mesa egl surface queue}  -> wl_display#1.sync(new id wl_callback#43)
[12:31:03.078135] {Display Queue} wl_display#1.delete_id(43)
[12:31:03.093898] {mesa egl surface queue} wl_callback#43.done(7)
[12:31:03.093913] {mesa egl surface queue} wl_buffer#44.release()
[12:31:03.094807] {Default Queue}  -> xdg_toplevel#30.set_min_size(1400, 948)
[12:31:03.094816] {Default Queue}  -> xdg_toplevel#30.set_max_size(0, 0)
[12:31:03.094822] {Default Queue}  -> xdg_surface#29.set_window_geometry(45, 45, 1400, 948)
[12:31:03.094871] {mesa egl surface queue}  -> wl_surface#14.attach(wl_buffer#44, 0, 0)
[12:31:03.094874] {mesa egl surface queue}  -> wl_surface#14.damage(0, 0, 2147483647, 2147483647)
[12:31:03.094876] {mesa egl surface queue}  -> wl_surface#14.commit()
[12:31:03.094878] {mesa egl surface queue}  -> wl_display#1.sync(new id wl_callback#43)
[12:31:03.094955] {Display Queue} wl_display#1.delete_id(43)
[12:31:03.110678] {mesa egl surface queue} wl_callback#43.done(7)
[12:31:03.110692] {mesa egl surface queue} wl_buffer#40.release()
[12:31:03.111517] {Default Queue}  -> xdg_toplevel#30.set_min_size(1400, 948)
[12:31:03.111525] {Default Queue}  -> xdg_toplevel#30.set_max_size(0, 0)
[12:31:03.111532] {Default Queue}  -> xdg_surface#29.set_window_geometry(45, 45, 1400, 948)
[12:31:03.111582] {mesa egl surface queue}  -> wl_surface#14.attach(wl_buffer#40, 0, 0)
[12:31:03.111585] {mesa egl surface queue}  -> wl_surface#14.damage(0, 0, 2147483647, 2147483647)
[12:31:03.111587] {mesa egl surface queue}  -> wl_surface#14.commit()
[12:31:03.111589] {mesa egl surface queue}  -> wl_display#1.sync(new id wl_callback#43)
[12:31:03.111646] {Display Queue} wl_display#1.delete_id(43)
[12:31:03.127364] {mesa egl surface queue} wl_callback#43.done(7)
[12:31:03.127376] {mesa egl surface queue} wl_buffer#44.release()
[12:31:03.128137] {Default Queue}  -> xdg_toplevel#30.set_min_size(1400, 948)
[12:31:03.128143] {Default Queue}  -> xdg_toplevel#30.set_max_size(0, 0)
[12:31:03.128146] {Default Queue}  -> xdg_surface#29.set_window_geometry(45, 45, 1400, 948)
[12:31:03.128185] {mesa egl surface queue}  -> wl_surface#14.attach(wl_buffer#44, 0, 0)
[12:31:03.128187] {mesa egl surface queue}  -> wl_surface#14.damage(0, 0, 2147483647, 2147483647)
[12:31:03.128189] {mesa egl surface queue}  -> wl_surface#14.commit()
[12:31:03.128191] {mesa egl surface queue}  -> wl_display#1.sync(new id wl_callback#43)
[12:31:03.128281] {Display Queue} wl_display#1.delete_id(43)
[12:31:03.143899] {mesa egl surface queue} wl_callback#43.done(7)
[12:31:03.143913] {mesa egl surface queue} wl_buffer#40.release()
[12:31:03.144639] {Default Queue}  -> xdg_toplevel#30.set_min_size(1400, 948)
[12:31:03.144646] {Default Queue}  -> xdg_toplevel#30.set_max_size(0, 0)
[12:31:03.144648] {Default Queue}  -> xdg_surface#29.set_window_geometry(45, 45, 1400, 948)
[12:31:03.144689] {mesa egl surface queue}  -> wl_surface#14.attach(wl_buffer#40, 0, 0)
[12:31:03.144692] {mesa egl surface queue}  -> wl_surface#14.damage(0, 0, 2147483647, 2147483647)
[12:31:03.144695] {mesa egl surface queue}  -> wl_surface#14.commit()
[12:31:03.144697] {mesa egl surface queue}  -> wl_display#1.sync(new id wl_callback#43)
[12:31:03.144768] {Display Queue} wl_display#1.delete_id(43)
[12:31:03.160596] {mesa egl surface queue} wl_callback#43.done(7)
[12:31:03.160608] {mesa egl surface queue} wl_buffer#44.release()
[12:31:03.161353] {Default Queue}  -> xdg_toplevel#30.set_min_size(1400, 948)
[12:31:03.161360] {Default Queue}  -> xdg_toplevel#30.set_max_size(0, 0)
[12:31:03.161362] {Default Queue}  -> xdg_surface#29.set_window_geometry(45, 45, 1400, 948)
[12:31:03.161404] {mesa egl surface queue}  -> wl_surface#14.attach(wl_buffer#44, 0, 0)
[12:31:03.161407] {mesa egl surface queue}  -> wl_surface#14.damage(0, 0, 2147483647, 2147483647)
[12:31:03.161409] {mesa egl surface queue}  -> wl_surface#14.commit()
[12:31:03.161411] {mesa egl surface queue}  -> wl_display#1.sync(new id wl_callback#43)
[12:31:03.161500] {Display Queue} wl_display#1.delete_id(43)
[12:31:03.177210] {mesa egl surface queue} wl_callback#43.done(7)
[12:31:03.177224] {mesa egl surface queue} wl_buffer#40.release()
[12:31:03.177988] {Default Queue}  -> xdg_toplevel#30.set_min_size(1400, 948)
[12:31:03.177999] {Default Queue}  -> xdg_toplevel#30.set_max_size(0, 0)
[12:31:03.178001] {Default Queue}  -> xdg_surface#29.set_window_geometry(45, 45, 1400, 948)
[12:31:03.178048] {mesa egl surface queue}  -> wl_surface#14.attach(wl_buffer#40, 0, 0)
[12:31:03.178051] {mesa egl surface queue}  -> wl_surface#14.damage(0, 0, 2147483647, 2147483647)
[12:31:03.178053] {mesa egl surface queue}  -> wl_surface#14.commit()
[12:31:03.178055] {mesa egl surface queue}  -> wl_display#1.sync(new id wl_callback#43)
[12:31:03.178144] {Display Queue} wl_display#1.delete_id(43)
[12:31:03.193806] {mesa egl surface queue} wl_callback#43.done(7)
[12:31:03.193822] {mesa egl surface queue} wl_buffer#44.release()
[12:31:03.194650] {Default Queue}  -> xdg_toplevel#30.set_min_size(1400, 948)
[12:31:03.194657] {Default Queue}  -> xdg_toplevel#30.set_max_size(0, 0)
[12:31:03.194659] {Default Queue}  -> xdg_surface#29.set_window_geometry(45, 45, 1400, 948)
[12:31:03.194708] {mesa egl surface queue}  -> wl_surface#14.attach(wl_buffer#44, 0, 0)
[12:31:03.194716] {mesa egl surface queue}  -> wl_surface#14.damage(0, 0, 2147483647, 2147483647)
[12:31:03.194724] {mesa egl surface queue}  -> wl_surface#14.commit()
[12:31:03.194726] {mesa egl surface queue}  -> wl_display#1.sync(new id wl_callback#43)
[12:31:03.194826] {Display Queue} wl_display#1.delete_id(43)
[12:31:03.210389] {mesa egl surface queue} wl_callback#43.done(7)
[12:31:03.210408] {mesa egl surface queue} wl_buffer#40.release()
[12:31:03.211216] {Default Queue}  -> xdg_toplevel#30.set_min_size(1400, 948)
[12:31:03.211223] {Default Queue}  -> xdg_toplevel#30.set_max_size(0, 0)
[12:31:03.211225] {Default Queue}  -> xdg_surface#29.set_window_geometry(45, 45, 1400, 948)
[12:31:03.211268] {mesa egl surface queue}  -> wl_surface#14.attach(wl_buffer#40, 0, 0)
[12:31:03.211270] {mesa egl surface queue}  -> wl_surface#14.damage(0, 0, 2147483647, 2147483647)
[12:31:03.211272] {mesa egl surface queue}  -> wl_surface#14.commit()
[12:31:03.211274] {mesa egl surface queue}  -> wl_display#1.sync(new id wl_callback#43)
[12:31:03.211372] {Display Queue} wl_display#1.delete_id(43)
[12:31:03.250866] {mesa egl surface queue} wl_callback#43.done(7)
[12:31:03.250883] {mesa egl surface queue} wl_buffer#44.release()
[12:31:03.251654] {Default Queue}  -> xdg_toplevel#30.set_min_size(1400, 948)
[12:31:03.251660] {Default Queue}  -> xdg_toplevel#30.set_max_size(0, 0)
[12:31:03.251662] {Default Queue}  -> xdg_surface#29.set_window_geometry(45, 45, 1400, 948)
[12:31:03.251712] {mesa egl surface queue}  -> wl_surface#14.attach(wl_buffer#44, 0, 0)
[12:31:03.251714] {mesa egl surface queue}  -> wl_surface#14.damage(0, 0, 2147483647, 2147483647)
[12:31:03.251717] {mesa egl surface queue}  -> wl_surface#14.commit()
[12:31:03.251718] {mesa egl surface queue}  -> wl_display#1.sync(new id wl_callback#43)
[12:31:03.251782] {Display Queue} wl_display#1.delete_id(43)
[12:31:03.363283] {mesa egl surface queue} wl_callback#43.done(7)
[12:31:03.363300] {mesa egl surface queue} wl_buffer#40.release()
[12:31:03.364121] {Default Queue}  -> xdg_toplevel#30.set_min_size(1400, 948)
[12:31:03.364129] {Default Queue}  -> xdg_toplevel#30.set_max_size(0, 0)
[12:31:03.364131] {Default Queue}  -> xdg_surface#29.set_window_geometry(45, 45, 1400, 948)
[12:31:03.364174] {mesa egl surface queue}  -> wl_surface#14.attach(wl_buffer#40, 0, 0)
[12:31:03.364177] {mesa egl surface queue}  -> wl_surface#14.damage(0, 0, 2147483647, 2147483647)
[12:31:03.364179] {mesa egl surface queue}  -> wl_surface#14.commit()
[12:31:03.364181] {mesa egl surface queue}  -> wl_display#1.sync(new id wl_callback#43)
[12:31:03.364247] {Display Queue} wl_display#1.delete_id(43)
[12:31:03.444481] {mesa egl surface queue} wl_callback#43.done(7)
[12:31:03.444498] {mesa egl surface queue} wl_buffer#44.release()
[12:31:03.445331] {Default Queue}  -> xdg_toplevel#30.set_min_size(1400, 948)
[12:31:03.445339] {Default Queue}  -> xdg_toplevel#30.set_max_size(0, 0)
[12:31:03.445341] {Default Queue}  -> xdg_surface#29.set_window_geometry(45, 45, 1400, 948)
[12:31:03.445386] {mesa egl surface queue}  -> wl_surface#14.attach(wl_buffer#44, 0, 0)
[12:31:03.445389] {mesa egl surface queue}  -> wl_surface#14.damage(0, 0, 2147483647, 2147483647)
[12:31:03.445391] {mesa egl surface queue}  -> wl_surface#14.commit()
[12:31:03.445393] {mesa egl surface queue}  -> wl_display#1.sync(new id wl_callback#43)
[12:31:03.445491] {Display Queue} wl_display#1.delete_id(43)
[12:31:03.460855] {mesa egl surface queue} wl_callback#43.done(7)
[12:31:03.460873] {mesa egl surface queue} wl_buffer#40.release()
[12:31:03.461606] {Default Queue}  -> xdg_toplevel#30.set_min_size(1400, 948)
[12:31:03.461612] {Default Queue}  -> xdg_toplevel#30.set_max_size(0, 0)
[12:31:03.461614] {Default Queue}  -> xdg_surface#29.set_window_geometry(45, 45, 1400, 948)
[12:31:03.461655] {mesa egl surface queue}  -> wl_surface#14.attach(wl_buffer#40, 0, 0)
[12:31:03.461658] {mesa egl surface queue}  -> wl_surface#14.damage(0, 0, 2147483647, 2147483647)
[12:31:03.461660] {mesa egl surface queue}  -> wl_surface#14.commit()
[12:31:03.461667] {mesa egl surface queue}  -> wl_display#1.sync(new id wl_callback#43)
[12:31:03.461769] {Display Queue} wl_display#1.delete_id(43)
[12:31:03.572474] {mesa egl surface queue} wl_callback#43.done(7)
[12:31:03.572491] {mesa egl surface queue} wl_buffer#44.release()
[12:31:03.573349] {Default Queue}  -> xdg_toplevel#30.set_min_size(1400, 948)
[12:31:03.573358] {Default Queue}  -> xdg_toplevel#30.set_max_size(0, 0)
[12:31:03.573360] {Default Queue}  -> xdg_surface#29.set_window_geometry(45, 45, 1400, 948)
[12:31:03.573403] {mesa egl surface queue}  -> wl_surface#14.attach(wl_buffer#44, 0, 0)
[12:31:03.573406] {mesa egl surface queue}  -> wl_surface#14.damage(0, 0, 2147483647, 2147483647)
[12:31:03.573408] {mesa egl surface queue}  -> wl_surface#14.commit()
[12:31:03.573410] {mesa egl surface queue}  -> wl_display#1.sync(new id wl_callback#43)
[12:31:03.573521] {Display Queue} wl_display#1.delete_id(43)
[12:31:03.668890] {mesa egl surface queue} wl_callback#43.done(7)
[12:31:03.668906] {mesa egl surface queue} wl_buffer#40.release()
[12:31:03.669756] {Default Queue}  -> xdg_toplevel#30.set_min_size(1400, 948)
[12:31:03.669763] {Default Queue}  -> xdg_toplevel#30.set_max_size(0, 0)
[12:31:03.669765] {Default Queue}  -> xdg_surface#29.set_window_geometry(45, 45, 1400, 948)
[12:31:03.669810] {mesa egl surface queue}  -> wl_surface#14.attach(wl_buffer#40, 0, 0)
[12:31:03.669813] {mesa egl surface queue}  -> wl_surface#14.damage(0, 0, 2147483647, 2147483647)
[12:31:03.669815] {mesa egl surface queue}  -> wl_surface#14.commit()
[12:31:03.669817] {mesa egl surface queue}  -> wl_display#1.sync(new id wl_callback#43)
[12:31:03.669887] {Display Queue} wl_display#1.delete_id(43)
[12:31:03.694409] {mesa egl surface queue} wl_callback#43.done(7)
[12:31:03.694428] {mesa egl surface queue} wl_buffer#44.release()
[12:31:03.695350] {Default Queue}  -> xdg_toplevel#30.set_min_size(1400, 948)
[12:31:03.695358] {Default Queue}  -> xdg_toplevel#30.set_max_size(0, 0)
[12:31:03.695360] {Default Queue}  -> xdg_surface#29.set_window_geometry(45, 45, 1400, 948)
[12:31:03.695410] {mesa egl surface queue}  -> wl_surface#14.attach(wl_buffer#44, 0, 0)
[12:31:03.695413] {mesa egl surface queue}  -> wl_surface#14.damage(0, 0, 2147483647, 2147483647)
[12:31:03.695415] {mesa egl surface queue}  -> wl_surface#14.commit()
[12:31:03.695417] {mesa egl surface queue}  -> wl_display#1.sync(new id wl_callback#43)
[12:31:03.695483] {Display Queue} wl_display#1.delete_id(43)
[12:31:03.781553] {mesa egl surface queue} wl_callback#43.done(7)
[12:31:03.781570] {mesa egl surface queue} wl_buffer#40.release()
[12:31:03.782642] {Default Queue}  -> xdg_toplevel#30.set_min_size(1400, 948)
[12:31:03.782652] {Default Queue}  -> xdg_toplevel#30.set_max_size(0, 0)
[12:31:03.782654] {Default Queue}  -> xdg_surface#29.set_window_geometry(45, 45, 1400, 948)
[12:31:03.782700] {mesa egl surface queue}  -> wl_surface#14.attach(wl_buffer#40, 0, 0)
[12:31:03.782703] {mesa egl surface queue}  -> wl_surface#14.damage(0, 0, 2147483647, 2147483647)
[12:31:03.782705] {mesa egl surface queue}  -> wl_surface#14.commit()
[12:31:03.782707] {mesa egl surface queue}  -> wl_display#1.sync(new id wl_callback#43)
[12:31:03.782787] {Display Queue} wl_display#1.delete_id(43)
[12:31:03.877991] {mesa egl surface queue} wl_callback#43.done(7)
[12:31:03.878008] {mesa egl surface queue} wl_buffer#44.release()
[12:31:03.878869] {Default Queue}  -> xdg_toplevel#30.set_min_size(1400, 948)
[12:31:03.878877] {Default Queue}  -> xdg_toplevel#30.set_max_size(0, 0)
[12:31:03.878879] {Default Queue}  -> xdg_surface#29.set_window_geometry(45, 45, 1400, 948)
[12:31:03.878922] {mesa egl surface queue}  -> wl_surface#14.attach(wl_buffer#44, 0, 0)
[12:31:03.878925] {mesa egl surface queue}  -> wl_surface#14.damage(0, 0, 2147483647, 2147483647)
[12:31:03.878927] {mesa egl surface queue}  -> wl_surface#14.commit()
[12:31:03.878929] {mesa egl surface queue}  -> wl_display#1.sync(new id wl_callback#43)
[12:31:03.878997] {Display Queue} wl_display#1.delete_id(43)
[12:31:03.942488] {mesa egl surface queue} wl_callback#43.done(7)
[12:31:03.942508] {mesa egl surface queue} wl_buffer#40.release()
[12:31:03.943421] {Default Queue}  -> xdg_toplevel#30.set_min_size(1400, 948)
[12:31:03.943429] {Default Queue}  -> xdg_toplevel#30.set_max_size(0, 0)
[12:31:03.943432] {Default Queue}  -> xdg_surface#29.set_window_geometry(45, 45, 1400, 948)
[12:31:03.943473] {mesa egl surface queue}  -> wl_surface#14.attach(wl_buffer#40, 0, 0)
[12:31:03.943476] {mesa egl surface queue}  -> wl_surface#14.damage(0, 0, 2147483647, 2147483647)
[12:31:03.943478] {mesa egl surface queue}  -> wl_surface#14.commit()
[12:31:03.943480] {mesa egl surface queue}  -> wl_display#1.sync(new id wl_callback#43)
[12:31:03.943547] {Display Queue} wl_display#1.delete_id(43)
[12:31:03.990666] {mesa egl surface queue} wl_callback#43.done(7)
[12:31:03.990685] {mesa egl surface queue} wl_buffer#44.release()
[12:31:03.991540] {Default Queue}  -> xdg_toplevel#30.set_min_size(1400, 948)
[12:31:03.991549] {Default Queue}  -> xdg_toplevel#30.set_max_size(0, 0)
[12:31:03.991551] {Default Queue}  -> xdg_surface#29.set_window_geometry(45, 45, 1400, 948)
[12:31:03.991597] {mesa egl surface queue}  -> wl_surface#14.attach(wl_buffer#44, 0, 0)
[12:31:03.991600] {mesa egl surface queue}  -> wl_surface#14.damage(0, 0, 2147483647, 2147483647)
[12:31:03.991602] {mesa egl surface queue}  -> wl_surface#14.commit()
[12:31:03.991604] {mesa egl surface queue}  -> wl_display#1.sync(new id wl_callback#43)
[12:31:03.991672] {Display Queue} wl_display#1.delete_id(43)
[12:31:04.087030] {mesa egl surface queue} wl_callback#43.done(7)
[12:31:04.087048] {mesa egl surface queue} wl_buffer#40.release()
[12:31:04.087955] {Default Queue}  -> xdg_toplevel#30.set_min_size(1400, 948)
[12:31:04.087966] {Default Queue}  -> xdg_toplevel#30.set_max_size(0, 0)
[12:31:04.087968] {Default Queue}  -> xdg_surface#29.set_window_geometry(45, 45, 1400, 948)
[12:31:04.088015] {mesa egl surface queue}  -> wl_surface#14.attach(wl_buffer#40, 0, 0)
[12:31:04.088019] {mesa egl surface queue}  -> wl_surface#14.damage(0, 0, 2147483647, 2147483647)
[12:31:04.088020] {mesa egl surface queue}  -> wl_surface#14.commit()
[12:31:04.088022] {mesa egl surface queue}  -> wl_display#1.sync(new id wl_callback#43)
[12:31:04.088098] {Display Queue} wl_display#1.delete_id(43)
[12:31:04.201492] {mesa egl surface queue} wl_callback#43.done(7)
[12:31:04.201510] {mesa egl surface queue} wl_buffer#44.release()
[12:31:04.202358] {Default Queue}  -> xdg_toplevel#30.set_min_size(1400, 948)
[12:31:04.202367] {Default Queue}  -> xdg_toplevel#30.set_max_size(0, 0)
[12:31:04.202370] {Default Queue}  -> xdg_surface#29.set_window_geometry(45, 45, 1400, 948)
[12:31:04.202417] {mesa egl surface queue}  -> wl_surface#14.attach(wl_buffer#44, 0, 0)
[12:31:04.202420] {mesa egl surface queue}  -> wl_surface#14.damage(0, 0, 2147483647, 2147483647)
[12:31:04.202422] {mesa egl surface queue}  -> wl_surface#14.commit()
[12:31:04.202424] {mesa egl surface queue}  -> wl_display#1.sync(new id wl_callback#43)
[12:31:04.202525] {Display Queue} wl_display#1.delete_id(43)
[12:31:04.296544] {mesa egl surface queue} wl_callback#43.done(7)
[12:31:04.296563] {mesa egl surface queue} wl_buffer#40.release()
[12:31:04.297429] {Default Queue}  -> xdg_toplevel#30.set_min_size(1400, 948)
[12:31:04.297436] {Default Queue}  -> xdg_toplevel#30.set_max_size(0, 0)
[12:31:04.297438] {Default Queue}  -> xdg_surface#29.set_window_geometry(45, 45, 1400, 948)
[12:31:04.297483] {mesa egl surface queue}  -> wl_surface#14.attach(wl_buffer#40, 0, 0)
[12:31:04.297486] {mesa egl surface queue}  -> wl_surface#14.damage(0, 0, 2147483647, 2147483647)
[12:31:04.297488] {mesa egl surface queue}  -> wl_surface#14.commit()
[12:31:04.297490] {mesa egl surface queue}  -> wl_display#1.sync(new id wl_callback#43)
[12:31:04.297584] {Display Queue} wl_display#1.delete_id(43)
[12:31:04.393403] {mesa egl surface queue} wl_callback#43.done(7)
[12:31:04.393420] {mesa egl surface queue} wl_buffer#44.release()
[12:31:04.394301] {Default Queue}  -> xdg_toplevel#30.set_min_size(1400, 948)
[12:31:04.394309] {Default Queue}  -> xdg_toplevel#30.set_max_size(0, 0)
[12:31:04.394317] {Default Queue}  -> xdg_surface#29.set_window_geometry(45, 45, 1400, 948)
[12:31:04.394373] {mesa egl surface queue}  -> wl_surface#14.attach(wl_buffer#44, 0, 0)
[12:31:04.394376] {mesa egl surface queue}  -> wl_surface#14.damage(0, 0, 2147483647, 2147483647)
[12:31:04.394378] {mesa egl surface queue}  -> wl_surface#14.commit()
[12:31:04.394380] {mesa egl surface queue}  -> wl_display#1.sync(new id wl_callback#43)
[12:31:04.394490] {Display Queue} wl_display#1.delete_id(43)
[12:31:04.441761] {mesa egl surface queue} wl_callback#43.done(7)
[12:31:04.441777] {mesa egl surface queue} wl_buffer#40.release()
[12:31:04.442642] {Default Queue}  -> xdg_toplevel#30.set_min_size(1400, 948)
[12:31:04.442650] {Default Queue}  -> xdg_toplevel#30.set_max_size(0, 0)
[12:31:04.442652] {Default Queue}  -> xdg_surface#29.set_window_geometry(45, 45, 1400, 948)
[12:31:04.442696] {mesa egl surface queue}  -> wl_surface#14.attach(wl_buffer#40, 0, 0)
[12:31:04.442699] {mesa egl surface queue}  -> wl_surface#14.damage(0, 0, 2147483647, 2147483647)
[12:31:04.442701] {mesa egl surface queue}  -> wl_surface#14.commit()
[12:31:04.442703] {mesa egl surface queue}  -> wl_display#1.sync(new id wl_callback#43)
[12:31:04.442816] {Display Queue} wl_display#1.delete_id(43)
[12:31:04.505855] {mesa egl surface queue} wl_callback#43.done(7)
[12:31:04.505871] {mesa egl surface queue} wl_buffer#44.release()
[12:31:04.506704] {Default Queue}  -> xdg_toplevel#30.set_min_size(1400, 948)
[12:31:04.506710] {Default Queue}  -> xdg_toplevel#30.set_max_size(0, 0)
[12:31:04.506712] {Default Queue}  -> xdg_surface#29.set_window_geometry(45, 45, 1400, 948)
[12:31:04.506766] {mesa egl surface queue}  -> wl_surface#14.attach(wl_buffer#44, 0, 0)
[12:31:04.506769] {mesa egl surface queue}  -> wl_surface#14.damage(0, 0, 2147483647, 2147483647)
[12:31:04.506771] {mesa egl surface queue}  -> wl_surface#14.commit()
[12:31:04.506773] {mesa egl surface queue}  -> wl_display#1.sync(new id wl_callback#43)
[12:31:04.506912] {Display Queue} wl_display#1.delete_id(43)
[12:31:04.601984] {mesa egl surface queue} wl_callback#43.done(7)
[12:31:04.602001] {mesa egl surface queue} wl_buffer#40.release()
[12:31:04.602889] {Default Queue}  -> xdg_toplevel#30.set_min_size(1400, 948)
[12:31:04.602899] {Default Queue}  -> xdg_toplevel#30.set_max_size(0, 0)
[12:31:04.602901] {Default Queue}  -> xdg_surface#29.set_window_geometry(45, 45, 1400, 948)
[12:31:04.602947] {mesa egl surface queue}  -> wl_surface#14.attach(wl_buffer#40, 0, 0)
[12:31:04.602950] {mesa egl surface queue}  -> wl_surface#14.damage(0, 0, 2147483647, 2147483647)
[12:31:04.602952] {mesa egl surface queue}  -> wl_surface#14.commit()
[12:31:04.602954] {mesa egl surface queue}  -> wl_display#1.sync(new id wl_callback#43)
[12:31:04.603037] {Display Queue} wl_display#1.delete_id(43)
[12:31:04.698865] {mesa egl surface queue} wl_callback#43.done(7)
[12:31:04.698881] {mesa egl surface queue} wl_buffer#44.release()
[12:31:04.699769] {Default Queue}  -> xdg_toplevel#30.set_min_size(1400, 948)
[12:31:04.699777] {Default Queue}  -> xdg_toplevel#30.set_max_size(0, 0)
[12:31:04.699779] {Default Queue}  -> xdg_surface#29.set_window_geometry(45, 45, 1400, 948)
[12:31:04.699830] {mesa egl surface queue}  -> wl_surface#14.attach(wl_buffer#44, 0, 0)
[12:31:04.699833] {mesa egl surface queue}  -> wl_surface#14.damage(0, 0, 2147483647, 2147483647)
[12:31:04.699835] {mesa egl surface queue}  -> wl_surface#14.commit()
[12:31:04.699837] {mesa egl surface queue}  -> wl_display#1.sync(new id wl_callback#43)
[12:31:04.699913] {Display Queue} wl_display#1.delete_id(43)
[12:31:04.715539] {mesa egl surface queue} wl_callback#43.done(7)
[12:31:04.715560] {mesa egl surface queue} wl_buffer#40.release()
[12:31:04.716804] {Default Queue}  -> xdg_toplevel#30.set_min_size(1400, 948)
[12:31:04.716816] {Default Queue}  -> xdg_toplevel#30.set_max_size(0, 0)
[12:31:04.716820] {Default Queue}  -> xdg_surface#29.set_window_geometry(45, 45, 1400, 948)
[12:31:04.716881] {mesa egl surface queue}  -> wl_surface#14.attach(wl_buffer#40, 0, 0)
[12:31:04.716895] {mesa egl surface queue}  -> wl_surface#14.damage(0, 0, 2147483647, 2147483647)
[12:31:04.716914] {mesa egl surface queue}  -> wl_surface#14.commit()
[12:31:04.716918] {mesa egl surface queue}  -> wl_display#1.sync(new id wl_callback#43)
[12:31:04.717023] {Display Queue} wl_display#1.delete_id(43)
[12:31:04.811521] {mesa egl surface queue} wl_callback#43.done(7)
[12:31:04.811537] {mesa egl surface queue} wl_buffer#44.release()
[12:31:04.812379] {Default Queue}  -> xdg_toplevel#30.set_min_size(1400, 948)
[12:31:04.812385] {Default Queue}  -> xdg_toplevel#30.set_max_size(0, 0)
[12:31:04.812387] {Default Queue}  -> xdg_surface#29.set_window_geometry(45, 45, 1400, 948)
[12:31:04.812432] {mesa egl surface queue}  -> wl_surface#14.attach(wl_buffer#44, 0, 0)
[12:31:04.812435] {mesa egl surface queue}  -> wl_surface#14.damage(0, 0, 2147483647, 2147483647)
[12:31:04.812437] {mesa egl surface queue}  -> wl_surface#14.commit()
[12:31:04.812438] {mesa egl surface queue}  -> wl_display#1.sync(new id wl_callback#43)
[12:31:04.812533] {Display Queue} wl_display#1.delete_id(43)
[12:31:04.924006] {mesa egl surface queue} wl_callback#43.done(7)
[12:31:04.924022] {mesa egl surface queue} wl_buffer#40.release()
[12:31:04.924864] {Default Queue}  -> xdg_toplevel#30.set_min_size(1400, 948)
[12:31:04.924872] {Default Queue}  -> xdg_toplevel#30.set_max_size(0, 0)
[12:31:04.924874] {Default Queue}  -> xdg_surface#29.set_window_geometry(45, 45, 1400, 948)
[12:31:04.924917] {mesa egl surface queue}  -> wl_surface#14.attach(wl_buffer#40, 0, 0)
[12:31:04.924920] {mesa egl surface queue}  -> wl_surface#14.damage(0, 0, 2147483647, 2147483647)
[12:31:04.924922] {mesa egl surface queue}  -> wl_surface#14.commit()
[12:31:04.924924] {mesa egl surface queue}  -> wl_display#1.sync(new id wl_callback#43)
[12:31:04.925012] {Display Queue} wl_display#1.delete_id(43)
[12:31:04.956496] {mesa egl surface queue} wl_callback#43.done(7)
[12:31:04.956510] {mesa egl surface queue} wl_buffer#44.release()
[12:31:04.957641] {Default Queue}  -> xdg_toplevel#30.set_min_size(1400, 948)
[12:31:04.957651] {Default Queue}  -> xdg_toplevel#30.set_max_size(0, 0)
[12:31:04.957653] {Default Queue}  -> xdg_surface#29.set_window_geometry(45, 45, 1400, 948)
[12:31:04.957690] {mesa egl surface queue}  -> wl_surface#14.attach(wl_buffer#44, 0, 0)
[12:31:04.957693] {mesa egl surface queue}  -> wl_surface#14.damage(0, 0, 2147483647, 2147483647)
[12:31:04.957695] {mesa egl surface queue}  -> wl_surface#14.commit()
[12:31:04.957697] {mesa egl surface queue}  -> wl_display#1.sync(new id wl_callback#43)
[12:31:04.957797] {Display Queue} wl_display#1.delete_id(43)
[12:31:05.020311] {mesa egl surface queue} wl_callback#43.done(7)
[12:31:05.020327] {mesa egl surface queue} wl_buffer#40.release()
[12:31:05.021150] {Default Queue}  -> xdg_toplevel#30.set_min_size(1400, 948)
[12:31:05.021159] {Default Queue}  -> xdg_toplevel#30.set_max_size(0, 0)
[12:31:05.021162] {Default Queue}  -> xdg_surface#29.set_window_geometry(45, 45, 1400, 948)
[12:31:05.021209] {mesa egl surface queue}  -> wl_surface#14.attach(wl_buffer#40, 0, 0)
[12:31:05.021212] {mesa egl surface queue}  -> wl_surface#14.damage(0, 0, 2147483647, 2147483647)
[12:31:05.021214] {mesa egl surface queue}  -> wl_surface#14.commit()
[12:31:05.021215] {mesa egl surface queue}  -> wl_display#1.sync(new id wl_callback#43)
[12:31:05.021315] {Display Queue} wl_display#1.delete_id(43)
[12:31:05.132981] {mesa egl surface queue} wl_callback#43.done(7)
[12:31:05.132997] {mesa egl surface queue} wl_buffer#44.release()
[12:31:05.133841] {Default Queue}  -> xdg_toplevel#30.set_min_size(1400, 948)
[12:31:05.133850] {Default Queue}  -> xdg_toplevel#30.set_max_size(0, 0)
[12:31:05.133852] {Default Queue}  -> xdg_surface#29.set_window_geometry(45, 45, 1400, 948)
[12:31:05.133900] {mesa egl surface queue}  -> wl_surface#14.attach(wl_buffer#44, 0, 0)
[12:31:05.133903] {mesa egl surface queue}  -> wl_surface#14.damage(0, 0, 2147483647, 2147483647)
[12:31:05.133906] {mesa egl surface queue}  -> wl_surface#14.commit()
[12:31:05.133908] {mesa egl surface queue}  -> wl_display#1.sync(new id wl_callback#43)
[12:31:05.133989] {Display Queue} wl_display#1.delete_id(43)
[12:31:05.197979] {mesa egl surface queue} wl_callback#43.done(7)
[12:31:05.197995] {mesa egl surface queue} wl_buffer#40.release()
[12:31:05.198871] {Default Queue}  -> xdg_toplevel#30.set_min_size(1400, 948)
[12:31:05.198879] {Default Queue}  -> xdg_toplevel#30.set_max_size(0, 0)
[12:31:05.198881] {Default Queue}  -> xdg_surface#29.set_window_geometry(45, 45, 1400, 948)
[12:31:05.198933] {mesa egl surface queue}  -> wl_surface#14.attach(wl_buffer#40, 0, 0)
[12:31:05.198935] {mesa egl surface queue}  -> wl_surface#14.damage(0, 0, 2147483647, 2147483647)
[12:31:05.198938] {mesa egl surface queue}  -> wl_surface#14.commit()
[12:31:05.198940] {mesa egl surface queue}  -> wl_display#1.sync(new id wl_callback#43)
[12:31:05.199007] {Display Queue} wl_display#1.delete_id(43)
[12:31:05.229441] {mesa egl surface queue} wl_callback#43.done(7)
[12:31:05.229458] {mesa egl surface queue} wl_buffer#44.release()
[12:31:05.230317] {Default Queue}  -> xdg_toplevel#30.set_min_size(1400, 948)
[12:31:05.230325] {Default Queue}  -> xdg_toplevel#30.set_max_size(0, 0)
[12:31:05.230327] {Default Queue}  -> xdg_surface#29.set_window_geometry(45, 45, 1400, 948)
[12:31:05.230372] {mesa egl surface queue}  -> wl_surface#14.attach(wl_buffer#44, 0, 0)
[12:31:05.230376] {mesa egl surface queue}  -> wl_surface#14.damage(0, 0, 2147483647, 2147483647)
[12:31:05.230378] {mesa egl surface queue}  -> wl_surface#14.commit()
[12:31:05.230380] {mesa egl surface queue}  -> wl_display#1.sync(new id wl_callback#43)
[12:31:05.230444] {Display Queue} wl_display#1.delete_id(43)
[12:31:05.341693] {mesa egl surface queue} wl_callback#43.done(7)
[12:31:05.341709] {mesa egl surface queue} wl_buffer#40.release()
[12:31:05.342544] {Default Queue}  -> xdg_toplevel#30.set_min_size(1400, 948)
[12:31:05.342552] {Default Queue}  -> xdg_toplevel#30.set_max_size(0, 0)
[12:31:05.342554] {Default Queue}  -> xdg_surface#29.set_window_geometry(45, 45, 1400, 948)
[12:31:05.342671] {mesa egl surface queue}  -> wl_surface#14.attach(wl_buffer#40, 0, 0)
[12:31:05.342679] {mesa egl surface queue}  -> wl_surface#14.damage(0, 0, 2147483647, 2147483647)
[12:31:05.342681] {mesa egl surface queue}  -> wl_surface#14.commit()
[12:31:05.342683] {mesa egl surface queue}  -> wl_display#1.sync(new id wl_callback#43)
[12:31:05.342783] {Display Queue} wl_display#1.delete_id(43)
[12:31:05.438197] {mesa egl surface queue} wl_callback#43.done(7)
[12:31:05.438238] {mesa egl surface queue} wl_buffer#44.release()
[12:31:05.439117] {Default Queue}  -> xdg_toplevel#30.set_min_size(1400, 948)
[12:31:05.439124] {Default Queue}  -> xdg_toplevel#30.set_max_size(0, 0)
[12:31:05.439126] {Default Queue}  -> xdg_surface#29.set_window_geometry(45, 45, 1400, 948)
[12:31:05.439169] {mesa egl surface queue}  -> wl_surface#14.attach(wl_buffer#44, 0, 0)
[12:31:05.439172] {mesa egl surface queue}  -> wl_surface#14.damage(0, 0, 2147483647, 2147483647)
[12:31:05.439174] {mesa egl surface queue}  -> wl_surface#14.commit()
[12:31:05.439176] {mesa egl surface queue}  -> wl_display#1.sync(new id wl_callback#43)
[12:31:05.439244] {Display Queue} wl_display#1.delete_id(43)
[12:31:05.460816] {mesa egl surface queue} wl_callback#43.done(7)
[12:31:05.460872] {mesa egl surface queue} wl_buffer#40.release()
[12:31:05.461706] {Default Queue}  -> xdg_toplevel#30.set_min_size(1400, 948)
[12:31:05.461712] {Default Queue}  -> xdg_toplevel#30.set_max_size(0, 0)
[12:31:05.461715] {Default Queue}  -> xdg_surface#29.set_window_geometry(45, 45, 1400, 948)
[12:31:05.461763] {mesa egl surface queue}  -> wl_surface#14.attach(wl_buffer#40, 0, 0)
[12:31:05.461766] {mesa egl surface queue}  -> wl_surface#14.damage(0, 0, 2147483647, 2147483647)
[12:31:05.461769] {mesa egl surface queue}  -> wl_surface#14.commit()
[12:31:05.461771] {mesa egl surface queue}  -> wl_display#1.sync(new id wl_callback#43)
[12:31:05.461831] {Display Queue} wl_display#1.delete_id(43)
[12:31:05.550879] {mesa egl surface queue} wl_callback#43.done(7)
[12:31:05.550899] {mesa egl surface queue} wl_buffer#44.release()
[12:31:05.551775] {Default Queue}  -> xdg_toplevel#30.set_min_size(1400, 948)
[12:31:05.551785] {Default Queue}  -> xdg_toplevel#30.set_max_size(0, 0)
[12:31:05.551788] {Default Queue}  -> xdg_surface#29.set_window_geometry(45, 45, 1400, 948)
[12:31:05.551834] {mesa egl surface queue}  -> wl_surface#14.attach(wl_buffer#44, 0, 0)
[12:31:05.551841] {mesa egl surface queue}  -> wl_surface#14.damage(0, 0, 2147483647, 2147483647)
[12:31:05.551843] {mesa egl surface queue}  -> wl_surface#14.commit()
[12:31:05.551845] {mesa egl surface queue}  -> wl_display#1.sync(new id wl_callback#43)
[12:31:05.551914] {Display Queue} wl_display#1.delete_id(43)
[12:31:05.647354] {mesa egl surface queue} wl_callback#43.done(7)
[12:31:05.647373] {mesa egl surface queue} wl_buffer#40.release()
[12:31:05.648197] {Default Queue}  -> xdg_toplevel#30.set_min_size(1400, 948)
[12:31:05.648204] {Default Queue}  -> xdg_toplevel#30.set_max_size(0, 0)
[12:31:05.648206] {Default Queue}  -> xdg_surface#29.set_window_geometry(45, 45, 1400, 948)
[12:31:05.648250] {mesa egl surface queue}  -> wl_surface#14.attach(wl_buffer#40, 0, 0)
[12:31:05.648253] {mesa egl surface queue}  -> wl_surface#14.damage(0, 0, 2147483647, 2147483647)
[12:31:05.648255] {mesa egl surface queue}  -> wl_surface#14.commit()
[12:31:05.648257] {mesa egl surface queue}  -> wl_display#1.sync(new id wl_callback#43)
[12:31:05.648325] {Display Queue} wl_display#1.delete_id(43)
[12:31:05.712460] {mesa egl surface queue} wl_callback#43.done(7)
[12:31:05.712476] {mesa egl surface queue} wl_buffer#44.release()
[12:31:05.713334] {Default Queue}  -> xdg_toplevel#30.set_min_size(1400, 948)
[12:31:05.713342] {Default Queue}  -> xdg_toplevel#30.set_max_size(0, 0)
[12:31:05.713345] {Default Queue}  -> xdg_surface#29.set_window_geometry(45, 45, 1400, 948)
[12:31:05.713390] {mesa egl surface queue}  -> wl_surface#14.attach(wl_buffer#44, 0, 0)
[12:31:05.713393] {mesa egl surface queue}  -> wl_surface#14.damage(0, 0, 2147483647, 2147483647)
[12:31:05.713395] {mesa egl surface queue}  -> wl_surface#14.commit()
[12:31:05.713397] {mesa egl surface queue}  -> wl_display#1.sync(new id wl_callback#43)
[12:31:05.713474] {Display Queue} wl_display#1.delete_id(43)
[12:31:05.743831] {mesa egl surface queue} wl_callback#43.done(7)
[12:31:05.743845] {mesa egl surface queue} wl_buffer#40.release()
[12:31:05.744629] {Default Queue}  -> xdg_toplevel#30.set_min_size(1400, 948)
[12:31:05.744636] {Default Queue}  -> xdg_toplevel#30.set_max_size(0, 0)
[12:31:05.744638] {Default Queue}  -> xdg_surface#29.set_window_geometry(45, 45, 1400, 948)
[12:31:05.744678] {mesa egl surface queue}  -> wl_surface#14.attach(wl_buffer#40, 0, 0)
[12:31:05.744680] {mesa egl surface queue}  -> wl_surface#14.damage(0, 0, 2147483647, 2147483647)
[12:31:05.744682] {mesa egl surface queue}  -> wl_surface#14.commit()
[12:31:05.744684] {mesa egl surface queue}  -> wl_display#1.sync(new id wl_callback#43)
[12:31:05.744785] {Display Queue} wl_display#1.delete_id(43)
[12:31:05.856265] {mesa egl surface queue} wl_callback#43.done(7)
[12:31:05.856281] {mesa egl surface queue} wl_buffer#44.release()
[12:31:05.857217] {Default Queue}  -> xdg_toplevel#30.set_min_size(1400, 948)
[12:31:05.857227] {Default Queue}  -> xdg_toplevel#30.set_max_size(0, 0)
[12:31:05.857229] {Default Queue}  -> xdg_surface#29.set_window_geometry(45, 45, 1400, 948)
[12:31:05.857274] {mesa egl surface queue}  -> wl_surface#14.attach(wl_buffer#44, 0, 0)
[12:31:05.857277] {mesa egl surface queue}  -> wl_surface#14.damage(0, 0, 2147483647, 2147483647)
[12:31:05.857279] {mesa egl surface queue}  -> wl_surface#14.commit()
[12:31:05.857281] {mesa egl surface queue}  -> wl_display#1.sync(new id wl_callback#43)
[12:31:05.857380] {Display Queue} wl_display#1.delete_id(43)
[12:31:05.957165] {mesa egl surface queue} wl_callback#43.done(7)
[12:31:05.957185] {mesa egl surface queue} wl_buffer#40.release()
[12:31:05.958107] {Default Queue}  -> xdg_toplevel#30.set_min_size(1400, 948)
[12:31:05.958116] {Default Queue}  -> xdg_toplevel#30.set_max_size(0, 0)
[12:31:05.958124] {Default Queue}  -> xdg_surface#29.set_window_geometry(45, 45, 1400, 948)
[12:31:05.958176] {mesa egl surface queue}  -> wl_surface#14.attach(wl_buffer#40, 0, 0)
[12:31:05.958179] {mesa egl surface queue}  -> wl_surface#14.damage(0, 0, 2147483647, 2147483647)
[12:31:05.958181] {mesa egl surface queue}  -> wl_surface#14.commit()
[12:31:05.958183] {mesa egl surface queue}  -> wl_display#1.sync(new id wl_callback#43)
[12:31:05.958250] {Display Queue} wl_display#1.delete_id(43)
[12:31:06.065588] {mesa egl surface queue} wl_callback#43.done(7)
[12:31:06.065604] {mesa egl surface queue} wl_buffer#44.release()
[12:31:06.066431] {Default Queue}  -> xdg_toplevel#30.set_min_size(1400, 948)
[12:31:06.066439] {Default Queue}  -> xdg_toplevel#30.set_max_size(0, 0)
[12:31:06.066441] {Default Queue}  -> xdg_surface#29.set_window_geometry(45, 45, 1400, 948)
[12:31:06.066489] {mesa egl surface queue}  -> wl_surface#14.attach(wl_buffer#44, 0, 0)
[12:31:06.066491] {mesa egl surface queue}  -> wl_surface#14.damage(0, 0, 2147483647, 2147483647)
[12:31:06.066493] {mesa egl surface queue}  -> wl_surface#14.commit()
[12:31:06.066495] {mesa egl surface queue}  -> wl_display#1.sync(new id wl_callback#43)
[12:31:06.066593] {Display Queue} wl_display#1.delete_id(43)
[12:31:06.161989] {mesa egl surface queue} wl_callback#43.done(7)
[12:31:06.162004] {mesa egl surface queue} wl_buffer#40.release()
[12:31:06.162818] {Default Queue}  -> xdg_toplevel#30.set_min_size(1400, 948)
[12:31:06.162825] {Default Queue}  -> xdg_toplevel#30.set_max_size(0, 0)
[12:31:06.162828] {Default Queue}  -> xdg_surface#29.set_window_geometry(45, 45, 1400, 948)
[12:31:06.162874] {mesa egl surface queue}  -> wl_surface#14.attach(wl_buffer#40, 0, 0)
[12:31:06.162876] {mesa egl surface queue}  -> wl_surface#14.damage(0, 0, 2147483647, 2147483647)
[12:31:06.162878] {mesa egl surface queue}  -> wl_surface#14.commit()
[12:31:06.162881] {mesa egl surface queue}  -> wl_display#1.sync(new id wl_callback#43)
[12:31:06.162944] {Display Queue} wl_display#1.delete_id(43)
[12:31:06.210717] {mesa egl surface queue} wl_callback#43.done(7)
[12:31:06.210733] {mesa egl surface queue} wl_buffer#44.release()
[12:31:06.211567] {Default Queue}  -> xdg_toplevel#30.set_min_size(1400, 948)
[12:31:06.211575] {Default Queue}  -> xdg_toplevel#30.set_max_size(0, 0)
[12:31:06.211577] {Default Queue}  -> xdg_surface#29.set_window_geometry(45, 45, 1400, 948)
[12:31:06.211620] {mesa egl surface queue}  -> wl_surface#14.attach(wl_buffer#44, 0, 0)
[12:31:06.211623] {mesa egl surface queue}  -> wl_surface#14.damage(0, 0, 2147483647, 2147483647)
[12:31:06.211626] {mesa egl surface queue}  -> wl_surface#14.commit()
[12:31:06.211628] {mesa egl surface queue}  -> wl_display#1.sync(new id wl_callback#43)
[12:31:06.211693] {Display Queue} wl_display#1.delete_id(43)
[12:31:06.274923] {mesa egl surface queue} wl_callback#43.done(7)
[12:31:06.274943] {mesa egl surface queue} wl_buffer#40.release()
[12:31:06.276040] {Default Queue}  -> xdg_toplevel#30.set_min_size(1400, 948)
[12:31:06.276052] {Default Queue}  -> xdg_toplevel#30.set_max_size(0, 0)
[12:31:06.276054] {Default Queue}  -> xdg_surface#29.set_window_geometry(45, 45, 1400, 948)
[12:31:06.276096] {mesa egl surface queue}  -> wl_surface#14.attach(wl_buffer#40, 0, 0)
[12:31:06.276099] {mesa egl surface queue}  -> wl_surface#14.damage(0, 0, 2147483647, 2147483647)
[12:31:06.276101] {mesa egl surface queue}  -> wl_surface#14.commit()
[12:31:06.276103] {mesa egl surface queue}  -> wl_display#1.sync(new id wl_callback#43)
[12:31:06.276177] {Display Queue} wl_display#1.delete_id(43)
[12:31:06.371210] {mesa egl surface queue} wl_callback#43.done(7)
[12:31:06.371227] {mesa egl surface queue} wl_buffer#44.release()
[12:31:06.372200] {Default Queue}  -> xdg_toplevel#30.set_min_size(1400, 948)
[12:31:06.372210] {Default Queue}  -> xdg_toplevel#30.set_max_size(0, 0)
[12:31:06.372212] {Default Queue}  -> xdg_surface#29.set_window_geometry(45, 45, 1400, 948)
[12:31:06.372265] {mesa egl surface queue}  -> wl_surface#14.attach(wl_buffer#44, 0, 0)
[12:31:06.372274] {mesa egl surface queue}  -> wl_surface#14.damage(0, 0, 2147483647, 2147483647)
[12:31:06.372284] {mesa egl surface queue}  -> wl_surface#14.commit()
[12:31:06.372286] {mesa egl surface queue}  -> wl_display#1.sync(new id wl_callback#43)
[12:31:06.372353] {Display Queue} wl_display#1.delete_id(43)
[12:31:06.468037] {mesa egl surface queue} wl_callback#43.done(7)
[12:31:06.468053] {mesa egl surface queue} wl_buffer#40.release()
[12:31:06.468893] {Default Queue}  -> xdg_toplevel#30.set_min_size(1400, 948)
[12:31:06.468901] {Default Queue}  -> xdg_toplevel#30.set_max_size(0, 0)
[12:31:06.468904] {Default Queue}  -> xdg_surface#29.set_window_geometry(45, 45, 1400, 948)
[12:31:06.468947] {mesa egl surface queue}  -> wl_surface#14.attach(wl_buffer#40, 0, 0)
[12:31:06.468950] {mesa egl surface queue}  -> wl_surface#14.damage(0, 0, 2147483647, 2147483647)
[12:31:06.468952] {mesa egl surface queue}  -> wl_surface#14.commit()
[12:31:06.468954] {mesa egl surface queue}  -> wl_display#1.sync(new id wl_callback#43)
[12:31:06.469022] {Display Queue} wl_display#1.delete_id(43)
[12:31:06.483855] {mesa egl surface queue} wl_callback#43.done(7)
[12:31:06.483873] {mesa egl surface queue} wl_buffer#44.release()
[12:31:06.484708] {Default Queue}  -> xdg_toplevel#30.set_min_size(1400, 948)
[12:31:06.484717] {Default Queue}  -> xdg_toplevel#30.set_max_size(0, 0)
[12:31:06.484719] {Default Queue}  -> xdg_surface#29.set_window_geometry(45, 45, 1400, 948)
[12:31:06.484770] {mesa egl surface queue}  -> wl_surface#14.attach(wl_buffer#44, 0, 0)
[12:31:06.484773] {mesa egl surface queue}  -> wl_surface#14.damage(0, 0, 2147483647, 2147483647)
[12:31:06.484775] {mesa egl surface queue}  -> wl_surface#14.commit()
[12:31:06.484777] {mesa egl surface queue}  -> wl_display#1.sync(new id wl_callback#43)
[12:31:06.484836] {Display Queue} wl_display#1.delete_id(43)
[12:31:06.580200] {mesa egl surface queue} wl_callback#43.done(7)
[12:31:06.580216] {mesa egl surface queue} wl_buffer#40.release()
[12:31:06.581088] {Default Queue}  -> xdg_toplevel#30.set_min_size(1400, 948)
[12:31:06.581097] {Default Queue}  -> xdg_toplevel#30.set_max_size(0, 0)
[12:31:06.581099] {Default Queue}  -> xdg_surface#29.set_window_geometry(45, 45, 1400, 948)
[12:31:06.581144] {mesa egl surface queue}  -> wl_surface#14.attach(wl_buffer#40, 0, 0)
[12:31:06.581147] {mesa egl surface queue}  -> wl_surface#14.damage(0, 0, 2147483647, 2147483647)
[12:31:06.581149] {mesa egl surface queue}  -> wl_surface#14.commit()
[12:31:06.581151] {mesa egl surface queue}  -> wl_display#1.sync(new id wl_callback#43)
[12:31:06.581223] {Display Queue} wl_display#1.delete_id(43)
[12:31:06.692778] {mesa egl surface queue} wl_callback#43.done(7)
[12:31:06.692794] {mesa egl surface queue} wl_buffer#44.release()
[12:31:06.693688] {Default Queue}  -> xdg_toplevel#30.set_min_size(1400, 948)
[12:31:06.693697] {Default Queue}  -> xdg_toplevel#30.set_max_size(0, 0)
[12:31:06.693699] {Default Queue}  -> xdg_surface#29.set_window_geometry(45, 45, 1400, 948)
[12:31:06.693749] {mesa egl surface queue}  -> wl_surface#14.attach(wl_buffer#44, 0, 0)
[12:31:06.693752] {mesa egl surface queue}  -> wl_surface#14.damage(0, 0, 2147483647, 2147483647)
[12:31:06.693754] {mesa egl surface queue}  -> wl_surface#14.commit()
[12:31:06.693756] {mesa egl surface queue}  -> wl_display#1.sync(new id wl_callback#43)
[12:31:06.693822] {Display Queue} wl_display#1.delete_id(43)
[12:31:06.710700] {mesa egl surface queue} wl_callback#43.done(7)
[12:31:06.710722] {mesa egl surface queue} wl_buffer#40.release()
[12:31:06.711952] {Default Queue}  -> xdg_toplevel#30.set_min_size(1400, 948)
[12:31:06.711964] {Default Queue}  -> xdg_toplevel#30.set_max_size(0, 0)
[12:31:06.711966] {Default Queue}  -> xdg_surface#29.set_window_geometry(45, 45, 1400, 948)
[12:31:06.712058] {mesa egl surface queue}  -> wl_surface#14.attach(wl_buffer#40, 0, 0)
[12:31:06.712062] {mesa egl surface queue}  -> wl_surface#14.damage(0, 0, 2147483647, 2147483647)
[12:31:06.712064] {mesa egl surface queue}  -> wl_surface#14.commit()
[12:31:06.712066] {mesa egl surface queue}  -> wl_display#1.sync(new id wl_callback#43)
[12:31:06.712135] {Display Queue} wl_display#1.delete_id(43)
[12:31:06.789357] {mesa egl surface queue} wl_callback#43.done(7)
[12:31:06.789374] {mesa egl surface queue} wl_buffer#44.release()
[12:31:06.790234] {Default Queue}  -> xdg_toplevel#30.set_min_size(1400, 948)
[12:31:06.790243] {Default Queue}  -> xdg_toplevel#30.set_max_size(0, 0)
[12:31:06.790245] {Default Queue}  -> xdg_surface#29.set_window_geometry(45, 45, 1400, 948)
[12:31:06.790290] {mesa egl surface queue}  -> wl_surface#14.attach(wl_buffer#44, 0, 0)
[12:31:06.790293] {mesa egl surface queue}  -> wl_surface#14.damage(0, 0, 2147483647, 2147483647)
[12:31:06.790295] {mesa egl surface queue}  -> wl_surface#14.commit()
[12:31:06.790297] {mesa egl surface queue}  -> wl_display#1.sync(new id wl_callback#43)
[12:31:06.790382] {Display Queue} wl_display#1.delete_id(43)
[12:31:06.901888] {mesa egl surface queue} wl_callback#43.done(7)
[12:31:06.901905] {mesa egl surface queue} wl_buffer#40.release()
[12:31:06.902931] {Default Queue}  -> xdg_toplevel#30.set_min_size(1400, 948)
[12:31:06.902941] {Default Queue}  -> xdg_toplevel#30.set_max_size(0, 0)
[12:31:06.902943] {Default Queue}  -> xdg_surface#29.set_window_geometry(45, 45, 1400, 948)
[12:31:06.902993] {mesa egl surface queue}  -> wl_surface#14.attach(wl_buffer#40, 0, 0)
[12:31:06.902996] {mesa egl surface queue}  -> wl_surface#14.damage(0, 0, 2147483647, 2147483647)
[12:31:06.902998] {mesa egl surface queue}  -> wl_surface#14.commit()
[12:31:06.903000] {mesa egl surface queue}  -> wl_display#1.sync(new id wl_callback#43)
[12:31:06.903065] {Display Queue} wl_display#1.delete_id(43)
[12:31:06.966554] {mesa egl surface queue} wl_callback#43.done(7)
[12:31:06.966570] {mesa egl surface queue} wl_buffer#44.release()
[12:31:06.967449] {Default Queue}  -> xdg_toplevel#30.set_min_size(1400, 948)
[12:31:06.967456] {Default Queue}  -> xdg_toplevel#30.set_max_size(0, 0)
[12:31:06.967459] {Default Queue}  -> xdg_surface#29.set_window_geometry(45, 45, 1400, 948)
[12:31:06.967505] {mesa egl surface queue}  -> wl_surface#14.attach(wl_buffer#44, 0, 0)
[12:31:06.967508] {mesa egl surface queue}  -> wl_surface#14.damage(0, 0, 2147483647, 2147483647)
[12:31:06.967510] {mesa egl surface queue}  -> wl_surface#14.commit()
[12:31:06.967516] {mesa egl surface queue}  -> wl_display#1.sync(new id wl_callback#43)
[12:31:06.967581] {Display Queue} wl_display#1.delete_id(43)
[12:31:06.998331] {mesa egl surface queue} wl_callback#43.done(7)
[12:31:06.998355] {mesa egl surface queue} wl_buffer#40.release()
[12:31:06.999224] {Default Queue}  -> xdg_toplevel#30.set_min_size(1400, 948)
[12:31:06.999232] {Default Queue}  -> xdg_toplevel#30.set_max_size(0, 0)
[12:31:06.999235] {Default Queue}  -> xdg_surface#29.set_window_geometry(45, 45, 1400, 948)
[12:31:06.999280] {mesa egl surface queue}  -> wl_surface#14.attach(wl_buffer#40, 0, 0)
[12:31:06.999282] {mesa egl surface queue}  -> wl_surface#14.damage(0, 0, 2147483647, 2147483647)
[12:31:06.999284] {mesa egl surface queue}  -> wl_surface#14.commit()
[12:31:06.999286] {mesa egl surface queue}  -> wl_display#1.sync(new id wl_callback#43)
[12:31:06.999349] {Display Queue} wl_display#1.delete_id(43)
[12:31:07.110696] {mesa egl surface queue} wl_callback#43.done(7)
[12:31:07.110713] {mesa egl surface queue} wl_buffer#44.release()
[12:31:07.111545] {Default Queue}  -> xdg_toplevel#30.set_min_size(1400, 948)
[12:31:07.111552] {Default Queue}  -> xdg_toplevel#30.set_max_size(0, 0)
[12:31:07.111554] {Default Queue}  -> xdg_surface#29.set_window_geometry(45, 45, 1400, 948)
[12:31:07.111601] {mesa egl surface queue}  -> wl_surface#14.attach(wl_buffer#44, 0, 0)
[12:31:07.111604] {mesa egl surface queue}  -> wl_surface#14.damage(0, 0, 2147483647, 2147483647)
[12:31:07.111606] {mesa egl surface queue}  -> wl_surface#14.commit()
[12:31:07.111608] {mesa egl surface queue}  -> wl_display#1.sync(new id wl_callback#43)
[12:31:07.111671] {Display Queue} wl_display#1.delete_id(43)
[12:31:07.207083] {mesa egl surface queue} wl_callback#43.done(7)
[12:31:07.207107] {mesa egl surface queue} wl_buffer#40.release()
[12:31:07.207974] {Default Queue}  -> xdg_toplevel#30.set_min_size(1400, 948)
[12:31:07.207983] {Default Queue}  -> xdg_toplevel#30.set_max_size(0, 0)
[12:31:07.207986] {Default Queue}  -> xdg_surface#29.set_window_geometry(45, 45, 1400, 948)
[12:31:07.208031] {mesa egl surface queue}  -> wl_surface#14.attach(wl_buffer#40, 0, 0)
[12:31:07.208034] {mesa egl surface queue}  -> wl_surface#14.damage(0, 0, 2147483647, 2147483647)
[12:31:07.208036] {mesa egl surface queue}  -> wl_surface#14.commit()
[12:31:07.208038] {mesa egl surface queue}  -> wl_display#1.sync(new id wl_callback#43)
[12:31:07.208100] {Display Queue} wl_display#1.delete_id(43)
[12:31:07.227742] {mesa egl surface queue} wl_callback#43.done(7)
[12:31:07.227755] {mesa egl surface queue} wl_buffer#44.release()
[12:31:07.228537] {Default Queue}  -> xdg_toplevel#30.set_min_size(1400, 948)
[12:31:07.228544] {Default Queue}  -> xdg_toplevel#30.set_max_size(0, 0)
[12:31:07.228546] {Default Queue}  -> xdg_surface#29.set_window_geometry(45, 45, 1400, 948)
[12:31:07.228587] {mesa egl surface queue}  -> wl_surface#14.attach(wl_buffer#44, 0, 0)
[12:31:07.228589] {mesa egl surface queue}  -> wl_surface#14.damage(0, 0, 2147483647, 2147483647)
[12:31:07.228591] {mesa egl surface queue}  -> wl_surface#14.commit()
[12:31:07.228593] {mesa egl surface queue}  -> wl_display#1.sync(new id wl_callback#43)
[12:31:07.228691] {Display Queue} wl_display#1.delete_id(43)
[12:31:07.319960] {mesa egl surface queue} wl_callback#43.done(7)
[12:31:07.319975] {mesa egl surface queue} wl_buffer#40.release()
[12:31:07.320799] {Default Queue}  -> xdg_toplevel#30.set_min_size(1400, 948)
[12:31:07.320806] {Default Queue}  -> xdg_toplevel#30.set_max_size(0, 0)
[12:31:07.320808] {Default Queue}  -> xdg_surface#29.set_window_geometry(45, 45, 1400, 948)
[12:31:07.320857] {mesa egl surface queue}  -> wl_surface#14.attach(wl_buffer#40, 0, 0)
[12:31:07.320861] {mesa egl surface queue}  -> wl_surface#14.damage(0, 0, 2147483647, 2147483647)
[12:31:07.320862] {mesa egl surface queue}  -> wl_surface#14.commit()
[12:31:07.320864] {mesa egl surface queue}  -> wl_display#1.sync(new id wl_callback#43)
[12:31:07.320927] {Display Queue} wl_display#1.delete_id(43)
[12:31:07.416518] {mesa egl surface queue} wl_callback#43.done(7)
[12:31:07.416540] {mesa egl surface queue} wl_buffer#44.release()
[12:31:07.417380] {Default Queue}  -> xdg_toplevel#30.set_min_size(1400, 948)
[12:31:07.417388] {Default Queue}  -> xdg_toplevel#30.set_max_size(0, 0)
[12:31:07.417390] {Default Queue}  -> xdg_surface#29.set_window_geometry(45, 45, 1400, 948)
[12:31:07.417436] {mesa egl surface queue}  -> wl_surface#14.attach(wl_buffer#44, 0, 0)
[12:31:07.417439] {mesa egl surface queue}  -> wl_surface#14.damage(0, 0, 2147483647, 2147483647)
[12:31:07.417441] {mesa egl surface queue}  -> wl_surface#14.commit()
[12:31:07.417443] {mesa egl surface queue}  -> wl_display#1.sync(new id wl_callback#43)
[12:31:07.417516] {Display Queue} wl_display#1.delete_id(43)
[12:31:07.464873] {mesa egl surface queue} wl_callback#43.done(7)
[12:31:07.464887] {mesa egl surface queue} wl_buffer#40.release()
[12:31:07.465679] {Default Queue}  -> xdg_toplevel#30.set_min_size(1400, 948)
[12:31:07.465685] {Default Queue}  -> xdg_toplevel#30.set_max_size(0, 0)
[12:31:07.465687] {Default Queue}  -> xdg_surface#29.set_window_geometry(45, 45, 1400, 948)
[12:31:07.465733] {mesa egl surface queue}  -> wl_surface#14.attach(wl_buffer#40, 0, 0)
[12:31:07.465736] {mesa egl surface queue}  -> wl_surface#14.damage(0, 0, 2147483647, 2147483647)
[12:31:07.465738] {mesa egl surface queue}  -> wl_surface#14.commit()
[12:31:07.465745] {mesa egl surface queue}  -> wl_display#1.sync(new id wl_callback#43)
[12:31:07.465810] {Display Queue} wl_display#1.delete_id(43)
[12:31:07.512916] {mesa egl surface queue} wl_callback#43.done(7)
[12:31:07.512932] {mesa egl surface queue} wl_buffer#44.release()
[12:31:07.513762] {Default Queue}  -> xdg_toplevel#30.set_min_size(1400, 948)
[12:31:07.513769] {Default Queue}  -> xdg_toplevel#30.set_max_size(0, 0)
[12:31:07.513778] {Default Queue}  -> xdg_surface#29.set_window_geometry(45, 45, 1400, 948)
[12:31:07.513831] {mesa egl surface queue}  -> wl_surface#14.attach(wl_buffer#44, 0, 0)
[12:31:07.513834] {mesa egl surface queue}  -> wl_surface#14.damage(0, 0, 2147483647, 2147483647)
[12:31:07.513836] {mesa egl surface queue}  -> wl_surface#14.commit()
[12:31:07.513838] {mesa egl surface queue}  -> wl_display#1.sync(new id wl_callback#43)
[12:31:07.513901] {Display Queue} wl_display#1.delete_id(43)
[12:31:07.625307] {mesa egl surface queue} wl_callback#43.done(7)
[12:31:07.625330] {mesa egl surface queue} wl_buffer#40.release()
[12:31:07.626148] {Default Queue}  -> xdg_toplevel#30.set_min_size(1400, 948)
[12:31:07.626156] {Default Queue}  -> xdg_toplevel#30.set_max_size(0, 0)
[12:31:07.626158] {Default Queue}  -> xdg_surface#29.set_window_geometry(45, 45, 1400, 948)
[12:31:07.626203] {mesa egl surface queue}  -> wl_surface#14.attach(wl_buffer#40, 0, 0)
[12:31:07.626206] {mesa egl surface queue}  -> wl_surface#14.damage(0, 0, 2147483647, 2147483647)
[12:31:07.626208] {mesa egl surface queue}  -> wl_surface#14.commit()
[12:31:07.626210] {mesa egl surface queue}  -> wl_display#1.sync(new id wl_callback#43)
[12:31:07.626306] {Display Queue} wl_display#1.delete_id(43)
[12:31:07.722697] {mesa egl surface queue} wl_callback#43.done(7)
[12:31:07.722713] {mesa egl surface queue} wl_buffer#44.release()
[12:31:07.723549] {Default Queue}  -> xdg_toplevel#30.set_min_size(1400, 948)
[12:31:07.723556] {Default Queue}  -> xdg_toplevel#30.set_max_size(0, 0)
[12:31:07.723558] {Default Queue}  -> xdg_surface#29.set_window_geometry(45, 45, 1400, 948)
[12:31:07.723603] {mesa egl surface queue}  -> wl_surface#14.attach(wl_buffer#44, 0, 0)
[12:31:07.723607] {mesa egl surface queue}  -> wl_surface#14.damage(0, 0, 2147483647, 2147483647)
[12:31:07.723609] {mesa egl surface queue}  -> wl_surface#14.commit()
[12:31:07.723611] {mesa egl surface queue}  -> wl_display#1.sync(new id wl_callback#43)
[12:31:07.723706] {Display Queue} wl_display#1.delete_id(43)
[12:31:07.834419] {mesa egl surface queue} wl_callback#43.done(7)
[12:31:07.834449] {mesa egl surface queue} wl_buffer#40.release()
[12:31:07.835295] {Default Queue}  -> xdg_toplevel#30.set_min_size(1400, 948)
[12:31:07.835303] {Default Queue}  -> xdg_toplevel#30.set_max_size(0, 0)
[12:31:07.835305] {Default Queue}  -> xdg_surface#29.set_window_geometry(45, 45, 1400, 948)
[12:31:07.835350] {mesa egl surface queue}  -> wl_surface#14.attach(wl_buffer#40, 0, 0)
[12:31:07.835353] {mesa egl surface queue}  -> wl_surface#14.damage(0, 0, 2147483647, 2147483647)
[12:31:07.835355] {mesa egl surface queue}  -> wl_surface#14.commit()
[12:31:07.835357] {mesa egl surface queue}  -> wl_display#1.sync(new id wl_callback#43)
[12:31:07.835460] {Display Queue} wl_display#1.delete_id(43)
[12:31:07.930831] {mesa egl surface queue} wl_callback#43.done(7)
[12:31:07.930848] {mesa egl surface queue} wl_buffer#44.release()
[12:31:07.931682] {Default Queue}  -> xdg_toplevel#30.set_min_size(1400, 948)
[12:31:07.931689] {Default Queue}  -> xdg_toplevel#30.set_max_size(0, 0)
[12:31:07.931692] {Default Queue}  -> xdg_surface#29.set_window_geometry(45, 45, 1400, 948)
[12:31:07.931744] {mesa egl surface queue}  -> wl_surface#14.attach(wl_buffer#44, 0, 0)
[12:31:07.931747] {mesa egl surface queue}  -> wl_surface#14.damage(0, 0, 2147483647, 2147483647)
[12:31:07.931749] {mesa egl surface queue}  -> wl_surface#14.commit()
[12:31:07.931751] {mesa egl surface queue}  -> wl_display#1.sync(new id wl_callback#43)
[12:31:07.931847] {Display Queue} wl_display#1.delete_id(43)
[12:31:07.979884] {mesa egl surface queue} wl_callback#43.done(7)
[12:31:07.979900] {mesa egl surface queue} wl_buffer#40.release()
[12:31:07.980763] {Default Queue}  -> xdg_toplevel#30.set_min_size(1400, 948)
[12:31:07.980769] {Default Queue}  -> xdg_toplevel#30.set_max_size(0, 0)
[12:31:07.980771] {Default Queue}  -> xdg_surface#29.set_window_geometry(45, 45, 1400, 948)
[12:31:07.980813] {mesa egl surface queue}  -> wl_surface#14.attach(wl_buffer#40, 0, 0)
[12:31:07.980820] {mesa egl surface queue}  -> wl_surface#14.damage(0, 0, 2147483647, 2147483647)
[12:31:07.980828] {mesa egl surface queue}  -> wl_surface#14.commit()
[12:31:07.980831] {mesa egl surface queue}  -> wl_display#1.sync(new id wl_callback#43)
[12:31:07.980896] {Display Queue} wl_display#1.delete_id(43)
[12:31:08.043661] {mesa egl surface queue} wl_callback#43.done(7)
[12:31:08.043677] {mesa egl surface queue} wl_buffer#44.release()
[12:31:08.044509] {Default Queue}  -> xdg_toplevel#30.set_min_size(1400, 948)
[12:31:08.044516] {Default Queue}  -> xdg_toplevel#30.set_max_size(0, 0)
[12:31:08.044518] {Default Queue}  -> xdg_surface#29.set_window_geometry(45, 45, 1400, 948)
[12:31:08.044565] {mesa egl surface queue}  -> wl_surface#14.attach(wl_buffer#44, 0, 0)
[12:31:08.044568] {mesa egl surface queue}  -> wl_surface#14.damage(0, 0, 2147483647, 2147483647)
[12:31:08.044570] {mesa egl surface queue}  -> wl_surface#14.commit()
[12:31:08.044572] {mesa egl surface queue}  -> wl_display#1.sync(new id wl_callback#43)
[12:31:08.044668] {Display Queue} wl_display#1.delete_id(43)
[12:31:08.140367] {mesa egl surface queue} wl_callback#43.done(7)
[12:31:08.140384] {mesa egl surface queue} wl_buffer#40.release()
[12:31:08.141200] {Default Queue}  -> xdg_toplevel#30.set_min_size(1400, 948)
[12:31:08.141207] {Default Queue}  -> xdg_toplevel#30.set_max_size(0, 0)
[12:31:08.141209] {Default Queue}  -> xdg_surface#29.set_window_geometry(45, 45, 1400, 948)
[12:31:08.141256] {mesa egl surface queue}  -> wl_surface#14.attach(wl_buffer#40, 0, 0)
[12:31:08.141259] {mesa egl surface queue}  -> wl_surface#14.damage(0, 0, 2147483647, 2147483647)
[12:31:08.141261] {mesa egl surface queue}  -> wl_surface#14.commit()
[12:31:08.141263] {mesa egl surface queue}  -> wl_display#1.sync(new id wl_callback#43)
[12:31:08.141361] {Display Queue} wl_display#1.delete_id(43)
[12:31:08.221294] {mesa egl surface queue} wl_callback#43.done(7)
[12:31:08.221312] {mesa egl surface queue} wl_buffer#44.release()
[12:31:08.222107] {Default Queue}  -> xdg_toplevel#30.set_min_size(1400, 948)
[12:31:08.222114] {Default Queue}  -> xdg_toplevel#30.set_max_size(0, 0)
[12:31:08.222116] {Default Queue}  -> xdg_surface#29.set_window_geometry(45, 45, 1400, 948)
[12:31:08.222165] {mesa egl surface queue}  -> wl_surface#14.attach(wl_buffer#44, 0, 0)
[12:31:08.222168] {mesa egl surface queue}  -> wl_surface#14.damage(0, 0, 2147483647, 2147483647)
[12:31:08.222170] {mesa egl surface queue}  -> wl_surface#14.commit()
[12:31:08.222172] {mesa egl surface queue}  -> wl_display#1.sync(new id wl_callback#43)
[12:31:08.222271] {Display Queue} wl_display#1.delete_id(43)
[12:31:08.252820] {mesa egl surface queue} wl_callback#43.done(7)
[12:31:08.252832] {mesa egl surface queue} wl_buffer#40.release()
[12:31:08.253680] {Default Queue}  -> xdg_toplevel#30.set_min_size(1400, 948)
[12:31:08.253687] {Default Queue}  -> xdg_toplevel#30.set_max_size(0, 0)
[12:31:08.253689] {Default Queue}  -> xdg_surface#29.set_window_geometry(45, 45, 1400, 948)
[12:31:08.253732] {mesa egl surface queue}  -> wl_surface#14.attach(wl_buffer#40, 0, 0)
[12:31:08.253735] {mesa egl surface queue}  -> wl_surface#14.damage(0, 0, 2147483647, 2147483647)
[12:31:08.253737] {mesa egl surface queue}  -> wl_surface#14.commit()
[12:31:08.253745] {mesa egl surface queue}  -> wl_display#1.sync(new id wl_callback#43)
[12:31:08.253813] {Display Queue} wl_display#1.delete_id(43)
[12:31:08.349277] {mesa egl surface queue} wl_callback#43.done(7)
[12:31:08.349295] {mesa egl surface queue} wl_buffer#44.release()
[12:31:08.350115] {Default Queue}  -> xdg_toplevel#30.set_min_size(1400, 948)
[12:31:08.350122] {Default Queue}  -> xdg_toplevel#30.set_max_size(0, 0)
[12:31:08.350124] {Default Queue}  -> xdg_surface#29.set_window_geometry(45, 45, 1400, 948)
[12:31:08.350170] {mesa egl surface queue}  -> wl_surface#14.attach(wl_buffer#44, 0, 0)
[12:31:08.350173] {mesa egl surface queue}  -> wl_surface#14.damage(0, 0, 2147483647, 2147483647)
[12:31:08.350175] {mesa egl surface queue}  -> wl_surface#14.commit()
[12:31:08.350177] {mesa egl surface queue}  -> wl_display#1.sync(new id wl_callback#43)
[12:31:08.350268] {Display Queue} wl_display#1.delete_id(43)
[12:31:08.461827] {mesa egl surface queue} wl_callback#43.done(7)
[12:31:08.461845] {mesa egl surface queue} wl_buffer#40.release()
[12:31:08.462712] {Default Queue}  -> xdg_toplevel#30.set_min_size(1400, 948)
[12:31:08.462721] {Default Queue}  -> xdg_toplevel#30.set_max_size(0, 0)
[12:31:08.462723] {Default Queue}  -> xdg_surface#29.set_window_geometry(45, 45, 1400, 948)
[12:31:08.462778] {mesa egl surface queue}  -> wl_surface#14.attach(wl_buffer#40, 0, 0)
[12:31:08.462781] {mesa egl surface queue}  -> wl_surface#14.damage(0, 0, 2147483647, 2147483647)
[12:31:08.462783] {mesa egl surface queue}  -> wl_surface#14.commit()
[12:31:08.462785] {mesa egl surface queue}  -> wl_display#1.sync(new id wl_callback#43)
[12:31:08.462861] {Display Queue} wl_display#1.delete_id(43)
[12:31:08.478757] {mesa egl surface queue} wl_callback#43.done(7)
[12:31:08.478773] {mesa egl surface queue} wl_buffer#44.release()
[12:31:08.479595] {Default Queue}  -> xdg_toplevel#30.set_min_size(1400, 948)
[12:31:08.479602] {Default Queue}  -> xdg_toplevel#30.set_max_size(0, 0)
[12:31:08.479604] {Default Queue}  -> xdg_surface#29.set_window_geometry(45, 45, 1400, 948)
[12:31:08.479646] {mesa egl surface queue}  -> wl_surface#14.attach(wl_buffer#44, 0, 0)
[12:31:08.479649] {mesa egl surface queue}  -> wl_surface#14.damage(0, 0, 2147483647, 2147483647)
[12:31:08.479651] {mesa egl surface queue}  -> wl_surface#14.commit()
[12:31:08.479653] {mesa egl surface queue}  -> wl_display#1.sync(new id wl_callback#43)
[12:31:08.479752] {Display Queue} wl_display#1.delete_id(43)
[12:31:08.558357] {mesa egl surface queue} wl_callback#43.done(7)
[12:31:08.558374] {mesa egl surface queue} wl_buffer#40.release()
[12:31:08.559212] {Default Queue}  -> xdg_toplevel#30.set_min_size(1400, 948)
[12:31:08.559221] {Default Queue}  -> xdg_toplevel#30.set_max_size(0, 0)
[12:31:08.559223] {Default Queue}  -> xdg_surface#29.set_window_geometry(45, 45, 1400, 948)
[12:31:08.559271] {mesa egl surface queue}  -> wl_surface#14.attach(wl_buffer#40, 0, 0)
[12:31:08.559275] {mesa egl surface queue}  -> wl_surface#14.damage(0, 0, 2147483647, 2147483647)
[12:31:08.559277] {mesa egl surface queue}  -> wl_surface#14.commit()
[12:31:08.559279] {mesa egl surface queue}  -> wl_display#1.sync(new id wl_callback#43)
[12:31:08.559347] {Display Queue} wl_display#1.delete_id(43)
[12:31:08.670842] {mesa egl surface queue} wl_callback#43.done(7)
[12:31:08.670861] {mesa egl surface queue} wl_buffer#44.release()
[12:31:08.671724] {Default Queue}  -> xdg_toplevel#30.set_min_size(1400, 948)
[12:31:08.671732] {Default Queue}  -> xdg_toplevel#30.set_max_size(0, 0)
[12:31:08.671734] {Default Queue}  -> xdg_surface#29.set_window_geometry(45, 45, 1400, 948)
[12:31:08.671785] {mesa egl surface queue}  -> wl_surface#14.attach(wl_buffer#44, 0, 0)
[12:31:08.671788] {mesa egl surface queue}  -> wl_surface#14.damage(0, 0, 2147483647, 2147483647)
[12:31:08.671790] {mesa egl surface queue}  -> wl_surface#14.commit()
[12:31:08.671792] {mesa egl surface queue}  -> wl_display#1.sync(new id wl_callback#43)
[12:31:08.671876] {Display Queue} wl_display#1.delete_id(43)
[12:31:08.735868] {mesa egl surface queue} wl_callback#43.done(7)
[12:31:08.735885] {mesa egl surface queue} wl_buffer#40.release()
[12:31:08.736722] {Default Queue}  -> xdg_toplevel#30.set_min_size(1400, 948)
[12:31:08.736730] {Default Queue}  -> xdg_toplevel#30.set_max_size(0, 0)
[12:31:08.736732] {Default Queue}  -> xdg_surface#29.set_window_geometry(45, 45, 1400, 948)
[12:31:08.736786] {mesa egl surface queue}  -> wl_surface#14.attach(wl_buffer#40, 0, 0)
[12:31:08.736789] {mesa egl surface queue}  -> wl_surface#14.damage(0, 0, 2147483647, 2147483647)
[12:31:08.736791] {mesa egl surface queue}  -> wl_surface#14.commit()
[12:31:08.736793] {mesa egl surface queue}  -> wl_display#1.sync(new id wl_callback#43)
[12:31:08.736866] {Display Queue} wl_display#1.delete_id(43)
[12:31:08.767259] {mesa egl surface queue} wl_callback#43.done(7)
[12:31:08.767279] {mesa egl surface queue} wl_buffer#44.release()
[12:31:08.768104] {Default Queue}  -> xdg_toplevel#30.set_min_size(1400, 948)
[12:31:08.768114] {Default Queue}  -> xdg_toplevel#30.set_max_size(0, 0)
[12:31:08.768117] {Default Queue}  -> xdg_surface#29.set_window_geometry(45, 45, 1400, 948)
[12:31:08.768162] {mesa egl surface queue}  -> wl_surface#14.attach(wl_buffer#44, 0, 0)
[12:31:08.768165] {mesa egl surface queue}  -> wl_surface#14.damage(0, 0, 2147483647, 2147483647)
[12:31:08.768167] {mesa egl surface queue}  -> wl_surface#14.commit()
[12:31:08.768169] {mesa egl surface queue}  -> wl_display#1.sync(new id wl_callback#43)
[12:31:08.768238] {Display Queue} wl_display#1.delete_id(43)
[12:31:08.879643] {mesa egl surface queue} wl_callback#43.done(7)
[12:31:08.879661] {mesa egl surface queue} wl_buffer#40.release()
[12:31:08.880531] {Default Queue}  -> xdg_toplevel#30.set_min_size(1400, 948)
[12:31:08.880539] {Default Queue}  -> xdg_toplevel#30.set_max_size(0, 0)
[12:31:08.880541] {Default Queue}  -> xdg_surface#29.set_window_geometry(45, 45, 1400, 948)
[12:31:08.880588] {mesa egl surface queue}  -> wl_surface#14.attach(wl_buffer#40, 0, 0)
[12:31:08.880595] {mesa egl surface queue}  -> wl_surface#14.damage(0, 0, 2147483647, 2147483647)
[12:31:08.880597] {mesa egl surface queue}  -> wl_surface#14.commit()
[12:31:08.880599] {mesa egl surface queue}  -> wl_display#1.sync(new id wl_callback#43)
[12:31:08.880681] {Display Queue} wl_display#1.delete_id(43)
[12:31:08.976874] {mesa egl surface queue} wl_callback#43.done(7)
[12:31:08.976891] {mesa egl surface queue} wl_buffer#44.release()
[12:31:08.977789] {Default Queue}  -> xdg_toplevel#30.set_min_size(1400, 948)
[12:31:08.977796] {Default Queue}  -> xdg_toplevel#30.set_max_size(0, 0)
[12:31:08.977799] {Default Queue}  -> xdg_surface#29.set_window_geometry(45, 45, 1400, 948)
[12:31:08.977843] {mesa egl surface queue}  -> wl_surface#14.attach(wl_buffer#44, 0, 0)
[12:31:08.977846] {mesa egl surface queue}  -> wl_surface#14.damage(0, 0, 2147483647, 2147483647)
[12:31:08.977848] {mesa egl surface queue}  -> wl_surface#14.commit()
[12:31:08.977850] {mesa egl surface queue}  -> wl_display#1.sync(new id wl_callback#43)
[12:31:08.977925] {Display Queue} wl_display#1.delete_id(43)
[12:31:09.072394] {mesa egl surface queue} wl_callback#43.done(7)
[12:31:09.072413] {mesa egl surface queue} wl_buffer#40.release()
[12:31:09.073230] {Default Queue}  -> xdg_toplevel#30.set_min_size(1400, 948)
[12:31:09.073237] {Default Queue}  -> xdg_toplevel#30.set_max_size(0, 0)
[12:31:09.073240] {Default Queue}  -> xdg_surface#29.set_window_geometry(45, 45, 1400, 948)
[12:31:09.073289] {mesa egl surface queue}  -> wl_surface#14.attach(wl_buffer#40, 0, 0)
[12:31:09.073291] {mesa egl surface queue}  -> wl_surface#14.damage(0, 0, 2147483647, 2147483647)
[12:31:09.073293] {mesa egl surface queue}  -> wl_surface#14.commit()
[12:31:09.073295] {mesa egl surface queue}  -> wl_display#1.sync(new id wl_callback#43)
[12:31:09.073364] {Display Queue} wl_display#1.delete_id(43)
[12:31:09.185093] {mesa egl surface queue} wl_callback#43.done(7)
[12:31:09.185109] {mesa egl surface queue} wl_buffer#44.release()
[12:31:09.185968] {Default Queue}  -> xdg_toplevel#30.set_min_size(1400, 948)
[12:31:09.185975] {Default Queue}  -> xdg_toplevel#30.set_max_size(0, 0)
[12:31:09.185977] {Default Queue}  -> xdg_surface#29.set_window_geometry(45, 45, 1400, 948)
[12:31:09.186023] {mesa egl surface queue}  -> wl_surface#14.attach(wl_buffer#44, 0, 0)
[12:31:09.186026] {mesa egl surface queue}  -> wl_surface#14.damage(0, 0, 2147483647, 2147483647)
[12:31:09.186028] {mesa egl surface queue}  -> wl_surface#14.commit()
[12:31:09.186029] {mesa egl surface queue}  -> wl_display#1.sync(new id wl_callback#43)
[12:31:09.186158] {Display Queue} wl_display#1.delete_id(43)
[12:31:09.233727] {mesa egl surface queue} wl_callback#43.done(7)
[12:31:09.233748] {mesa egl surface queue} wl_buffer#40.release()
[12:31:09.234602] {Default Queue}  -> xdg_toplevel#30.set_min_size(1400, 948)
[12:31:09.234610] {Default Queue}  -> xdg_toplevel#30.set_max_size(0, 0)
[12:31:09.234618] {Default Queue}  -> xdg_surface#29.set_window_geometry(45, 45, 1400, 948)
[12:31:09.234670] {mesa egl surface queue}  -> wl_surface#14.attach(wl_buffer#40, 0, 0)
[12:31:09.234674] {mesa egl surface queue}  -> wl_surface#14.damage(0, 0, 2147483647, 2147483647)
[12:31:09.234676] {mesa egl surface queue}  -> wl_surface#14.commit()
[12:31:09.234677] {mesa egl surface queue}  -> wl_display#1.sync(new id wl_callback#43)
[12:31:09.234751] {Display Queue} wl_display#1.delete_id(43)
[12:31:09.281516] {mesa egl surface queue} wl_callback#43.done(7)
[12:31:09.281533] {mesa egl surface queue} wl_buffer#44.release()
[12:31:09.282400] {Default Queue}  -> xdg_toplevel#30.set_min_size(1400, 948)
[12:31:09.282409] {Default Queue}  -> xdg_toplevel#30.set_max_size(0, 0)
[12:31:09.282411] {Default Queue}  -> xdg_surface#29.set_window_geometry(45, 45, 1400, 948)
[12:31:09.282460] {mesa egl surface queue}  -> wl_surface#14.attach(wl_buffer#44, 0, 0)
[12:31:09.282463] {mesa egl surface queue}  -> wl_surface#14.damage(0, 0, 2147483647, 2147483647)
[12:31:09.282465] {mesa egl surface queue}  -> wl_surface#14.commit()
[12:31:09.282467] {mesa egl surface queue}  -> wl_display#1.sync(new id wl_callback#43)
[12:31:09.282538] {Display Queue} wl_display#1.delete_id(43)
[12:31:09.394822] {mesa egl surface queue} wl_callback#43.done(7)
[12:31:09.394840] {mesa egl surface queue} wl_buffer#40.release()
[12:31:09.395686] {Default Queue}  -> xdg_toplevel#30.set_min_size(1400, 948)
[12:31:09.395694] {Default Queue}  -> xdg_toplevel#30.set_max_size(0, 0)
[12:31:09.395696] {Default Queue}  -> xdg_surface#29.set_window_geometry(45, 45, 1400, 948)
[12:31:09.395748] {mesa egl surface queue}  -> wl_surface#14.attach(wl_buffer#40, 0, 0)
[12:31:09.395751] {mesa egl surface queue}  -> wl_surface#14.damage(0, 0, 2147483647, 2147483647)
[12:31:09.395753] {mesa egl surface queue}  -> wl_surface#14.commit()
[12:31:09.395755] {mesa egl surface queue}  -> wl_display#1.sync(new id wl_callback#43)
[12:31:09.395819] {Display Queue} wl_display#1.delete_id(43)
[12:31:09.492802] {mesa egl surface queue} wl_callback#43.done(7)
[12:31:09.492818] {mesa egl surface queue} wl_buffer#44.release()
[12:31:09.493677] {Default Queue}  -> xdg_toplevel#30.set_min_size(1400, 948)
[12:31:09.493685] {Default Queue}  -> xdg_toplevel#30.set_max_size(0, 0)
[12:31:09.493688] {Default Queue}  -> xdg_surface#29.set_window_geometry(45, 45, 1400, 948)
[12:31:09.493736] {mesa egl surface queue}  -> wl_surface#14.attach(wl_buffer#44, 0, 0)
[12:31:09.493743] {mesa egl surface queue}  -> wl_surface#14.damage(0, 0, 2147483647, 2147483647)
[12:31:09.493745] {mesa egl surface queue}  -> wl_surface#14.commit()
[12:31:09.493747] {mesa egl surface queue}  -> wl_display#1.sync(new id wl_callback#43)
[12:31:09.493849] {Display Queue} wl_display#1.delete_id(43)
[12:31:09.604163] {mesa egl surface queue} wl_callback#43.done(7)
[12:31:09.604182] {mesa egl surface queue} wl_buffer#40.release()
[12:31:09.605038] {Default Queue}  -> xdg_toplevel#30.set_min_size(1400, 948)
[12:31:09.605046] {Default Queue}  -> xdg_toplevel#30.set_max_size(0, 0)
[12:31:09.605048] {Default Queue}  -> xdg_surface#29.set_window_geometry(45, 45, 1400, 948)
[12:31:09.605095] {mesa egl surface queue}  -> wl_surface#14.attach(wl_buffer#40, 0, 0)
[12:31:09.605098] {mesa egl surface queue}  -> wl_surface#14.damage(0, 0, 2147483647, 2147483647)
[12:31:09.605100] {mesa egl surface queue}  -> wl_surface#14.commit()
[12:31:09.605102] {mesa egl surface queue}  -> wl_display#1.sync(new id wl_callback#43)
[12:31:09.605168] {Display Queue} wl_display#1.delete_id(43)
[12:31:09.700541] {mesa egl surface queue} wl_callback#43.done(7)
[12:31:09.700558] {mesa egl surface queue} wl_buffer#44.release()
[12:31:09.701473] {Default Queue}  -> xdg_toplevel#30.set_min_size(1400, 948)
[12:31:09.701481] {Default Queue}  -> xdg_toplevel#30.set_max_size(0, 0)
[12:31:09.701483] {Default Queue}  -> xdg_surface#29.set_window_geometry(45, 45, 1400, 948)
[12:31:09.701535] {mesa egl surface queue}  -> wl_surface#14.attach(wl_buffer#44, 0, 0)
[12:31:09.701543] {mesa egl surface queue}  -> wl_surface#14.damage(0, 0, 2147483647, 2147483647)
[12:31:09.701551] {mesa egl surface queue}  -> wl_surface#14.commit()
[12:31:09.701553] {mesa egl surface queue}  -> wl_display#1.sync(new id wl_callback#43)
[12:31:09.701657] {Display Queue} wl_display#1.delete_id(43)
[12:31:09.732949] {mesa egl surface queue} wl_callback#43.done(7)
[12:31:09.732964] {mesa egl surface queue} wl_buffer#40.release()
[12:31:09.733812] {Default Queue}  -> xdg_toplevel#30.set_min_size(1400, 948)
[12:31:09.733820] {Default Queue}  -> xdg_toplevel#30.set_max_size(0, 0)
[12:31:09.733822] {Default Queue}  -> xdg_surface#29.set_window_geometry(45, 45, 1400, 948)
[12:31:09.733867] {mesa egl surface queue}  -> wl_surface#14.attach(wl_buffer#40, 0, 0)
[12:31:09.733870] {mesa egl surface queue}  -> wl_surface#14.damage(0, 0, 2147483647, 2147483647)
[12:31:09.733872] {mesa egl surface queue}  -> wl_surface#14.commit()
[12:31:09.733874] {mesa egl surface queue}  -> wl_display#1.sync(new id wl_callback#43)
[12:31:09.733949] {Display Queue} wl_display#1.delete_id(43)
[12:31:09.813173] {mesa egl surface queue} wl_callback#43.done(7)
[12:31:09.813191] {mesa egl surface queue} wl_buffer#44.release()
[12:31:09.814038] {Default Queue}  -> xdg_toplevel#30.set_min_size(1400, 948)
[12:31:09.814046] {Default Queue}  -> xdg_toplevel#30.set_max_size(0, 0)
[12:31:09.814048] {Default Queue}  -> xdg_surface#29.set_window_geometry(45, 45, 1400, 948)
[12:31:09.814096] {mesa egl surface queue}  -> wl_surface#14.attach(wl_buffer#44, 0, 0)
[12:31:09.814099] {mesa egl surface queue}  -> wl_surface#14.damage(0, 0, 2147483647, 2147483647)
[12:31:09.814101] {mesa egl surface queue}  -> wl_surface#14.commit()
[12:31:09.814103] {mesa egl surface queue}  -> wl_display#1.sync(new id wl_callback#43)
[12:31:09.814208] {Display Queue} wl_display#1.delete_id(43)
[12:31:09.909761] {mesa egl surface queue} wl_callback#43.done(7)
[12:31:09.909778] {mesa egl surface queue} wl_buffer#40.release()
[12:31:09.910609] {Default Queue}  -> xdg_toplevel#30.set_min_size(1400, 948)
[12:31:09.910617] {Default Queue}  -> xdg_toplevel#30.set_max_size(0, 0)
[12:31:09.910619] {Default Queue}  -> xdg_surface#29.set_window_geometry(45, 45, 1400, 948)
[12:31:09.910667] {mesa egl surface queue}  -> wl_surface#14.attach(wl_buffer#40, 0, 0)
[12:31:09.910670] {mesa egl surface queue}  -> wl_surface#14.damage(0, 0, 2147483647, 2147483647)
[12:31:09.910672] {mesa egl surface queue}  -> wl_surface#14.commit()
[12:31:09.910674] {mesa egl surface queue}  -> wl_display#1.sync(new id wl_callback#43)
[12:31:09.910738] {Display Queue} wl_display#1.delete_id(43)
[12:31:09.990559] {mesa egl surface queue} wl_callback#43.done(7)
[12:31:09.990577] {mesa egl surface queue} wl_buffer#44.release()
[12:31:09.991430] {Default Queue}  -> xdg_toplevel#30.set_min_size(1400, 948)
[12:31:09.991438] {Default Queue}  -> xdg_toplevel#30.set_max_size(0, 0)
[12:31:09.991440] {Default Queue}  -> xdg_surface#29.set_window_geometry(45, 45, 1400, 948)
[12:31:09.991487] {mesa egl surface queue}  -> wl_surface#14.attach(wl_buffer#44, 0, 0)
[12:31:09.991490] {mesa egl surface queue}  -> wl_surface#14.damage(0, 0, 2147483647, 2147483647)
[12:31:09.991492] {mesa egl surface queue}  -> wl_surface#14.commit()
[12:31:09.991494] {mesa egl surface queue}  -> wl_display#1.sync(new id wl_callback#43)
[12:31:09.991559] {Display Queue} wl_display#1.delete_id(43)
[12:31:10.022435] {mesa egl surface queue} wl_callback#43.done(7)
[12:31:10.022458] {mesa egl surface queue} wl_buffer#40.release()
[12:31:10.023350] {Default Queue}  -> xdg_toplevel#30.set_min_size(1400, 948)
[12:31:10.023356] {Default Queue}  -> xdg_toplevel#30.set_max_size(0, 0)
[12:31:10.023358] {Default Queue}  -> xdg_surface#29.set_window_geometry(45, 45, 1400, 948)
[12:31:10.023399] {mesa egl surface queue}  -> wl_surface#14.attach(wl_buffer#40, 0, 0)
[12:31:10.023402] {mesa egl surface queue}  -> wl_surface#14.damage(0, 0, 2147483647, 2147483647)
[12:31:10.023404] {mesa egl surface queue}  -> wl_surface#14.commit()
[12:31:10.023406] {mesa egl surface queue}  -> wl_display#1.sync(new id wl_callback#43)
[12:31:10.023477] {Display Queue} wl_display#1.delete_id(43)
[12:31:10.118721] {mesa egl surface queue} wl_callback#43.done(7)
[12:31:10.118736] {mesa egl surface queue} wl_buffer#44.release()
[12:31:10.119567] {Default Queue}  -> xdg_toplevel#30.set_min_size(1400, 948)
[12:31:10.119575] {Default Queue}  -> xdg_toplevel#30.set_max_size(0, 0)
[12:31:10.119577] {Default Queue}  -> xdg_surface#29.set_window_geometry(45, 45, 1400, 948)
[12:31:10.119629] {mesa egl surface queue}  -> wl_surface#14.attach(wl_buffer#44, 0, 0)
[12:31:10.119632] {mesa egl surface queue}  -> wl_surface#14.damage(0, 0, 2147483647, 2147483647)
[12:31:10.119634] {mesa egl surface queue}  -> wl_surface#14.commit()
[12:31:10.119636] {mesa egl surface queue}  -> wl_display#1.sync(new id wl_callback#43)
[12:31:10.119736] {Display Queue} wl_display#1.delete_id(43)
[12:31:10.231324] {mesa egl surface queue} wl_callback#43.done(7)
[12:31:10.231342] {mesa egl surface queue} wl_buffer#40.release()
[12:31:10.232231] {Default Queue}  -> xdg_toplevel#30.set_min_size(1400, 948)
[12:31:10.232239] {Default Queue}  -> xdg_toplevel#30.set_max_size(0, 0)
[12:31:10.232242] {Default Queue}  -> xdg_surface#29.set_window_geometry(45, 45, 1400, 948)
[12:31:10.232289] {mesa egl surface queue}  -> wl_surface#14.attach(wl_buffer#40, 0, 0)
[12:31:10.232292] {mesa egl surface queue}  -> wl_surface#14.damage(0, 0, 2147483647, 2147483647)
[12:31:10.232294] {mesa egl surface queue}  -> wl_surface#14.commit()
[12:31:10.232296] {mesa egl surface queue}  -> wl_display#1.sync(new id wl_callback#43)
[12:31:10.232379] {Display Queue} wl_display#1.delete_id(43)
[12:31:10.247727] {mesa egl surface queue} wl_callback#43.done(7)
[12:31:10.247749] {mesa egl surface queue} wl_buffer#44.release()
[12:31:10.248582] {Default Queue}  -> xdg_toplevel#30.set_min_size(1400, 948)
[12:31:10.248594] {Default Queue}  -> xdg_toplevel#30.set_max_size(0, 0)
[12:31:10.248596] {Default Queue}  -> xdg_surface#29.set_window_geometry(45, 45, 1400, 948)
[12:31:10.248671] {mesa egl surface queue}  -> wl_surface#14.attach(wl_buffer#44, 0, 0)
[12:31:10.248681] {mesa egl surface queue}  -> wl_surface#14.damage(0, 0, 2147483647, 2147483647)
[12:31:10.248684] {mesa egl surface queue}  -> wl_surface#14.commit()
[12:31:10.248686] {mesa egl surface queue}  -> wl_display#1.sync(new id wl_callback#43)
[12:31:10.248775] {Display Queue} wl_display#1.delete_id(43)
[12:31:10.327877] {mesa egl surface queue} wl_callback#43.done(7)
[12:31:10.327898] {mesa egl surface queue} wl_buffer#40.release()
[12:31:10.328674] {Default Queue}  -> xdg_toplevel#30.set_min_size(1400, 948)
[12:31:10.328681] {Default Queue}  -> xdg_toplevel#30.set_max_size(0, 0)
[12:31:10.328683] {Default Queue}  -> xdg_surface#29.set_window_geometry(45, 45, 1400, 948)
[12:31:10.328729] {mesa egl surface queue}  -> wl_surface#14.attach(wl_buffer#40, 0, 0)
[12:31:10.328731] {mesa egl surface queue}  -> wl_surface#14.damage(0, 0, 2147483647, 2147483647)
[12:31:10.328733] {mesa egl surface queue}  -> wl_surface#14.commit()
[12:31:10.328735] {mesa egl surface queue}  -> wl_display#1.sync(new id wl_callback#43)
[12:31:10.328816] {Display Queue} wl_display#1.delete_id(43)
[12:31:10.424860] {mesa egl surface queue} wl_callback#43.done(7)
[12:31:10.424878] {mesa egl surface queue} wl_buffer#44.release()
[12:31:10.425699] {Default Queue}  -> xdg_toplevel#30.set_min_size(1400, 948)
[12:31:10.425706] {Default Queue}  -> xdg_toplevel#30.set_max_size(0, 0)
[12:31:10.425708] {Default Queue}  -> xdg_surface#29.set_window_geometry(45, 45, 1400, 948)
[12:31:10.425760] {mesa egl surface queue}  -> wl_surface#14.attach(wl_buffer#44, 0, 0)
[12:31:10.425763] {mesa egl surface queue}  -> wl_surface#14.damage(0, 0, 2147483647, 2147483647)
[12:31:10.425765] {mesa egl surface queue}  -> wl_surface#14.commit()
[12:31:10.425767] {mesa egl surface queue}  -> wl_display#1.sync(new id wl_callback#43)
[12:31:10.425851] {Display Queue} wl_display#1.delete_id(43)
[12:31:10.489867] {mesa egl surface queue} wl_callback#43.done(7)
[12:31:10.489890] {mesa egl surface queue} wl_buffer#40.release()
[12:31:10.490787] {Default Queue}  -> xdg_toplevel#30.set_min_size(1400, 948)
[12:31:10.490796] {Default Queue}  -> xdg_toplevel#30.set_max_size(0, 0)
[12:31:10.490798] {Default Queue}  -> xdg_surface#29.set_window_geometry(45, 45, 1400, 948)
[12:31:10.490854] {mesa egl surface queue}  -> wl_surface#14.attach(wl_buffer#40, 0, 0)
[12:31:10.490856] {mesa egl surface queue}  -> wl_surface#14.damage(0, 0, 2147483647, 2147483647)
[12:31:10.490858] {mesa egl surface queue}  -> wl_surface#14.commit()
[12:31:10.490860] {mesa egl surface queue}  -> wl_display#1.sync(new id wl_callback#43)
[12:31:10.490942] {Display Queue} wl_display#1.delete_id(43)
[12:31:10.537602] {mesa egl surface queue} wl_callback#43.done(7)
[12:31:10.537620] {mesa egl surface queue} wl_buffer#44.release()
[12:31:10.538445] {Default Queue}  -> xdg_toplevel#30.set_min_size(1400, 948)
[12:31:10.538452] {Default Queue}  -> xdg_toplevel#30.set_max_size(0, 0)
[12:31:10.538454] {Default Queue}  -> xdg_surface#29.set_window_geometry(45, 45, 1400, 948)
[12:31:10.538499] {mesa egl surface queue}  -> wl_surface#14.attach(wl_buffer#44, 0, 0)
[12:31:10.538502] {mesa egl surface queue}  -> wl_surface#14.damage(0, 0, 2147483647, 2147483647)
[12:31:10.538504] {mesa egl surface queue}  -> wl_surface#14.commit()
[12:31:10.538506] {mesa egl surface queue}  -> wl_display#1.sync(new id wl_callback#43)
[12:31:10.538579] {Display Queue} wl_display#1.delete_id(43)
[12:31:10.634882] {mesa egl surface queue} wl_callback#43.done(7)
[12:31:10.634898] {mesa egl surface queue} wl_buffer#40.release()
[12:31:10.635778] {Default Queue}  -> xdg_toplevel#30.set_min_size(1400, 948)
[12:31:10.635786] {Default Queue}  -> xdg_toplevel#30.set_max_size(0, 0)
[12:31:10.635788] {Default Queue}  -> xdg_surface#29.set_window_geometry(45, 45, 1400, 948)
[12:31:10.635833] {mesa egl surface queue}  -> wl_surface#14.attach(wl_buffer#40, 0, 0)
[12:31:10.635836] {mesa egl surface queue}  -> wl_surface#14.damage(0, 0, 2147483647, 2147483647)
[12:31:10.635838] {mesa egl surface queue}  -> wl_surface#14.commit()
[12:31:10.635840] {mesa egl surface queue}  -> wl_display#1.sync(new id wl_callback#43)
[12:31:10.635923] {Display Queue} wl_display#1.delete_id(43)
[12:31:10.748131] {mesa egl surface queue} wl_callback#43.done(7)
[12:31:10.748147] {mesa egl surface queue} wl_buffer#44.release()
[12:31:10.749106] {Default Queue}  -> xdg_toplevel#30.set_min_size(1400, 948)
[12:31:10.749116] {Default Queue}  -> xdg_toplevel#30.set_max_size(0, 0)
[12:31:10.749118] {Default Queue}  -> xdg_surface#29.set_window_geometry(45, 45, 1400, 948)
[12:31:10.749164] {mesa egl surface queue}  -> wl_surface#14.attach(wl_buffer#44, 0, 0)
[12:31:10.749167] {mesa egl surface queue}  -> wl_surface#14.damage(0, 0, 2147483647, 2147483647)
[12:31:10.749169] {mesa egl surface queue}  -> wl_surface#14.commit()
[12:31:10.749170] {mesa egl surface queue}  -> wl_display#1.sync(new id wl_callback#43)
[12:31:10.749243] {Display Queue} wl_display#1.delete_id(43)
[12:31:10.843837] {mesa egl surface queue} wl_callback#43.done(7)
[12:31:10.843854] {mesa egl surface queue} wl_buffer#40.release()
[12:31:10.844761] {Default Queue}  -> xdg_toplevel#30.set_min_size(1400, 948)
[12:31:10.844771] {Default Queue}  -> xdg_toplevel#30.set_max_size(0, 0)
[12:31:10.844773] {Default Queue}  -> xdg_surface#29.set_window_geometry(45, 45, 1400, 948)
[12:31:10.844819] {mesa egl surface queue}  -> wl_surface#14.attach(wl_buffer#40, 0, 0)
[12:31:10.844822] {mesa egl surface queue}  -> wl_surface#14.damage(0, 0, 2147483647, 2147483647)
[12:31:10.844824] {mesa egl surface queue}  -> wl_surface#14.commit()
[12:31:10.844826] {mesa egl surface queue}  -> wl_display#1.sync(new id wl_callback#43)
[12:31:10.844901] {Display Queue} wl_display#1.delete_id(43)
[12:31:10.956871] {mesa egl surface queue} wl_callback#43.done(7)
[12:31:10.956888] {mesa egl surface queue} wl_buffer#44.release()
[12:31:10.957863] {Default Queue}  -> xdg_toplevel#30.set_min_size(1400, 948)
[12:31:10.957873] {Default Queue}  -> xdg_toplevel#30.set_max_size(0, 0)
[12:31:10.957880] {Default Queue}  -> xdg_surface#29.set_window_geometry(45, 45, 1400, 948)
[12:31:10.957930] {mesa egl surface queue}  -> wl_surface#14.attach(wl_buffer#44, 0, 0)
[12:31:10.957933] {mesa egl surface queue}  -> wl_surface#14.damage(0, 0, 2147483647, 2147483647)
[12:31:10.957935] {mesa egl surface queue}  -> wl_surface#14.commit()
[12:31:10.957937] {mesa egl surface queue}  -> wl_display#1.sync(new id wl_callback#43)
[12:31:10.958017] {Display Queue} wl_display#1.delete_id(43)
[12:31:10.989213] {mesa egl surface queue} wl_callback#43.done(7)
[12:31:10.989228] {mesa egl surface queue} wl_buffer#40.release()
[12:31:10.990081] {Default Queue}  -> xdg_toplevel#30.set_min_size(1400, 948)
[12:31:10.990088] {Default Queue}  -> xdg_toplevel#30.set_max_size(0, 0)
[12:31:10.990091] {Default Queue}  -> xdg_surface#29.set_window_geometry(45, 45, 1400, 948)
[12:31:10.990135] {mesa egl surface queue}  -> wl_surface#14.attach(wl_buffer#40, 0, 0)
[12:31:10.990138] {mesa egl surface queue}  -> wl_surface#14.damage(0, 0, 2147483647, 2147483647)
[12:31:10.990140] {mesa egl surface queue}  -> wl_surface#14.commit()
[12:31:10.990142] {mesa egl surface queue}  -> wl_display#1.sync(new id wl_callback#43)
[12:31:10.990221] {Display Queue} wl_display#1.delete_id(43)
[12:31:11.052995] {mesa egl surface queue} wl_callback#43.done(7)
[12:31:11.053011] {mesa egl surface queue} wl_buffer#44.release()
[12:31:11.053932] {Default Queue}  -> xdg_toplevel#30.set_min_size(1400, 948)
[12:31:11.053941] {Default Queue}  -> xdg_toplevel#30.set_max_size(0, 0)
[12:31:11.053943] {Default Queue}  -> xdg_surface#29.set_window_geometry(45, 45, 1400, 948)
[12:31:11.053992] {mesa egl surface queue}  -> wl_surface#14.attach(wl_buffer#44, 0, 0)
[12:31:11.053995] {mesa egl surface queue}  -> wl_surface#14.damage(0, 0, 2147483647, 2147483647)
[12:31:11.053997] {mesa egl surface queue}  -> wl_surface#14.commit()
[12:31:11.053998] {mesa egl surface queue}  -> wl_display#1.sync(new id wl_callback#43)
[12:31:11.054104] {Display Queue} wl_display#1.delete_id(43)
[12:31:11.165708] {mesa egl surface queue} wl_callback#43.done(7)
[12:31:11.165724] {mesa egl surface queue} wl_buffer#40.release()
[12:31:11.166594] {Default Queue}  -> xdg_toplevel#30.set_min_size(1400, 948)
[12:31:11.166601] {Default Queue}  -> xdg_toplevel#30.set_max_size(0, 0)
[12:31:11.166603] {Default Queue}  -> xdg_surface#29.set_window_geometry(45, 45, 1400, 948)
[12:31:11.166651] {mesa egl surface queue}  -> wl_surface#14.attach(wl_buffer#40, 0, 0)
[12:31:11.166654] {mesa egl surface queue}  -> wl_surface#14.damage(0, 0, 2147483647, 2147483647)
[12:31:11.166656] {mesa egl surface queue}  -> wl_surface#14.commit()
[12:31:11.166658] {mesa egl surface queue}  -> wl_display#1.sync(new id wl_callback#43)
[12:31:11.166765] {Display Queue} wl_display#1.delete_id(43)
[12:31:11.246714] {mesa egl surface queue} wl_callback#43.done(7)
[12:31:11.246732] {mesa egl surface queue} wl_buffer#44.release()
[12:31:11.247592] {Default Queue}  -> xdg_toplevel#30.set_min_size(1400, 948)
[12:31:11.247601] {Default Queue}  -> xdg_toplevel#30.set_max_size(0, 0)
[12:31:11.247603] {Default Queue}  -> xdg_surface#29.set_window_geometry(45, 45, 1400, 948)
[12:31:11.247656] {mesa egl surface queue}  -> wl_surface#14.attach(wl_buffer#44, 0, 0)
[12:31:11.247659] {mesa egl surface queue}  -> wl_surface#14.damage(0, 0, 2147483647, 2147483647)
[12:31:11.247662] {mesa egl surface queue}  -> wl_surface#14.commit()
[12:31:11.247664] {mesa egl surface queue}  -> wl_display#1.sync(new id wl_callback#43)
[12:31:11.247750] {Display Queue} wl_display#1.delete_id(43)
[12:31:11.262394] {mesa egl surface queue} wl_callback#43.done(7)
[12:31:11.262408] {mesa egl surface queue} wl_buffer#40.release()
[12:31:11.263484] {Default Queue}  -> xdg_toplevel#30.set_min_size(1400, 948)
[12:31:11.263494] {Default Queue}  -> xdg_toplevel#30.set_max_size(0, 0)
[12:31:11.263496] {Default Queue}  -> xdg_surface#29.set_window_geometry(45, 45, 1400, 948)
[12:31:11.263541] {mesa egl surface queue}  -> wl_surface#14.attach(wl_buffer#40, 0, 0)
[12:31:11.263549] {mesa egl surface queue}  -> wl_surface#14.damage(0, 0, 2147483647, 2147483647)
[12:31:11.263563] {mesa egl surface queue}  -> wl_surface#14.commit()
[12:31:11.263568] {mesa egl surface queue}  -> wl_display#1.sync(new id wl_callback#43)
[12:31:11.263663] {Display Queue} wl_display#1.delete_id(43)
[12:31:11.375155] {mesa egl surface queue} wl_callback#43.done(7)
[12:31:11.375171] {mesa egl surface queue} wl_buffer#44.release()
[12:31:11.375988] {Default Queue}  -> xdg_toplevel#30.set_min_size(1400, 948)
[12:31:11.375995] {Default Queue}  -> xdg_toplevel#30.set_max_size(0, 0)
[12:31:11.375997] {Default Queue}  -> xdg_surface#29.set_window_geometry(45, 45, 1400, 948)
[12:31:11.376040] {mesa egl surface queue}  -> wl_surface#14.attach(wl_buffer#44, 0, 0)
[12:31:11.376042] {mesa egl surface queue}  -> wl_surface#14.damage(0, 0, 2147483647, 2147483647)
[12:31:11.376045] {mesa egl surface queue}  -> wl_surface#14.commit()
[12:31:11.376047] {mesa egl surface queue}  -> wl_display#1.sync(new id wl_callback#43)
[12:31:11.376126] {Display Queue} wl_display#1.delete_id(43)
[12:31:11.471415] {mesa egl surface queue} wl_callback#43.done(7)
[12:31:11.471433] {mesa egl surface queue} wl_buffer#40.release()
[12:31:11.472265] {Default Queue}  -> xdg_toplevel#30.set_min_size(1400, 948)
[12:31:11.472272] {Default Queue}  -> xdg_toplevel#30.set_max_size(0, 0)
[12:31:11.472275] {Default Queue}  -> xdg_surface#29.set_window_geometry(45, 45, 1400, 948)
[12:31:11.472316] {mesa egl surface queue}  -> wl_surface#14.attach(wl_buffer#40, 0, 0)
[12:31:11.472319] {mesa egl surface queue}  -> wl_surface#14.damage(0, 0, 2147483647, 2147483647)
[12:31:11.472321] {mesa egl surface queue}  -> wl_surface#14.commit()
[12:31:11.472323] {mesa egl surface queue}  -> wl_display#1.sync(new id wl_callback#43)
[12:31:11.472402] {Display Queue} wl_display#1.delete_id(43)
[12:31:11.505001] {mesa egl surface queue} wl_callback#43.done(7)
[12:31:11.505018] {mesa egl surface queue} wl_buffer#44.release()
[12:31:11.505876] {Default Queue}  -> xdg_toplevel#30.set_min_size(1400, 948)
[12:31:11.505883] {Default Queue}  -> xdg_toplevel#30.set_max_size(0, 0)
[12:31:11.505885] {Default Queue}  -> xdg_surface#29.set_window_geometry(45, 45, 1400, 948)
[12:31:11.505928] {mesa egl surface queue}  -> wl_surface#14.attach(wl_buffer#44, 0, 0)
[12:31:11.505931] {mesa egl surface queue}  -> wl_surface#14.damage(0, 0, 2147483647, 2147483647)
[12:31:11.505933] {mesa egl surface queue}  -> wl_surface#14.commit()
[12:31:11.505935] {mesa egl surface queue}  -> wl_display#1.sync(new id wl_callback#43)
[12:31:11.506006] {Display Queue} wl_display#1.delete_id(43)
[12:31:11.568193] {mesa egl surface queue} wl_callback#43.done(7)
[12:31:11.568208] {mesa egl surface queue} wl_buffer#40.release()
[12:31:11.568994] {Default Queue}  -> xdg_toplevel#30.set_min_size(1400, 948)
[12:31:11.569000] {Default Queue}  -> xdg_toplevel#30.set_max_size(0, 0)
[12:31:11.569002] {Default Queue}  -> xdg_surface#29.set_window_geometry(45, 45, 1400, 948)
[12:31:11.569046] {mesa egl surface queue}  -> wl_surface#14.attach(wl_buffer#40, 0, 0)
[12:31:11.569049] {mesa egl surface queue}  -> wl_surface#14.damage(0, 0, 2147483647, 2147483647)
[12:31:11.569051] {mesa egl surface queue}  -> wl_surface#14.commit()
[12:31:11.569053] {mesa egl surface queue}  -> wl_display#1.sync(new id wl_callback#43)
[12:31:11.569158] {Display Queue} wl_display#1.delete_id(43)
[12:31:11.680797] {mesa egl surface queue} wl_callback#43.done(7)
[12:31:11.680818] {mesa egl surface queue} wl_buffer#44.release()
[12:31:11.681636] {Default Queue}  -> xdg_toplevel#30.set_min_size(1400, 948)
[12:31:11.681643] {Default Queue}  -> xdg_toplevel#30.set_max_size(0, 0)
[12:31:11.681645] {Default Queue}  -> xdg_surface#29.set_window_geometry(45, 45, 1400, 948)
[12:31:11.681691] {mesa egl surface queue}  -> wl_surface#14.attach(wl_buffer#44, 0, 0)
[12:31:11.681693] {mesa egl surface queue}  -> wl_surface#14.damage(0, 0, 2147483647, 2147483647)
[12:31:11.681695] {mesa egl surface queue}  -> wl_surface#14.commit()
[12:31:11.681697] {mesa egl surface queue}  -> wl_display#1.sync(new id wl_callback#43)
[12:31:11.681782] {Display Queue} wl_display#1.delete_id(43)
[12:31:11.745510] {mesa egl surface queue} wl_callback#43.done(7)
[12:31:11.745529] {mesa egl surface queue} wl_buffer#40.release()
[12:31:11.746377] {Default Queue}  -> xdg_toplevel#30.set_min_size(1400, 948)
[12:31:11.746385] {Default Queue}  -> xdg_toplevel#30.set_max_size(0, 0)
[12:31:11.746387] {Default Queue}  -> xdg_surface#29.set_window_geometry(45, 45, 1400, 948)
[12:31:11.746436] {mesa egl surface queue}  -> wl_surface#14.attach(wl_buffer#40, 0, 0)
[12:31:11.746439] {mesa egl surface queue}  -> wl_surface#14.damage(0, 0, 2147483647, 2147483647)
[12:31:11.746441] {mesa egl surface queue}  -> wl_surface#14.commit()
[12:31:11.746443] {mesa egl surface queue}  -> wl_display#1.sync(new id wl_callback#43)
[12:31:11.746520] {Display Queue} wl_display#1.delete_id(43)
[12:31:11.777274] {mesa egl surface queue} wl_callback#43.done(7)
[12:31:11.777290] {mesa egl surface queue} wl_buffer#44.release()
[12:31:11.778123] {Default Queue}  -> xdg_toplevel#30.set_min_size(1400, 948)
[12:31:11.778134] {Default Queue}  -> xdg_toplevel#30.set_max_size(0, 0)
[12:31:11.778136] {Default Queue}  -> xdg_surface#29.set_window_geometry(45, 45, 1400, 948)
[12:31:11.778182] {mesa egl surface queue}  -> wl_surface#14.attach(wl_buffer#44, 0, 0)
[12:31:11.778185] {mesa egl surface queue}  -> wl_surface#14.damage(0, 0, 2147483647, 2147483647)
[12:31:11.778187] {mesa egl surface queue}  -> wl_surface#14.commit()
[12:31:11.778189] {mesa egl surface queue}  -> wl_display#1.sync(new id wl_callback#43)
[12:31:11.778261] {Display Queue} wl_display#1.delete_id(43)
[12:31:11.889941] {mesa egl surface queue} wl_callback#43.done(7)
[12:31:11.889957] {mesa egl surface queue} wl_buffer#40.release()
[12:31:11.890803] {Default Queue}  -> xdg_toplevel#30.set_min_size(1400, 948)
[12:31:11.890812] {Default Queue}  -> xdg_toplevel#30.set_max_size(0, 0)
[12:31:11.890814] {Default Queue}  -> xdg_surface#29.set_window_geometry(45, 45, 1400, 948)
[12:31:11.890859] {mesa egl surface queue}  -> wl_surface#14.attach(wl_buffer#40, 0, 0)
[12:31:11.890861] {mesa egl surface queue}  -> wl_surface#14.damage(0, 0, 2147483647, 2147483647)
[12:31:11.890864] {mesa egl surface queue}  -> wl_surface#14.commit()
[12:31:11.890866] {mesa egl surface queue}  -> wl_display#1.sync(new id wl_callback#43)
[12:31:11.890957] {Display Queue} wl_display#1.delete_id(43)
[12:31:11.986537] {mesa egl surface queue} wl_callback#43.done(7)
[12:31:11.986554] {mesa egl surface queue} wl_buffer#44.release()
[12:31:11.987393] {Default Queue}  -> xdg_toplevel#30.set_min_size(1400, 948)
[12:31:11.987401] {Default Queue}  -> xdg_toplevel#30.set_max_size(0, 0)
[12:31:11.987403] {Default Queue}  -> xdg_surface#29.set_window_geometry(45, 45, 1400, 948)
[12:31:11.987448] {mesa egl surface queue}  -> wl_surface#14.attach(wl_buffer#44, 0, 0)
[12:31:11.987451] {mesa egl surface queue}  -> wl_surface#14.damage(0, 0, 2147483647, 2147483647)
[12:31:11.987453] {mesa egl surface queue}  -> wl_surface#14.commit()
[12:31:11.987455] {mesa egl surface queue}  -> wl_display#1.sync(new id wl_callback#43)
[12:31:11.987528] {Display Queue} wl_display#1.delete_id(43)
[12:31:12.010342] {mesa egl surface queue} wl_callback#43.done(7)
[12:31:12.010359] {mesa egl surface queue} wl_buffer#40.release()
[12:31:12.011329] {Default Queue}  -> xdg_toplevel#30.set_min_size(1400, 948)
[12:31:12.011337] {Default Queue}  -> xdg_toplevel#30.set_max_size(0, 0)
[12:31:12.011339] {Default Queue}  -> xdg_surface#29.set_window_geometry(45, 45, 1400, 948)
[12:31:12.011391] {mesa egl surface queue}  -> wl_surface#14.attach(wl_buffer#40, 0, 0)
[12:31:12.011394] {mesa egl surface queue}  -> wl_surface#14.damage(0, 0, 2147483647, 2147483647)
[12:31:12.011396] {mesa egl surface queue}  -> wl_surface#14.commit()
[12:31:12.011398] {mesa egl surface queue}  -> wl_display#1.sync(new id wl_callback#43)
[12:31:12.011480] {Display Queue} wl_display#1.delete_id(43)
[12:31:12.099701] {mesa egl surface queue} wl_callback#43.done(7)
[12:31:12.099724] {mesa egl surface queue} wl_buffer#44.release()
[12:31:12.100582] {Default Queue}  -> xdg_toplevel#30.set_min_size(1400, 948)
[12:31:12.100590] {Default Queue}  -> xdg_toplevel#30.set_max_size(0, 0)
[12:31:12.100593] {Default Queue}  -> xdg_surface#29.set_window_geometry(45, 45, 1400, 948)
[12:31:12.100649] {mesa egl surface queue}  -> wl_surface#14.attach(wl_buffer#44, 0, 0)
[12:31:12.100652] {mesa egl surface queue}  -> wl_surface#14.damage(0, 0, 2147483647, 2147483647)
[12:31:12.100654] {mesa egl surface queue}  -> wl_surface#14.commit()
[12:31:12.100656] {mesa egl surface queue}  -> wl_display#1.sync(new id wl_callback#43)
[12:31:12.100748] {Display Queue} wl_display#1.delete_id(43)
[12:31:12.196564] {mesa egl surface queue} wl_callback#43.done(7)
[12:31:12.196576] {mesa egl surface queue} wl_buffer#40.release()
[12:31:12.197495] {Default Queue}  -> xdg_toplevel#30.set_min_size(1400, 948)
[12:31:12.197503] {Default Queue}  -> xdg_toplevel#30.set_max_size(0, 0)
[12:31:12.197506] {Default Queue}  -> xdg_surface#29.set_window_geometry(45, 45, 1400, 948)
[12:31:12.197553] {mesa egl surface queue}  -> wl_surface#14.attach(wl_buffer#40, 0, 0)
[12:31:12.197556] {mesa egl surface queue}  -> wl_surface#14.damage(0, 0, 2147483647, 2147483647)
[12:31:12.197558] {mesa egl surface queue}  -> wl_surface#14.commit()
[12:31:12.197560] {mesa egl surface queue}  -> wl_display#1.sync(new id wl_callback#43)
[12:31:12.197624] {Display Queue} wl_display#1.delete_id(43)
[12:31:12.261414] {mesa egl surface queue} wl_callback#43.done(7)
[12:31:12.261432] {mesa egl surface queue} wl_buffer#44.release()
[12:31:12.262282] {Default Queue}  -> xdg_toplevel#30.set_min_size(1400, 948)
[12:31:12.262292] {Default Queue}  -> xdg_toplevel#30.set_max_size(0, 0)
[12:31:12.262294] {Default Queue}  -> xdg_surface#29.set_window_geometry(45, 45, 1400, 948)
[12:31:12.262340] {mesa egl surface queue}  -> wl_surface#14.attach(wl_buffer#44, 0, 0)
[12:31:12.262342] {mesa egl surface queue}  -> wl_surface#14.damage(0, 0, 2147483647, 2147483647)
[12:31:12.262344] {mesa egl surface queue}  -> wl_surface#14.commit()
[12:31:12.262346] {mesa egl surface queue}  -> wl_display#1.sync(new id wl_callback#43)
[12:31:12.262416] {Display Queue} wl_display#1.delete_id(43)
[12:31:12.309313] {mesa egl surface queue} wl_callback#43.done(7)
[12:31:12.309331] {mesa egl surface queue} wl_buffer#40.release()
[12:31:12.310222] {Default Queue}  -> xdg_toplevel#30.set_min_size(1400, 948)
[12:31:12.310230] {Default Queue}  -> xdg_toplevel#30.set_max_size(0, 0)
[12:31:12.310232] {Default Queue}  -> xdg_surface#29.set_window_geometry(45, 45, 1400, 948)
[12:31:12.310281] {mesa egl surface queue}  -> wl_surface#14.attach(wl_buffer#40, 0, 0)
[12:31:12.310284] {mesa egl surface queue}  -> wl_surface#14.damage(0, 0, 2147483647, 2147483647)
[12:31:12.310286] {mesa egl surface queue}  -> wl_surface#14.commit()
[12:31:12.310288] {mesa egl surface queue}  -> wl_display#1.sync(new id wl_callback#43)
[12:31:12.310434] {Display Queue} wl_display#1.delete_id(43)
[12:31:12.405847] {mesa egl surface queue} wl_callback#43.done(7)
[12:31:12.405867] {mesa egl surface queue} wl_buffer#44.release()
[12:31:12.406838] {Default Queue}  -> xdg_toplevel#30.set_min_size(1400, 948)
[12:31:12.406847] {Default Queue}  -> xdg_toplevel#30.set_max_size(0, 0)
[12:31:12.406850] {Default Queue}  -> xdg_surface#29.set_window_geometry(45, 45, 1400, 948)
[12:31:12.406897] {mesa egl surface queue}  -> wl_surface#14.attach(wl_buffer#44, 0, 0)
[12:31:12.406899] {mesa egl surface queue}  -> wl_surface#14.damage(0, 0, 2147483647, 2147483647)
[12:31:12.406901] {mesa egl surface queue}  -> wl_surface#14.commit()
[12:31:12.406903] {mesa egl surface queue}  -> wl_display#1.sync(new id wl_callback#43)
[12:31:12.407042] {Display Queue} wl_display#1.delete_id(43)
[12:31:12.503041] {mesa egl surface queue} wl_callback#43.done(7)
[12:31:12.503059] {mesa egl surface queue} wl_buffer#40.release()
[12:31:12.503961] {Default Queue}  -> xdg_toplevel#30.set_min_size(1400, 948)
[12:31:12.503972] {Default Queue}  -> xdg_toplevel#30.set_max_size(0, 0)
[12:31:12.503979] {Default Queue}  -> xdg_surface#29.set_window_geometry(45, 45, 1400, 948)
[12:31:12.504036] {mesa egl surface queue}  -> wl_surface#14.attach(wl_buffer#40, 0, 0)
[12:31:12.504039] {mesa egl surface queue}  -> wl_surface#14.damage(0, 0, 2147483647, 2147483647)
[12:31:12.504041] {mesa egl surface queue}  -> wl_surface#14.commit()
[12:31:12.504043] {mesa egl surface queue}  -> wl_display#1.sync(new id wl_callback#43)
[12:31:12.504111] {Display Queue} wl_display#1.delete_id(43)
[12:31:12.526911] {mesa egl surface queue} wl_callback#43.done(7)
[12:31:12.526926] {mesa egl surface queue} wl_buffer#44.release()
[12:31:12.527731] {Default Queue}  -> xdg_toplevel#30.set_min_size(1400, 948)
[12:31:12.527738] {Default Queue}  -> xdg_toplevel#30.set_max_size(0, 0)
[12:31:12.527746] {Default Queue}  -> xdg_surface#29.set_window_geometry(45, 45, 1400, 948)
[12:31:12.527793] {mesa egl surface queue}  -> wl_surface#14.attach(wl_buffer#44, 0, 0)
[12:31:12.527796] {mesa egl surface queue}  -> wl_surface#14.damage(0, 0, 2147483647, 2147483647)
[12:31:12.527798] {mesa egl surface queue}  -> wl_surface#14.commit()
[12:31:12.527800] {mesa egl surface queue}  -> wl_display#1.sync(new id wl_callback#43)
[12:31:12.527895] {Display Queue} wl_display#1.delete_id(43)
[12:31:12.615618] {mesa egl surface queue} wl_callback#43.done(7)
[12:31:12.615632] {mesa egl surface queue} wl_buffer#40.release()
[12:31:12.616482] {Default Queue}  -> xdg_toplevel#30.set_min_size(1400, 948)
[12:31:12.616489] {Default Queue}  -> xdg_toplevel#30.set_max_size(0, 0)
[12:31:12.616491] {Default Queue}  -> xdg_surface#29.set_window_geometry(45, 45, 1400, 948)
[12:31:12.616536] {mesa egl surface queue}  -> wl_surface#14.attach(wl_buffer#40, 0, 0)
[12:31:12.616540] {mesa egl surface queue}  -> wl_surface#14.damage(0, 0, 2147483647, 2147483647)
[12:31:12.616542] {mesa egl surface queue}  -> wl_surface#14.commit()
[12:31:12.616544] {mesa egl surface queue}  -> wl_display#1.sync(new id wl_callback#43)
[12:31:12.616658] {Display Queue} wl_display#1.delete_id(43)
[12:31:12.712170] {mesa egl surface queue} wl_callback#43.done(7)
[12:31:12.712182] {mesa egl surface queue} wl_buffer#44.release()
[12:31:12.713044] {Default Queue}  -> xdg_toplevel#30.set_min_size(1400, 948)
[12:31:12.713051] {Default Queue}  -> xdg_toplevel#30.set_max_size(0, 0)
[12:31:12.713054] {Default Queue}  -> xdg_surface#29.set_window_geometry(45, 45, 1400, 948)
[12:31:12.713100] {mesa egl surface queue}  -> wl_surface#14.attach(wl_buffer#44, 0, 0)
[12:31:12.713103] {mesa egl surface queue}  -> wl_surface#14.damage(0, 0, 2147483647, 2147483647)
[12:31:12.713105] {mesa egl surface queue}  -> wl_surface#14.commit()
[12:31:12.713107] {mesa egl surface queue}  -> wl_display#1.sync(new id wl_callback#43)
[12:31:12.713182] {Display Queue} wl_display#1.delete_id(43)
[12:31:12.760942] {mesa egl surface queue} wl_callback#43.done(7)
[12:31:12.760959] {mesa egl surface queue} wl_buffer#40.release()
[12:31:12.761812] {Default Queue}  -> xdg_toplevel#30.set_min_size(1400, 948)
[12:31:12.761821] {Default Queue}  -> xdg_toplevel#30.set_max_size(0, 0)
[12:31:12.761823] {Default Queue}  -> xdg_surface#29.set_window_geometry(45, 45, 1400, 948)
[12:31:12.761871] {mesa egl surface queue}  -> wl_surface#14.attach(wl_buffer#40, 0, 0)
[12:31:12.761874] {mesa egl surface queue}  -> wl_surface#14.damage(0, 0, 2147483647, 2147483647)
[12:31:12.761876] {mesa egl surface queue}  -> wl_surface#14.commit()
[12:31:12.761878] {mesa egl surface queue}  -> wl_display#1.sync(new id wl_callback#43)
[12:31:12.761948] {Display Queue} wl_display#1.delete_id(43)
[12:31:12.824745] {mesa egl surface queue} wl_callback#43.done(7)
[12:31:12.824762] {mesa egl surface queue} wl_buffer#44.release()
[12:31:12.825583] {Default Queue}  -> xdg_toplevel#30.set_min_size(1400, 948)
[12:31:12.825591] {Default Queue}  -> xdg_toplevel#30.set_max_size(0, 0)
[12:31:12.825593] {Default Queue}  -> xdg_surface#29.set_window_geometry(45, 45, 1400, 948)
[12:31:12.825637] {mesa egl surface queue}  -> wl_surface#14.attach(wl_buffer#44, 0, 0)
[12:31:12.825645] {mesa egl surface queue}  -> wl_surface#14.damage(0, 0, 2147483647, 2147483647)
[12:31:12.825653] {mesa egl surface queue}  -> wl_surface#14.commit()
[12:31:12.825655] {mesa egl surface queue}  -> wl_display#1.sync(new id wl_callback#43)
[12:31:12.825762] {Display Queue} wl_display#1.delete_id(43)
[12:31:12.921337] {mesa egl surface queue} wl_callback#43.done(7)
[12:31:12.921358] {mesa egl surface queue} wl_buffer#40.release()
[12:31:12.922296] {Default Queue}  -> xdg_toplevel#30.set_min_size(1400, 948)
[12:31:12.922307] {Default Queue}  -> xdg_toplevel#30.set_max_size(0, 0)
[12:31:12.922309] {Default Queue}  -> xdg_surface#29.set_window_geometry(45, 45, 1400, 948)
[12:31:12.922392] {mesa egl surface queue}  -> wl_surface#14.attach(wl_buffer#40, 0, 0)
[12:31:12.922395] {mesa egl surface queue}  -> wl_surface#14.damage(0, 0, 2147483647, 2147483647)
[12:31:12.922397] {mesa egl surface queue}  -> wl_surface#14.commit()
[12:31:12.922398] {mesa egl surface queue}  -> wl_display#1.sync(new id wl_callback#43)
[12:31:12.922482] {Display Queue} wl_display#1.delete_id(43)
[12:31:13.019001] {mesa egl surface queue} wl_callback#43.done(7)
[12:31:13.019016] {mesa egl surface queue} wl_buffer#44.release()
[12:31:13.019911] {Default Queue}  -> xdg_toplevel#30.set_min_size(1400, 948)
[12:31:13.019918] {Default Queue}  -> xdg_toplevel#30.set_max_size(0, 0)
[12:31:13.019920] {Default Queue}  -> xdg_surface#29.set_window_geometry(45, 45, 1400, 948)
[12:31:13.019964] {mesa egl surface queue}  -> wl_surface#14.attach(wl_buffer#44, 0, 0)
[12:31:13.019967] {mesa egl surface queue}  -> wl_surface#14.damage(0, 0, 2147483647, 2147483647)
[12:31:13.019969] {mesa egl surface queue}  -> wl_surface#14.commit()
[12:31:13.019971] {mesa egl surface queue}  -> wl_display#1.sync(new id wl_callback#43)
[12:31:13.020036] {Display Queue} wl_display#1.delete_id(43)
[12:31:13.034516] {mesa egl surface queue} wl_callback#43.done(7)
[12:31:13.034523] {mesa egl surface queue} wl_buffer#40.release()
[12:31:13.035281] {Default Queue}  -> xdg_toplevel#30.set_min_size(1400, 948)
[12:31:13.035288] {Default Queue}  -> xdg_toplevel#30.set_max_size(0, 0)
[12:31:13.035290] {Default Queue}  -> xdg_surface#29.set_window_geometry(45, 45, 1400, 948)
[12:31:13.035333] {mesa egl surface queue}  -> wl_surface#14.attach(wl_buffer#40, 0, 0)
[12:31:13.035336] {mesa egl surface queue}  -> wl_surface#14.damage(0, 0, 2147483647, 2147483647)
[12:31:13.035338] {mesa egl surface queue}  -> wl_surface#14.commit()
[12:31:13.035340] {mesa egl surface queue}  -> wl_display#1.sync(new id wl_callback#43)
[12:31:13.035435] {Display Queue} wl_display#1.delete_id(43)
[12:31:13.131372] {mesa egl surface queue} wl_callback#43.done(7)
[12:31:13.131399] {mesa egl surface queue} wl_buffer#44.release()
[12:31:13.132246] {Default Queue}  -> xdg_toplevel#30.set_min_size(1400, 948)
[12:31:13.132254] {Default Queue}  -> xdg_toplevel#30.set_max_size(0, 0)
[12:31:13.132257] {Default Queue}  -> xdg_surface#29.set_window_geometry(45, 45, 1400, 948)
[12:31:13.132307] {mesa egl surface queue}  -> wl_surface#14.attach(wl_buffer#44, 0, 0)
[12:31:13.132310] {mesa egl surface queue}  -> wl_surface#14.damage(0, 0, 2147483647, 2147483647)
[12:31:13.132312] {mesa egl surface queue}  -> wl_surface#14.commit()
[12:31:13.132314] {mesa egl surface queue}  -> wl_display#1.sync(new id wl_callback#43)
[12:31:13.132420] {Display Queue} wl_display#1.delete_id(43)
[12:31:13.243728] {mesa egl surface queue} wl_callback#43.done(7)
[12:31:13.243750] {mesa egl surface queue} wl_buffer#40.release()
[12:31:13.244560] {Default Queue}  -> xdg_toplevel#30.set_min_size(1400, 948)
[12:31:13.244567] {Default Queue}  -> xdg_toplevel#30.set_max_size(0, 0)
[12:31:13.244569] {Default Queue}  -> xdg_surface#29.set_window_geometry(45, 45, 1400, 948)
[12:31:13.244613] {mesa egl surface queue}  -> wl_surface#14.attach(wl_buffer#40, 0, 0)
[12:31:13.244616] {mesa egl surface queue}  -> wl_surface#14.damage(0, 0, 2147483647, 2147483647)
[12:31:13.244618] {mesa egl surface queue}  -> wl_surface#14.commit()
[12:31:13.244620] {mesa egl surface queue}  -> wl_display#1.sync(new id wl_callback#43)
[12:31:13.244743] {Display Queue} wl_display#1.delete_id(43)
[12:31:13.260663] {mesa egl surface queue} wl_callback#43.done(7)
[12:31:13.260679] {mesa egl surface queue} wl_buffer#44.release()
[12:31:13.261553] {Default Queue}  -> xdg_toplevel#30.set_min_size(1400, 948)
[12:31:13.261561] {Default Queue}  -> xdg_toplevel#30.set_max_size(0, 0)
[12:31:13.261563] {Default Queue}  -> xdg_surface#29.set_window_geometry(45, 45, 1400, 948)
[12:31:13.261610] {mesa egl surface queue}  -> wl_surface#14.attach(wl_buffer#44, 0, 0)
[12:31:13.261620] {mesa egl surface queue}  -> wl_surface#14.damage(0, 0, 2147483647, 2147483647)
[12:31:13.261622] {mesa egl surface queue}  -> wl_surface#14.commit()
[12:31:13.261623] {mesa egl surface queue}  -> wl_display#1.sync(new id wl_callback#43)
[12:31:13.261717] {Display Queue} wl_display#1.delete_id(43)
[12:31:13.340422] {mesa egl surface queue} wl_callback#43.done(7)
[12:31:13.340456] {mesa egl surface queue} wl_buffer#40.release()
[12:31:13.341305] {Default Queue}  -> xdg_toplevel#30.set_min_size(1400, 948)
[12:31:13.341312] {Default Queue}  -> xdg_toplevel#30.set_max_size(0, 0)
[12:31:13.341315] {Default Queue}  -> xdg_surface#29.set_window_geometry(45, 45, 1400, 948)
[12:31:13.341362] {mesa egl surface queue}  -> wl_surface#14.attach(wl_buffer#40, 0, 0)
[12:31:13.341365] {mesa egl surface queue}  -> wl_surface#14.damage(0, 0, 2147483647, 2147483647)
[12:31:13.341367] {mesa egl surface queue}  -> wl_surface#14.commit()
[12:31:13.341369] {mesa egl surface queue}  -> wl_display#1.sync(new id wl_callback#43)
[12:31:13.341476] {Display Queue} wl_display#1.delete_id(43)
[12:31:13.453746] {mesa egl surface queue} wl_callback#43.done(7)
[12:31:13.453767] {mesa egl surface queue} wl_buffer#44.release()
[12:31:13.454598] {Default Queue}  -> xdg_toplevel#30.set_min_size(1400, 948)
[12:31:13.454606] {Default Queue}  -> xdg_toplevel#30.set_max_size(0, 0)
[12:31:13.454608] {Default Queue}  -> xdg_surface#29.set_window_geometry(45, 45, 1400, 948)
[12:31:13.454655] {mesa egl surface queue}  -> wl_surface#14.attach(wl_buffer#44, 0, 0)
[12:31:13.454658] {mesa egl surface queue}  -> wl_surface#14.damage(0, 0, 2147483647, 2147483647)
[12:31:13.454660] {mesa egl surface queue}  -> wl_surface#14.commit()
[12:31:13.454662] {mesa egl surface queue}  -> wl_display#1.sync(new id wl_callback#43)
[12:31:13.454772] {Display Queue} wl_display#1.delete_id(43)
[12:31:13.518881] {mesa egl surface queue} wl_callback#43.done(7)
[12:31:13.518895] {mesa egl surface queue} wl_buffer#40.release()
[12:31:13.519733] {Default Queue}  -> xdg_toplevel#30.set_min_size(1400, 948)
[12:31:13.519746] {Default Queue}  -> xdg_toplevel#30.set_max_size(0, 0)
[12:31:13.519750] {Default Queue}  -> xdg_surface#29.set_window_geometry(45, 45, 1400, 948)
[12:31:13.519801] {mesa egl surface queue}  -> wl_surface#14.attach(wl_buffer#40, 0, 0)
[12:31:13.519804] {mesa egl surface queue}  -> wl_surface#14.damage(0, 0, 2147483647, 2147483647)
[12:31:13.519806] {mesa egl surface queue}  -> wl_surface#14.commit()
[12:31:13.519808] {mesa egl surface queue}  -> wl_display#1.sync(new id wl_callback#43)
[12:31:13.519880] {Display Queue} wl_display#1.delete_id(43)
[12:31:13.550059] {mesa egl surface queue} wl_callback#43.done(7)
[12:31:13.550072] {mesa egl surface queue} wl_buffer#44.release()
[12:31:13.550855] {Default Queue}  -> xdg_toplevel#30.set_min_size(1400, 948)
[12:31:13.550862] {Default Queue}  -> xdg_toplevel#30.set_max_size(0, 0)
[12:31:13.550864] {Default Queue}  -> xdg_surface#29.set_window_geometry(45, 45, 1400, 948)
[12:31:13.550908] {mesa egl surface queue}  -> wl_surface#14.attach(wl_buffer#44, 0, 0)
[12:31:13.550911] {mesa egl surface queue}  -> wl_surface#14.damage(0, 0, 2147483647, 2147483647)
[12:31:13.550913] {mesa egl surface queue}  -> wl_surface#14.commit()
[12:31:13.550915] {mesa egl surface queue}  -> wl_display#1.sync(new id wl_callback#43)
[12:31:13.550980] {Display Queue} wl_display#1.delete_id(43)
[12:31:13.663018] {mesa egl surface queue} wl_callback#43.done(7)
[12:31:13.663035] {mesa egl surface queue} wl_buffer#40.release()
[12:31:13.663895] {Default Queue}  -> xdg_toplevel#30.set_min_size(1400, 948)
[12:31:13.663909] {Default Queue}  -> xdg_toplevel#30.set_max_size(0, 0)
[12:31:13.663912] {Default Queue}  -> xdg_surface#29.set_window_geometry(45, 45, 1400, 948)
[12:31:13.663960] {mesa egl surface queue}  -> wl_surface#14.attach(wl_buffer#40, 0, 0)
[12:31:13.663963] {mesa egl surface queue}  -> wl_surface#14.damage(0, 0, 2147483647, 2147483647)
[12:31:13.663965] {mesa egl surface queue}  -> wl_surface#14.commit()
[12:31:13.663967] {mesa egl surface queue}  -> wl_display#1.sync(new id wl_callback#43)
[12:31:13.664034] {Display Queue} wl_display#1.delete_id(43)
[12:31:13.758952] {mesa egl surface queue} wl_callback#43.done(7)
[12:31:13.758969] {mesa egl surface queue} wl_buffer#44.release()
[12:31:13.759819] {Default Queue}  -> xdg_toplevel#30.set_min_size(1400, 948)
[12:31:13.759827] {Default Queue}  -> xdg_toplevel#30.set_max_size(0, 0)
[12:31:13.759830] {Default Queue}  -> xdg_surface#29.set_window_geometry(45, 45, 1400, 948)
[12:31:13.759878] {mesa egl surface queue}  -> wl_surface#14.attach(wl_buffer#44, 0, 0)
[12:31:13.759881] {mesa egl surface queue}  -> wl_surface#14.damage(0, 0, 2147483647, 2147483647)
[12:31:13.759884] {mesa egl surface queue}  -> wl_surface#14.commit()
[12:31:13.759885] {mesa egl surface queue}  -> wl_display#1.sync(new id wl_callback#43)
[12:31:13.759954] {Display Queue} wl_display#1.delete_id(43)
[12:31:13.777869] {mesa egl surface queue} wl_callback#43.done(7)
[12:31:13.777879] {mesa egl surface queue} wl_buffer#40.release()
[12:31:13.778645] {Default Queue}  -> xdg_toplevel#30.set_min_size(1400, 948)
[12:31:13.778651] {Default Queue}  -> xdg_toplevel#30.set_max_size(0, 0)
[12:31:13.778653] {Default Queue}  -> xdg_surface#29.set_window_geometry(45, 45, 1400, 948)
[12:31:13.778694] {mesa egl surface queue}  -> wl_surface#14.attach(wl_buffer#40, 0, 0)
[12:31:13.778697] {mesa egl surface queue}  -> wl_surface#14.damage(0, 0, 2147483647, 2147483647)
[12:31:13.778698] {mesa egl surface queue}  -> wl_surface#14.commit()
[12:31:13.778700] {mesa egl surface queue}  -> wl_display#1.sync(new id wl_callback#43)
[12:31:13.778770] {Display Queue} wl_display#1.delete_id(43)
[12:31:13.871672] {mesa egl surface queue} wl_callback#43.done(7)
[12:31:13.871689] {mesa egl surface queue} wl_buffer#44.release()
[12:31:13.872637] {Default Queue}  -> xdg_toplevel#30.set_min_size(1400, 948)
[12:31:13.872646] {Default Queue}  -> xdg_toplevel#30.set_max_size(0, 0)
[12:31:13.872649] {Default Queue}  -> xdg_surface#29.set_window_geometry(45, 45, 1400, 948)
[12:31:13.872703] {mesa egl surface queue}  -> wl_surface#14.attach(wl_buffer#44, 0, 0)
[12:31:13.872706] {mesa egl surface queue}  -> wl_surface#14.damage(0, 0, 2147483647, 2147483647)
[12:31:13.872708] {mesa egl surface queue}  -> wl_surface#14.commit()
[12:31:13.872710] {mesa egl surface queue}  -> wl_display#1.sync(new id wl_callback#43)
[12:31:13.872808] {Display Queue} wl_display#1.delete_id(43)
[12:31:13.968090] {mesa egl surface queue} wl_callback#43.done(7)
[12:31:13.968107] {mesa egl surface queue} wl_buffer#40.release()
[12:31:13.969013] {Default Queue}  -> xdg_toplevel#30.set_min_size(1400, 948)
[12:31:13.969023] {Default Queue}  -> xdg_toplevel#30.set_max_size(0, 0)
[12:31:13.969026] {Default Queue}  -> xdg_surface#29.set_window_geometry(45, 45, 1400, 948)
[12:31:13.969067] {mesa egl surface queue}  -> wl_surface#14.attach(wl_buffer#40, 0, 0)
[12:31:13.969070] {mesa egl surface queue}  -> wl_surface#14.damage(0, 0, 2147483647, 2147483647)
[12:31:13.969072] {mesa egl surface queue}  -> wl_surface#14.commit()
[12:31:13.969074] {mesa egl surface queue}  -> wl_display#1.sync(new id wl_callback#43)
[12:31:13.969137] {Display Queue} wl_display#1.delete_id(43)
[12:31:14.017044] {mesa egl surface queue} wl_callback#43.done(7)
[12:31:14.017063] {mesa egl surface queue} wl_buffer#44.release()
[12:31:14.017883] {Default Queue}  -> xdg_toplevel#30.set_min_size(1400, 948)
[12:31:14.017889] {Default Queue}  -> xdg_toplevel#30.set_max_size(0, 0)
[12:31:14.017896] {Default Queue}  -> xdg_surface#29.set_window_geometry(45, 45, 1400, 948)
[12:31:14.017949] {mesa egl surface queue}  -> wl_surface#14.attach(wl_buffer#44, 0, 0)
[12:31:14.017952] {mesa egl surface queue}  -> wl_surface#14.damage(0, 0, 2147483647, 2147483647)
[12:31:14.017954] {mesa egl surface queue}  -> wl_surface#14.commit()
[12:31:14.017956] {mesa egl surface queue}  -> wl_display#1.sync(new id wl_callback#43)
[12:31:14.018019] {Display Queue} wl_display#1.delete_id(43)
[12:31:14.064863] {mesa egl surface queue} wl_callback#43.done(7)
[12:31:14.064921] {mesa egl surface queue} wl_buffer#40.release()
[12:31:14.065696] {Default Queue}  -> xdg_toplevel#30.set_min_size(1400, 948)
[12:31:14.065702] {Default Queue}  -> xdg_toplevel#30.set_max_size(0, 0)
[12:31:14.065705] {Default Queue}  -> xdg_surface#29.set_window_geometry(45, 45, 1400, 948)
[12:31:14.065758] {mesa egl surface queue}  -> wl_surface#14.attach(wl_buffer#40, 0, 0)
[12:31:14.065761] {mesa egl surface queue}  -> wl_surface#14.damage(0, 0, 2147483647, 2147483647)
[12:31:14.065764] {mesa egl surface queue}  -> wl_surface#14.commit()
[12:31:14.065765] {mesa egl surface queue}  -> wl_display#1.sync(new id wl_callback#43)
[12:31:14.065831] {Display Queue} wl_display#1.delete_id(43)
[12:31:14.178033] {mesa egl surface queue} wl_callback#43.done(7)
[12:31:14.178050] {mesa egl surface queue} wl_buffer#44.release()
[12:31:14.178923] {Default Queue}  -> xdg_toplevel#30.set_min_size(1400, 948)
[12:31:14.178933] {Default Queue}  -> xdg_toplevel#30.set_max_size(0, 0)
[12:31:14.178935] {Default Queue}  -> xdg_surface#29.set_window_geometry(45, 45, 1400, 948)
[12:31:14.178978] {mesa egl surface queue}  -> wl_surface#14.attach(wl_buffer#44, 0, 0)
[12:31:14.178981] {mesa egl surface queue}  -> wl_surface#14.damage(0, 0, 2147483647, 2147483647)
[12:31:14.178983] {mesa egl surface queue}  -> wl_surface#14.commit()
[12:31:14.178985] {mesa egl surface queue}  -> wl_display#1.sync(new id wl_callback#43)
[12:31:14.179053] {Display Queue} wl_display#1.delete_id(43)
[12:31:14.276029] {mesa egl surface queue} wl_callback#43.done(7)
[12:31:14.276045] {mesa egl surface queue} wl_buffer#40.release()
[12:31:14.276920] {Default Queue}  -> xdg_toplevel#30.set_min_size(1400, 948)
[12:31:14.276929] {Default Queue}  -> xdg_toplevel#30.set_max_size(0, 0)
[12:31:14.276931] {Default Queue}  -> xdg_surface#29.set_window_geometry(45, 45, 1400, 948)
[12:31:14.276977] {mesa egl surface queue}  -> wl_surface#14.attach(wl_buffer#40, 0, 0)
[12:31:14.276980] {mesa egl surface queue}  -> wl_surface#14.damage(0, 0, 2147483647, 2147483647)
[12:31:14.276982] {mesa egl surface queue}  -> wl_surface#14.commit()
[12:31:14.276984] {mesa egl surface queue}  -> wl_display#1.sync(new id wl_callback#43)
[12:31:14.277089] {Display Queue} wl_display#1.delete_id(43)
[12:31:14.387827] {mesa egl surface queue} wl_callback#43.done(7)
[12:31:14.387842] {mesa egl surface queue} wl_buffer#44.release()
[12:31:14.388678] {Default Queue}  -> xdg_toplevel#30.set_min_size(1400, 948)
[12:31:14.388686] {Default Queue}  -> xdg_toplevel#30.set_max_size(0, 0)
[12:31:14.388688] {Default Queue}  -> xdg_surface#29.set_window_geometry(45, 45, 1400, 948)
[12:31:14.388733] {mesa egl surface queue}  -> wl_surface#14.attach(wl_buffer#44, 0, 0)
[12:31:14.388736] {mesa egl surface queue}  -> wl_surface#14.damage(0, 0, 2147483647, 2147483647)
[12:31:14.388738] {mesa egl surface queue}  -> wl_surface#14.commit()
[12:31:14.388744] {mesa egl surface queue}  -> wl_display#1.sync(new id wl_callback#43)
[12:31:14.388846] {Display Queue} wl_display#1.delete_id(43)
[12:31:14.484241] {mesa egl surface queue} wl_callback#43.done(7)
[12:31:14.484258] {mesa egl surface queue} wl_buffer#40.release()
[12:31:14.485115] {Default Queue}  -> xdg_toplevel#30.set_min_size(1400, 948)
[12:31:14.485124] {Default Queue}  -> xdg_toplevel#30.set_max_size(0, 0)
[12:31:14.485126] {Default Queue}  -> xdg_surface#29.set_window_geometry(45, 45, 1400, 948)
[12:31:14.485171] {mesa egl surface queue}  -> wl_surface#14.attach(wl_buffer#40, 0, 0)
[12:31:14.485179] {mesa egl surface queue}  -> wl_surface#14.damage(0, 0, 2147483647, 2147483647)
[12:31:14.485187] {mesa egl surface queue}  -> wl_surface#14.commit()
[12:31:14.485189] {mesa egl surface queue}  -> wl_display#1.sync(new id wl_callback#43)
[12:31:14.485256] {Display Queue} wl_display#1.delete_id(43)
[12:31:14.517812] {mesa egl surface queue} wl_callback#43.done(7)
[12:31:14.517828] {mesa egl surface queue} wl_buffer#44.release()
[12:31:14.518779] {Default Queue}  -> xdg_toplevel#30.set_min_size(1400, 948)
[12:31:14.518790] {Default Queue}  -> xdg_toplevel#30.set_max_size(0, 0)
[12:31:14.518792] {Default Queue}  -> xdg_surface#29.set_window_geometry(45, 45, 1400, 948)
[12:31:14.518833] {mesa egl surface queue}  -> wl_surface#14.attach(wl_buffer#44, 0, 0)
[12:31:14.518836] {mesa egl surface queue}  -> wl_surface#14.damage(0, 0, 2147483647, 2147483647)
[12:31:14.518838] {mesa egl surface queue}  -> wl_surface#14.commit()
[12:31:14.518840] {mesa egl surface queue}  -> wl_display#1.sync(new id wl_callback#43)
[12:31:14.518906] {Display Queue} wl_display#1.delete_id(43)
[12:31:14.597894] {mesa egl surface queue} wl_callback#43.done(7)
[12:31:14.597911] {mesa egl surface queue} wl_buffer#40.release()
[12:31:14.598757] {Default Queue}  -> xdg_toplevel#30.set_min_size(1400, 948)
[12:31:14.598764] {Default Queue}  -> xdg_toplevel#30.set_max_size(0, 0)
[12:31:14.598767] {Default Queue}  -> xdg_surface#29.set_window_geometry(45, 45, 1400, 948)
[12:31:14.598817] {mesa egl surface queue}  -> wl_surface#14.attach(wl_buffer#40, 0, 0)
[12:31:14.598820] {mesa egl surface queue}  -> wl_surface#14.damage(0, 0, 2147483647, 2147483647)
[12:31:14.598822] {mesa egl surface queue}  -> wl_surface#14.commit()
[12:31:14.598824] {mesa egl surface queue}  -> wl_display#1.sync(new id wl_callback#43)
[12:31:14.598900] {Display Queue} wl_display#1.delete_id(43)
[12:31:14.694456] {mesa egl surface queue} wl_callback#43.done(7)
[12:31:14.694474] {mesa egl surface queue} wl_buffer#44.release()
[12:31:14.695358] {Default Queue}  -> xdg_toplevel#30.set_min_size(1400, 948)
[12:31:14.695366] {Default Queue}  -> xdg_toplevel#30.set_max_size(0, 0)
[12:31:14.695368] {Default Queue}  -> xdg_surface#29.set_window_geometry(45, 45, 1400, 948)
[12:31:14.695421] {mesa egl surface queue}  -> wl_surface#14.attach(wl_buffer#44, 0, 0)
[12:31:14.695424] {mesa egl surface queue}  -> wl_surface#14.damage(0, 0, 2147483647, 2147483647)
[12:31:14.695426] {mesa egl surface queue}  -> wl_surface#14.commit()
[12:31:14.695428] {mesa egl surface queue}  -> wl_display#1.sync(new id wl_callback#43)
[12:31:14.695537] {Display Queue} wl_display#1.delete_id(43)
[12:31:14.775592] {mesa egl surface queue} wl_callback#43.done(7)
[12:31:14.775613] {mesa egl surface queue} wl_buffer#40.release()
[12:31:14.776821] {Default Queue}  -> xdg_toplevel#30.set_min_size(1400, 948)
[12:31:14.776835] {Default Queue}  -> xdg_toplevel#30.set_max_size(0, 0)
[12:31:14.776839] {Default Queue}  -> xdg_surface#29.set_window_geometry(45, 45, 1400, 948)
[12:31:14.776903] {mesa egl surface queue}  -> wl_surface#14.attach(wl_buffer#40, 0, 0)
[12:31:14.776909] {mesa egl surface queue}  -> wl_surface#14.damage(0, 0, 2147483647, 2147483647)
[12:31:14.776913] {mesa egl surface queue}  -> wl_surface#14.commit()
[12:31:14.776917] {mesa egl surface queue}  -> wl_display#1.sync(new id wl_callback#43)
[12:31:14.776991] {Display Queue} wl_display#1.delete_id(43)
[12:31:14.806904] {mesa egl surface queue} wl_callback#43.done(7)
[12:31:14.806921] {mesa egl surface queue} wl_buffer#44.release()
[12:31:14.807788] {Default Queue}  -> xdg_toplevel#30.set_min_size(1400, 948)
[12:31:14.807800] {Default Queue}  -> xdg_toplevel#30.set_max_size(0, 0)
[12:31:14.807802] {Default Queue}  -> xdg_surface#29.set_window_geometry(45, 45, 1400, 948)
[12:31:14.807845] {mesa egl surface queue}  -> wl_surface#14.attach(wl_buffer#44, 0, 0)
[12:31:14.807848] {mesa egl surface queue}  -> wl_surface#14.damage(0, 0, 2147483647, 2147483647)
[12:31:14.807850] {mesa egl surface queue}  -> wl_surface#14.commit()
[12:31:14.807852] {mesa egl surface queue}  -> wl_display#1.sync(new id wl_callback#43)
[12:31:14.807930] {Display Queue} wl_display#1.delete_id(43)
[12:31:14.903691] {mesa egl surface queue} wl_callback#43.done(7)
[12:31:14.903715] {mesa egl surface queue} wl_buffer#40.release()
[12:31:14.904847] {Default Queue}  -> xdg_toplevel#30.set_min_size(1400, 948)
[12:31:14.904857] {Default Queue}  -> xdg_toplevel#30.set_max_size(0, 0)
[12:31:14.904860] {Default Queue}  -> xdg_surface#29.set_window_geometry(45, 45, 1400, 948)
[12:31:14.904917] {mesa egl surface queue}  -> wl_surface#14.attach(wl_buffer#40, 0, 0)
[12:31:14.904921] {mesa egl surface queue}  -> wl_surface#14.damage(0, 0, 2147483647, 2147483647)
[12:31:14.904924] {mesa egl surface queue}  -> wl_surface#14.commit()
[12:31:14.904927] {mesa egl surface queue}  -> wl_display#1.sync(new id wl_callback#43)
[12:31:14.905009] {Display Queue} wl_display#1.delete_id(43)
[12:31:14.999984] {mesa egl surface queue} wl_callback#43.done(7)
[12:31:15.000001] {mesa egl surface queue} wl_buffer#44.release()
[12:31:15.000917] {Default Queue}  -> xdg_toplevel#30.set_min_size(1400, 948)
[12:31:15.000925] {Default Queue}  -> xdg_toplevel#30.set_max_size(0, 0)
[12:31:15.000927] {Default Queue}  -> xdg_surface#29.set_window_geometry(45, 45, 1400, 948)
[12:31:15.000968] {mesa egl surface queue}  -> wl_surface#14.attach(wl_buffer#44, 0, 0)
[12:31:15.000971] {mesa egl surface queue}  -> wl_surface#14.damage(0, 0, 2147483647, 2147483647)
[12:31:15.000973] {mesa egl surface queue}  -> wl_surface#14.commit()
[12:31:15.000975] {mesa egl surface queue}  -> wl_display#1.sync(new id wl_callback#43)
[12:31:15.001038] {Display Queue} wl_display#1.delete_id(43)
[12:31:15.032900] {mesa egl surface queue} wl_callback#43.done(7)
[12:31:15.032917] {mesa egl surface queue} wl_buffer#40.release()
[12:31:15.033776] {Default Queue}  -> xdg_toplevel#30.set_min_size(1400, 948)
[12:31:15.033786] {Default Queue}  -> xdg_toplevel#30.set_max_size(0, 0)
[12:31:15.033788] {Default Queue}  -> xdg_surface#29.set_window_geometry(45, 45, 1400, 948)
[12:31:15.033832] {mesa egl surface queue}  -> wl_surface#14.attach(wl_buffer#40, 0, 0)
[12:31:15.033835] {mesa egl surface queue}  -> wl_surface#14.damage(0, 0, 2147483647, 2147483647)
[12:31:15.033837] {mesa egl surface queue}  -> wl_surface#14.commit()
[12:31:15.033839] {mesa egl surface queue}  -> wl_display#1.sync(new id wl_callback#43)
[12:31:15.033907] {Display Queue} wl_display#1.delete_id(43)
[12:31:15.113013] {mesa egl surface queue} wl_callback#43.done(7)
[12:31:15.113029] {mesa egl surface queue} wl_buffer#44.release()
[12:31:15.113891] {Default Queue}  -> xdg_toplevel#30.set_min_size(1400, 948)
[12:31:15.113898] {Default Queue}  -> xdg_toplevel#30.set_max_size(0, 0)
[12:31:15.113900] {Default Queue}  -> xdg_surface#29.set_window_geometry(45, 45, 1400, 948)
[12:31:15.113949] {mesa egl surface queue}  -> wl_surface#14.attach(wl_buffer#44, 0, 0)
[12:31:15.113952] {mesa egl surface queue}  -> wl_surface#14.damage(0, 0, 2147483647, 2147483647)
[12:31:15.113954] {mesa egl surface queue}  -> wl_surface#14.commit()
[12:31:15.113956] {mesa egl surface queue}  -> wl_display#1.sync(new id wl_callback#43)
[12:31:15.114022] {Display Queue} wl_display#1.delete_id(43)
[12:31:15.209896] {mesa egl surface queue} wl_callback#43.done(7)
[12:31:15.209913] {mesa egl surface queue} wl_buffer#40.release()
[12:31:15.210774] {Default Queue}  -> xdg_toplevel#30.set_min_size(1400, 948)
[12:31:15.210782] {Default Queue}  -> xdg_toplevel#30.set_max_size(0, 0)
[12:31:15.210784] {Default Queue}  -> xdg_surface#29.set_window_geometry(45, 45, 1400, 948)
[12:31:15.210833] {mesa egl surface queue}  -> wl_surface#14.attach(wl_buffer#40, 0, 0)
[12:31:15.210836] {mesa egl surface queue}  -> wl_surface#14.damage(0, 0, 2147483647, 2147483647)
[12:31:15.210838] {mesa egl surface queue}  -> wl_surface#14.commit()
[12:31:15.210840] {mesa egl surface queue}  -> wl_display#1.sync(new id wl_callback#43)
[12:31:15.210907] {Display Queue} wl_display#1.delete_id(43)
[12:31:15.274893] {mesa egl surface queue} wl_callback#43.done(7)
[12:31:15.274915] {mesa egl surface queue} wl_buffer#44.release()
[12:31:15.276192] {Default Queue}  -> xdg_toplevel#30.set_min_size(1400, 948)
[12:31:15.276215] {Default Queue}  -> xdg_toplevel#30.set_max_size(0, 0)
[12:31:15.276220] {Default Queue}  -> xdg_surface#29.set_window_geometry(45, 45, 1400, 948)
[12:31:15.276291] {mesa egl surface queue}  -> wl_surface#14.attach(wl_buffer#44, 0, 0)
[12:31:15.276298] {mesa egl surface queue}  -> wl_surface#14.damage(0, 0, 2147483647, 2147483647)
[12:31:15.276303] {mesa egl surface queue}  -> wl_surface#14.commit()
[12:31:15.276306] {mesa egl surface queue}  -> wl_display#1.sync(new id wl_callback#43)
[12:31:15.276435] {Display Queue} wl_display#1.delete_id(43)
[12:31:15.322428] {mesa egl surface queue} wl_callback#43.done(7)
[12:31:15.322446] {mesa egl surface queue} wl_buffer#40.release()
[12:31:15.323316] {Default Queue}  -> xdg_toplevel#30.set_min_size(1400, 948)
[12:31:15.323324] {Default Queue}  -> xdg_toplevel#30.set_max_size(0, 0)
[12:31:15.323326] {Default Queue}  -> xdg_surface#29.set_window_geometry(45, 45, 1400, 948)
[12:31:15.323375] {mesa egl surface queue}  -> wl_surface#14.attach(wl_buffer#40, 0, 0)
[12:31:15.323379] {mesa egl surface queue}  -> wl_surface#14.damage(0, 0, 2147483647, 2147483647)
[12:31:15.323381] {mesa egl surface queue}  -> wl_surface#14.commit()
[12:31:15.323383] {mesa egl surface queue}  -> wl_display#1.sync(new id wl_callback#43)
[12:31:15.323447] {Display Queue} wl_display#1.delete_id(43)
[12:31:15.419154] {mesa egl surface queue} wl_callback#43.done(7)
[12:31:15.419171] {mesa egl surface queue} wl_buffer#44.release()
[12:31:15.419989] {Default Queue}  -> xdg_toplevel#30.set_min_size(1400, 948)
[12:31:15.419995] {Default Queue}  -> xdg_toplevel#30.set_max_size(0, 0)
[12:31:15.419997] {Default Queue}  -> xdg_surface#29.set_window_geometry(45, 45, 1400, 948)
[12:31:15.420044] {mesa egl surface queue}  -> wl_surface#14.attach(wl_buffer#44, 0, 0)
[12:31:15.420046] {mesa egl surface queue}  -> wl_surface#14.damage(0, 0, 2147483647, 2147483647)
[12:31:15.420048] {mesa egl surface queue}  -> wl_surface#14.commit()
[12:31:15.420050] {mesa egl surface queue}  -> wl_display#1.sync(new id wl_callback#43)
[12:31:15.420125] {Display Queue} wl_display#1.delete_id(43)
[12:31:15.532597] {mesa egl surface queue} wl_callback#43.done(7)
[12:31:15.532614] {mesa egl surface queue} wl_buffer#40.release()
[12:31:15.533452] {Default Queue}  -> xdg_toplevel#30.set_min_size(1400, 948)
[12:31:15.533460] {Default Queue}  -> xdg_toplevel#30.set_max_size(0, 0)
[12:31:15.533462] {Default Queue}  -> xdg_surface#29.set_window_geometry(45, 45, 1400, 948)
[12:31:15.533510] {mesa egl surface queue}  -> wl_surface#14.attach(wl_buffer#40, 0, 0)
[12:31:15.533513] {mesa egl surface queue}  -> wl_surface#14.damage(0, 0, 2147483647, 2147483647)
[12:31:15.533515] {mesa egl surface queue}  -> wl_surface#14.commit()
[12:31:15.533517] {mesa egl surface queue}  -> wl_display#1.sync(new id wl_callback#43)
[12:31:15.533593] {Display Queue} wl_display#1.delete_id(43)
[12:31:15.628555] {mesa egl surface queue} wl_callback#43.done(7)
[12:31:15.628572] {mesa egl surface queue} wl_buffer#44.release()
[12:31:15.629433] {Default Queue}  -> xdg_toplevel#30.set_min_size(1400, 948)
[12:31:15.629440] {Default Queue}  -> xdg_toplevel#30.set_max_size(0, 0)
[12:31:15.629443] {Default Queue}  -> xdg_surface#29.set_window_geometry(45, 45, 1400, 948)
[12:31:15.629490] {mesa egl surface queue}  -> wl_surface#14.attach(wl_buffer#44, 0, 0)
[12:31:15.629493] {mesa egl surface queue}  -> wl_surface#14.damage(0, 0, 2147483647, 2147483647)
[12:31:15.629496] {mesa egl surface queue}  -> wl_surface#14.commit()
[12:31:15.629497] {mesa egl surface queue}  -> wl_display#1.sync(new id wl_callback#43)
[12:31:15.629562] {Display Queue} wl_display#1.delete_id(43)
[12:31:15.740897] {mesa egl surface queue} wl_callback#43.done(7)
[12:31:15.740918] {mesa egl surface queue} wl_buffer#40.release()
[12:31:15.741728] {Default Queue}  -> xdg_toplevel#30.set_min_size(1400, 948)
[12:31:15.741734] {Default Queue}  -> xdg_toplevel#30.set_max_size(0, 0)
[12:31:15.741746] {Default Queue}  -> xdg_surface#29.set_window_geometry(45, 45, 1400, 948)
[12:31:15.741835] {mesa egl surface queue}  -> wl_surface#14.attach(wl_buffer#40, 0, 0)
[12:31:15.741838] {mesa egl surface queue}  -> wl_surface#14.damage(0, 0, 2147483647, 2147483647)
[12:31:15.741840] {mesa egl surface queue}  -> wl_surface#14.commit()
[12:31:15.741842] {mesa egl surface queue}  -> wl_display#1.sync(new id wl_callback#43)
[12:31:15.741925] {Display Queue} wl_display#1.delete_id(43)
[12:31:15.789925] {mesa egl surface queue} wl_callback#43.done(7)
[12:31:15.789940] {mesa egl surface queue} wl_buffer#44.release()
[12:31:15.790780] {Default Queue}  -> xdg_toplevel#30.set_min_size(1400, 948)
[12:31:15.790788] {Default Queue}  -> xdg_toplevel#30.set_max_size(0, 0)
[12:31:15.790790] {Default Queue}  -> xdg_surface#29.set_window_geometry(45, 45, 1400, 948)
[12:31:15.790833] {mesa egl surface queue}  -> wl_surface#14.attach(wl_buffer#44, 0, 0)
[12:31:15.790836] {mesa egl surface queue}  -> wl_surface#14.damage(0, 0, 2147483647, 2147483647)
[12:31:15.790838] {mesa egl surface queue}  -> wl_surface#14.commit()
[12:31:15.790840] {mesa egl surface queue}  -> wl_display#1.sync(new id wl_callback#43)
[12:31:15.790938] {Display Queue} wl_display#1.delete_id(43)
[12:31:15.837341] {mesa egl surface queue} wl_callback#43.done(7)
[12:31:15.837357] {mesa egl surface queue} wl_buffer#40.release()
[12:31:15.838198] {Default Queue}  -> xdg_toplevel#30.set_min_size(1400, 948)
[12:31:15.838205] {Default Queue}  -> xdg_toplevel#30.set_max_size(0, 0)
[12:31:15.838207] {Default Queue}  -> xdg_surface#29.set_window_geometry(45, 45, 1400, 948)
[12:31:15.838254] {mesa egl surface queue}  -> wl_surface#14.attach(wl_buffer#40, 0, 0)
[12:31:15.838257] {mesa egl surface queue}  -> wl_surface#14.damage(0, 0, 2147483647, 2147483647)
[12:31:15.838259] {mesa egl surface queue}  -> wl_surface#14.commit()
[12:31:15.838261] {mesa egl surface queue}  -> wl_display#1.sync(new id wl_callback#43)
[12:31:15.838391] {Display Queue} wl_display#1.delete_id(43)
[12:31:15.950264] {mesa egl surface queue} wl_callback#43.done(7)
[12:31:15.950287] {mesa egl surface queue} wl_buffer#44.release()
[12:31:15.951460] {Default Queue}  -> xdg_toplevel#30.set_min_size(1400, 948)
[12:31:15.951480] {Default Queue}  -> xdg_toplevel#30.set_max_size(0, 0)
[12:31:15.951483] {Default Queue}  -> xdg_surface#29.set_window_geometry(45, 45, 1400, 948)
[12:31:15.951531] {mesa egl surface queue}  -> wl_surface#14.attach(wl_buffer#44, 0, 0)
[12:31:15.951534] {mesa egl surface queue}  -> wl_surface#14.damage(0, 0, 2147483647, 2147483647)
[12:31:15.951536] {mesa egl surface queue}  -> wl_surface#14.commit()
[12:31:15.951538] {mesa egl surface queue}  -> wl_display#1.sync(new id wl_callback#43)
[12:31:15.951640] {Display Queue} wl_display#1.delete_id(43)
[12:31:16.030948] {mesa egl surface queue} wl_callback#43.done(7)
[12:31:16.030970] {mesa egl surface queue} wl_buffer#40.release()
[12:31:16.032155] {Default Queue}  -> xdg_toplevel#30.set_min_size(1400, 948)
[12:31:16.032167] {Default Queue}  -> xdg_toplevel#30.set_max_size(0, 0)
[12:31:16.032169] {Default Queue}  -> xdg_surface#29.set_window_geometry(45, 45, 1400, 948)
[12:31:16.032216] {mesa egl surface queue}  -> wl_surface#14.attach(wl_buffer#40, 0, 0)
[12:31:16.032218] {mesa egl surface queue}  -> wl_surface#14.damage(0, 0, 2147483647, 2147483647)
[12:31:16.032220] {mesa egl surface queue}  -> wl_surface#14.commit()
[12:31:16.032222] {mesa egl surface queue}  -> wl_display#1.sync(new id wl_callback#43)
[12:31:16.032322] {Display Queue} wl_display#1.delete_id(43)
[12:31:16.046355] {mesa egl surface queue} wl_callback#43.done(7)
[12:31:16.046371] {mesa egl surface queue} wl_buffer#44.release()
[12:31:16.047247] {Default Queue}  -> xdg_toplevel#30.set_min_size(1400, 948)
[12:31:16.047254] {Default Queue}  -> xdg_toplevel#30.set_max_size(0, 0)
[12:31:16.047256] {Default Queue}  -> xdg_surface#29.set_window_geometry(45, 45, 1400, 948)
[12:31:16.047334] {mesa egl surface queue}  -> wl_surface#14.attach(wl_buffer#44, 0, 0)
[12:31:16.047337] {mesa egl surface queue}  -> wl_surface#14.damage(0, 0, 2147483647, 2147483647)
[12:31:16.047344] {mesa egl surface queue}  -> wl_surface#14.commit()
[12:31:16.047352] {mesa egl surface queue}  -> wl_display#1.sync(new id wl_callback#43)
[12:31:16.047481] {Display Queue} wl_display#1.delete_id(43)
[12:31:16.159827] {mesa egl surface queue} wl_callback#43.done(7)
[12:31:16.159844] {mesa egl surface queue} wl_buffer#40.release()
[12:31:16.160685] {Default Queue}  -> xdg_toplevel#30.set_min_size(1400, 948)
[12:31:16.160692] {Default Queue}  -> xdg_toplevel#30.set_max_size(0, 0)
[12:31:16.160694] {Default Queue}  -> xdg_surface#29.set_window_geometry(45, 45, 1400, 948)
[12:31:16.160749] {mesa egl surface queue}  -> wl_surface#14.attach(wl_buffer#40, 0, 0)
[12:31:16.160753] {mesa egl surface queue}  -> wl_surface#14.damage(0, 0, 2147483647, 2147483647)
[12:31:16.160755] {mesa egl surface queue}  -> wl_surface#14.commit()
[12:31:16.160757] {mesa egl surface queue}  -> wl_display#1.sync(new id wl_callback#43)
[12:31:16.160855] {Display Queue} wl_display#1.delete_id(43)
[12:31:16.255860] {mesa egl surface queue} wl_callback#43.done(7)
[12:31:16.255882] {mesa egl surface queue} wl_buffer#44.release()
[12:31:16.257101] {Default Queue}  -> xdg_toplevel#30.set_min_size(1400, 948)
[12:31:16.257114] {Default Queue}  -> xdg_toplevel#30.set_max_size(0, 0)
[12:31:16.257118] {Default Queue}  -> xdg_surface#29.set_window_geometry(45, 45, 1400, 948)
[12:31:16.257184] {mesa egl surface queue}  -> wl_surface#14.attach(wl_buffer#44, 0, 0)
[12:31:16.257191] {mesa egl surface queue}  -> wl_surface#14.damage(0, 0, 2147483647, 2147483647)
[12:31:16.257194] {mesa egl surface queue}  -> wl_surface#14.commit()
[12:31:16.257197] {mesa egl surface queue}  -> wl_display#1.sync(new id wl_callback#43)
[12:31:16.257335] {Display Queue} wl_display#1.delete_id(43)
[12:31:16.288588] {mesa egl surface queue} wl_callback#43.done(7)
[12:31:16.288611] {mesa egl surface queue} wl_buffer#40.release()
[12:31:16.289834] {Default Queue}  -> xdg_toplevel#30.set_min_size(1400, 948)
[12:31:16.289847] {Default Queue}  -> xdg_toplevel#30.set_max_size(0, 0)
[12:31:16.289851] {Default Queue}  -> xdg_surface#29.set_window_geometry(45, 45, 1400, 948)
[12:31:16.289913] {mesa egl surface queue}  -> wl_surface#14.attach(wl_buffer#40, 0, 0)
[12:31:16.289919] {mesa egl surface queue}  -> wl_surface#14.damage(0, 0, 2147483647, 2147483647)
[12:31:16.289923] {mesa egl surface queue}  -> wl_surface#14.commit()
[12:31:16.289927] {mesa egl surface queue}  -> wl_display#1.sync(new id wl_callback#43)
[12:31:16.290003] {Display Queue} wl_display#1.delete_id(43)
[12:31:16.368415] {mesa egl surface queue} wl_callback#43.done(7)
[12:31:16.368437] {mesa egl surface queue} wl_buffer#44.release()
[12:31:16.369287] {Default Queue}  -> xdg_toplevel#30.set_min_size(1400, 948)
[12:31:16.369294] {Default Queue}  -> xdg_toplevel#30.set_max_size(0, 0)
[12:31:16.369297] {Default Queue}  -> xdg_surface#29.set_window_geometry(45, 45, 1400, 948)
[12:31:16.369347] {mesa egl surface queue}  -> wl_surface#14.attach(wl_buffer#44, 0, 0)
[12:31:16.369350] {mesa egl surface queue}  -> wl_surface#14.damage(0, 0, 2147483647, 2147483647)
[12:31:16.369353] {mesa egl surface queue}  -> wl_surface#14.commit()
[12:31:16.369355] {mesa egl surface queue}  -> wl_display#1.sync(new id wl_callback#43)
[12:31:16.369470] {Display Queue} wl_display#1.delete_id(43)
[12:31:16.464726] {mesa egl surface queue} wl_callback#43.done(7)
[12:31:16.464746] {mesa egl surface queue} wl_buffer#40.release()
[12:31:16.465605] {Default Queue}  -> xdg_toplevel#30.set_min_size(1400, 948)
[12:31:16.465615] {Default Queue}  -> xdg_toplevel#30.set_max_size(0, 0)
[12:31:16.465617] {Default Queue}  -> xdg_surface#29.set_window_geometry(45, 45, 1400, 948)
[12:31:16.465665] {mesa egl surface queue}  -> wl_surface#14.attach(wl_buffer#40, 0, 0)
[12:31:16.465668] {mesa egl surface queue}  -> wl_surface#14.damage(0, 0, 2147483647, 2147483647)
[12:31:16.465670] {mesa egl surface queue}  -> wl_surface#14.commit()
[12:31:16.465672] {mesa egl surface queue}  -> wl_display#1.sync(new id wl_callback#43)
[12:31:16.465783] {Display Queue} wl_display#1.delete_id(43)
[12:31:16.546286] {mesa egl surface queue} wl_callback#43.done(7)
[12:31:16.546303] {mesa egl surface queue} wl_buffer#44.release()
[12:31:16.547140] {Default Queue}  -> xdg_toplevel#30.set_min_size(1400, 948)
[12:31:16.547148] {Default Queue}  -> xdg_toplevel#30.set_max_size(0, 0)
[12:31:16.547151] {Default Queue}  -> xdg_surface#29.set_window_geometry(45, 45, 1400, 948)
[12:31:16.547196] {mesa egl surface queue}  -> wl_surface#14.attach(wl_buffer#44, 0, 0)
[12:31:16.547199] {mesa egl surface queue}  -> wl_surface#14.damage(0, 0, 2147483647, 2147483647)
[12:31:16.547201] {mesa egl surface queue}  -> wl_surface#14.commit()
[12:31:16.547203] {mesa egl surface queue}  -> wl_display#1.sync(new id wl_callback#43)
[12:31:16.547284] {Display Queue} wl_display#1.delete_id(43)
[12:31:16.561336] {mesa egl surface queue} wl_callback#43.done(7)
[12:31:16.561347] {mesa egl surface queue} wl_buffer#40.release()
[12:31:16.562145] {Default Queue}  -> xdg_toplevel#30.set_min_size(1400, 948)
[12:31:16.562152] {Default Queue}  -> xdg_toplevel#30.set_max_size(0, 0)
[12:31:16.562154] {Default Queue}  -> xdg_surface#29.set_window_geometry(45, 45, 1400, 948)
[12:31:16.562197] {mesa egl surface queue}  -> wl_surface#14.attach(wl_buffer#40, 0, 0)
[12:31:16.562200] {mesa egl surface queue}  -> wl_surface#14.damage(0, 0, 2147483647, 2147483647)
[12:31:16.562202] {mesa egl surface queue}  -> wl_surface#14.commit()
[12:31:16.562204] {mesa egl surface queue}  -> wl_display#1.sync(new id wl_callback#43)
[12:31:16.562312] {Display Queue} wl_display#1.delete_id(43)
[12:31:16.673892] {mesa egl surface queue} wl_callback#43.done(7)
[12:31:16.673910] {mesa egl surface queue} wl_buffer#44.release()
[12:31:16.674745] {Default Queue}  -> xdg_toplevel#30.set_min_size(1400, 948)
[12:31:16.674753] {Default Queue}  -> xdg_toplevel#30.set_max_size(0, 0)
[12:31:16.674755] {Default Queue}  -> xdg_surface#29.set_window_geometry(45, 45, 1400, 948)
[12:31:16.674801] {mesa egl surface queue}  -> wl_surface#14.attach(wl_buffer#44, 0, 0)
[12:31:16.674804] {mesa egl surface queue}  -> wl_surface#14.damage(0, 0, 2147483647, 2147483647)
[12:31:16.674806] {mesa egl surface queue}  -> wl_surface#14.commit()
[12:31:16.674808] {mesa egl surface queue}  -> wl_display#1.sync(new id wl_callback#43)
[12:31:16.674882] {Display Queue} wl_display#1.delete_id(43)
[12:31:16.770067] {mesa egl surface queue} wl_callback#43.done(7)
[12:31:16.770088] {mesa egl surface queue} wl_buffer#40.release()
[12:31:16.770960] {Default Queue}  -> xdg_toplevel#30.set_min_size(1400, 948)
[12:31:16.770968] {Default Queue}  -> xdg_toplevel#30.set_max_size(0, 0)
[12:31:16.770970] {Default Queue}  -> xdg_surface#29.set_window_geometry(45, 45, 1400, 948)
[12:31:16.771016] {mesa egl surface queue}  -> wl_surface#14.attach(wl_buffer#40, 0, 0)
[12:31:16.771019] {mesa egl surface queue}  -> wl_surface#14.damage(0, 0, 2147483647, 2147483647)
[12:31:16.771021] {mesa egl surface queue}  -> wl_surface#14.commit()
[12:31:16.771023] {mesa egl surface queue}  -> wl_display#1.sync(new id wl_callback#43)
[12:31:16.771113] {Display Queue} wl_display#1.delete_id(43)
[12:31:16.793801] {mesa egl surface queue} wl_callback#43.done(7)
[12:31:16.793816] {mesa egl surface queue} wl_buffer#44.release()
[12:31:16.794583] {Default Queue}  -> xdg_toplevel#30.set_min_size(1400, 948)
[12:31:16.794589] {Default Queue}  -> xdg_toplevel#30.set_max_size(0, 0)
[12:31:16.794591] {Default Queue}  -> xdg_surface#29.set_window_geometry(45, 45, 1400, 948)
[12:31:16.794633] {mesa egl surface queue}  -> wl_surface#14.attach(wl_buffer#44, 0, 0)
[12:31:16.794636] {mesa egl surface queue}  -> wl_surface#14.damage(0, 0, 2147483647, 2147483647)
[12:31:16.794638] {mesa egl surface queue}  -> wl_surface#14.commit()
[12:31:16.794640] {mesa egl surface queue}  -> wl_display#1.sync(new id wl_callback#43)
[12:31:16.794744] {Display Queue} wl_display#1.delete_id(43)
[12:31:16.882355] {mesa egl surface queue} wl_callback#43.done(7)
[12:31:16.882372] {mesa egl surface queue} wl_buffer#40.release()
[12:31:16.883247] {Default Queue}  -> xdg_toplevel#30.set_min_size(1400, 948)
[12:31:16.883260] {Default Queue}  -> xdg_toplevel#30.set_max_size(0, 0)
[12:31:16.883262] {Default Queue}  -> xdg_surface#29.set_window_geometry(45, 45, 1400, 948)
[12:31:16.883308] {mesa egl surface queue}  -> wl_surface#14.attach(wl_buffer#40, 0, 0)
[12:31:16.883311] {mesa egl surface queue}  -> wl_surface#14.damage(0, 0, 2147483647, 2147483647)
[12:31:16.883313] {mesa egl surface queue}  -> wl_surface#14.commit()
[12:31:16.883315] {mesa egl surface queue}  -> wl_display#1.sync(new id wl_callback#43)
[12:31:16.883431] {Display Queue} wl_display#1.delete_id(43)
[12:31:16.978777] {mesa egl surface queue} wl_callback#43.done(7)
[12:31:16.978796] {mesa egl surface queue} wl_buffer#44.release()
[12:31:16.979686] {Default Queue}  -> xdg_toplevel#30.set_min_size(1400, 948)
[12:31:16.979693] {Default Queue}  -> xdg_toplevel#30.set_max_size(0, 0)
[12:31:16.979695] {Default Queue}  -> xdg_surface#29.set_window_geometry(45, 45, 1400, 948)
[12:31:16.979749] {mesa egl surface queue}  -> wl_surface#14.attach(wl_buffer#44, 0, 0)
[12:31:16.979753] {mesa egl surface queue}  -> wl_surface#14.damage(0, 0, 2147483647, 2147483647)
[12:31:16.979755] {mesa egl surface queue}  -> wl_surface#14.commit()
[12:31:16.979756] {mesa egl surface queue}  -> wl_display#1.sync(new id wl_callback#43)
[12:31:16.979868] {Display Queue} wl_display#1.delete_id(43)
[12:31:17.044261] {mesa egl surface queue} wl_callback#43.done(7)
[12:31:17.044279] {mesa egl surface queue} wl_buffer#40.release()
[12:31:17.045081] {Default Queue}  -> xdg_toplevel#30.set_min_size(1400, 948)
[12:31:17.045087] {Default Queue}  -> xdg_toplevel#30.set_max_size(0, 0)
[12:31:17.045089] {Default Queue}  -> xdg_surface#29.set_window_geometry(45, 45, 1400, 948)
[12:31:17.045137] {mesa egl surface queue}  -> wl_surface#14.attach(wl_buffer#40, 0, 0)
[12:31:17.045140] {mesa egl surface queue}  -> wl_surface#14.damage(0, 0, 2147483647, 2147483647)
[12:31:17.045142] {mesa egl surface queue}  -> wl_surface#14.commit()
[12:31:17.045144] {mesa egl surface queue}  -> wl_display#1.sync(new id wl_callback#43)
[12:31:17.045217] {Display Queue} wl_display#1.delete_id(43)
[12:31:17.092009] {mesa egl surface queue} wl_callback#43.done(7)
[12:31:17.092026] {mesa egl surface queue} wl_buffer#44.release()
[12:31:17.092821] {Default Queue}  -> xdg_toplevel#30.set_min_size(1400, 948)
[12:31:17.092829] {Default Queue}  -> xdg_toplevel#30.set_max_size(0, 0)
[12:31:17.092831] {Default Queue}  -> xdg_surface#29.set_window_geometry(45, 45, 1400, 948)
[12:31:17.092877] {mesa egl surface queue}  -> wl_surface#14.attach(wl_buffer#44, 0, 0)
[12:31:17.092880] {mesa egl surface queue}  -> wl_surface#14.damage(0, 0, 2147483647, 2147483647)
[12:31:17.092882] {mesa egl surface queue}  -> wl_surface#14.commit()
[12:31:17.092884] {mesa egl surface queue}  -> wl_display#1.sync(new id wl_callback#43)
[12:31:17.092960] {Display Queue} wl_display#1.delete_id(43)
[12:31:17.188834] {mesa egl surface queue} wl_callback#43.done(7)
[12:31:17.188852] {mesa egl surface queue} wl_buffer#40.release()
[12:31:17.189496] {Default Queue}  -> xdg_toplevel#30.set_min_size(1400, 948)
[12:31:17.189503] {Default Queue}  -> xdg_toplevel#30.set_max_size(0, 0)
[12:31:17.189505] {Default Queue}  -> xdg_surface#29.set_window_geometry(45, 45, 1400, 948)
[12:31:17.189558] {mesa egl surface queue}  -> wl_surface#14.attach(wl_buffer#40, 0, 0)
[12:31:17.189561] {mesa egl surface queue}  -> wl_surface#14.damage(0, 0, 2147483647, 2147483647)
[12:31:17.189563] {mesa egl surface queue}  -> wl_surface#14.commit()
[12:31:17.189565] {mesa egl surface queue}  -> wl_display#1.sync(new id wl_callback#43)
[12:31:17.189649] {Display Queue} wl_display#1.delete_id(43)
[12:31:17.303229] {mesa egl surface queue} wl_callback#43.done(7)
[12:31:17.303251] {mesa egl surface queue} wl_buffer#44.release()
[12:31:17.304340] {Default Queue}  -> xdg_toplevel#30.set_min_size(1400, 948)
[12:31:17.304352] {Default Queue}  -> xdg_toplevel#30.set_max_size(0, 0)
[12:31:17.304360] {Default Queue}  -> xdg_surface#29.set_window_geometry(45, 45, 1400, 948)
[12:31:17.304415] {mesa egl surface queue}  -> wl_surface#14.attach(wl_buffer#44, 0, 0)
[12:31:17.304419] {mesa egl surface queue}  -> wl_surface#14.damage(0, 0, 2147483647, 2147483647)
[12:31:17.304421] {mesa egl surface queue}  -> wl_surface#14.commit()
[12:31:17.304423] {mesa egl surface queue}  -> wl_display#1.sync(new id wl_callback#43)
[12:31:17.304497] {Display Queue} wl_display#1.delete_id(43)
[12:31:17.398401] {mesa egl surface queue} wl_callback#43.done(7)
[12:31:17.398418] {mesa egl surface queue} wl_buffer#40.release()
[12:31:17.399285] {Default Queue}  -> xdg_toplevel#30.set_min_size(1400, 948)
[12:31:17.399294] {Default Queue}  -> xdg_toplevel#30.set_max_size(0, 0)
[12:31:17.399297] {Default Queue}  -> xdg_surface#29.set_window_geometry(45, 45, 1400, 948)
[12:31:17.399354] {mesa egl surface queue}  -> wl_surface#14.attach(wl_buffer#40, 0, 0)
[12:31:17.399357] {mesa egl surface queue}  -> wl_surface#14.damage(0, 0, 2147483647, 2147483647)
[12:31:17.399359] {mesa egl surface queue}  -> wl_surface#14.commit()
[12:31:17.399362] {mesa egl surface queue}  -> wl_display#1.sync(new id wl_callback#43)
[12:31:17.399435] {Display Queue} wl_display#1.delete_id(43)
[12:31:17.511159] {mesa egl surface queue} wl_callback#43.done(7)
[12:31:17.511177] {mesa egl surface queue} wl_buffer#44.release()
[12:31:17.512049] {Default Queue}  -> xdg_toplevel#30.set_min_size(1400, 948)
[12:31:17.512058] {Default Queue}  -> xdg_toplevel#30.set_max_size(0, 0)
[12:31:17.512060] {Default Queue}  -> xdg_surface#29.set_window_geometry(45, 45, 1400, 948)
[12:31:17.512106] {mesa egl surface queue}  -> wl_surface#14.attach(wl_buffer#44, 0, 0)
[12:31:17.512109] {mesa egl surface queue}  -> wl_surface#14.damage(0, 0, 2147483647, 2147483647)
[12:31:17.512111] {mesa egl surface queue}  -> wl_surface#14.commit()
[12:31:17.512113] {mesa egl surface queue}  -> wl_display#1.sync(new id wl_callback#43)
[12:31:17.512218] {Display Queue} wl_display#1.delete_id(43)
[12:31:17.544227] {mesa egl surface queue} wl_callback#43.done(7)
[12:31:17.544243] {mesa egl surface queue} wl_buffer#40.release()
[12:31:17.545090] {Default Queue}  -> xdg_toplevel#30.set_min_size(1400, 948)
[12:31:17.545098] {Default Queue}  -> xdg_toplevel#30.set_max_size(0, 0)
[12:31:17.545101] {Default Queue}  -> xdg_surface#29.set_window_geometry(45, 45, 1400, 948)
[12:31:17.545150] {mesa egl surface queue}  -> wl_surface#14.attach(wl_buffer#40, 0, 0)
[12:31:17.545153] {mesa egl surface queue}  -> wl_surface#14.damage(0, 0, 2147483647, 2147483647)
[12:31:17.545155] {mesa egl surface queue}  -> wl_surface#14.commit()
[12:31:17.545157] {mesa egl surface queue}  -> wl_display#1.sync(new id wl_callback#43)
[12:31:17.545229] {Display Queue} wl_display#1.delete_id(43)
[12:31:17.608271] {mesa egl surface queue} wl_callback#43.done(7)
[12:31:17.608289] {mesa egl surface queue} wl_buffer#44.release()
[12:31:17.609155] {Default Queue}  -> xdg_toplevel#30.set_min_size(1400, 948)
[12:31:17.609164] {Default Queue}  -> xdg_toplevel#30.set_max_size(0, 0)
[12:31:17.609166] {Default Queue}  -> xdg_surface#29.set_window_geometry(45, 45, 1400, 948)
[12:31:17.609215] {mesa egl surface queue}  -> wl_surface#14.attach(wl_buffer#44, 0, 0)
[12:31:17.609218] {mesa egl surface queue}  -> wl_surface#14.damage(0, 0, 2147483647, 2147483647)
[12:31:17.609220] {mesa egl surface queue}  -> wl_surface#14.commit()
[12:31:17.609222] {mesa egl surface queue}  -> wl_display#1.sync(new id wl_callback#43)
[12:31:17.609285] {Display Queue} wl_display#1.delete_id(43)
[12:31:17.704891] {mesa egl surface queue} wl_callback#43.done(7)
[12:31:17.704908] {mesa egl surface queue} wl_buffer#40.release()
[12:31:17.705802] {Default Queue}  -> xdg_toplevel#30.set_min_size(1400, 948)
[12:31:17.705811] {Default Queue}  -> xdg_toplevel#30.set_max_size(0, 0)
[12:31:17.705813] {Default Queue}  -> xdg_surface#29.set_window_geometry(45, 45, 1400, 948)
[12:31:17.705866] {mesa egl surface queue}  -> wl_surface#14.attach(wl_buffer#40, 0, 0)
[12:31:17.705869] {mesa egl surface queue}  -> wl_surface#14.damage(0, 0, 2147483647, 2147483647)
[12:31:17.705876] {mesa egl surface queue}  -> wl_surface#14.commit()
[12:31:17.705885] {mesa egl surface queue}  -> wl_display#1.sync(new id wl_callback#43)
[12:31:17.705970] {Display Queue} wl_display#1.delete_id(43)
[12:31:17.802340] {mesa egl surface queue} wl_callback#43.done(7)
[12:31:17.802362] {mesa egl surface queue} wl_buffer#44.release()
[12:31:17.803465] {Default Queue}  -> xdg_toplevel#30.set_min_size(1400, 948)
[12:31:17.803477] {Default Queue}  -> xdg_toplevel#30.set_max_size(0, 0)
[12:31:17.803479] {Default Queue}  -> xdg_surface#29.set_window_geometry(45, 45, 1400, 948)
[12:31:17.803529] {mesa egl surface queue}  -> wl_surface#14.attach(wl_buffer#44, 0, 0)
[12:31:17.803532] {mesa egl surface queue}  -> wl_surface#14.damage(0, 0, 2147483647, 2147483647)
[12:31:17.803534] {mesa egl surface queue}  -> wl_surface#14.commit()
[12:31:17.803536] {mesa egl surface queue}  -> wl_display#1.sync(new id wl_callback#43)
[12:31:17.803684] {Display Queue} wl_display#1.delete_id(43)
[12:31:17.817195] {mesa egl surface queue} wl_callback#43.done(7)
[12:31:17.817211] {mesa egl surface queue} wl_buffer#40.release()
[12:31:17.818070] {Default Queue}  -> xdg_toplevel#30.set_min_size(1400, 948)
[12:31:17.818078] {Default Queue}  -> xdg_toplevel#30.set_max_size(0, 0)
[12:31:17.818080] {Default Queue}  -> xdg_surface#29.set_window_geometry(45, 45, 1400, 948)
[12:31:17.818230] {mesa egl surface queue}  -> wl_surface#14.attach(wl_buffer#40, 0, 0)
[12:31:17.818233] {mesa egl surface queue}  -> wl_surface#14.damage(0, 0, 2147483647, 2147483647)
[12:31:17.818235] {mesa egl surface queue}  -> wl_surface#14.commit()
[12:31:17.818236] {mesa egl surface queue}  -> wl_display#1.sync(new id wl_callback#43)
[12:31:17.818308] {Display Queue} wl_display#1.delete_id(43)
[12:31:17.914091] {mesa egl surface queue} wl_callback#43.done(7)
[12:31:17.914109] {mesa egl surface queue} wl_buffer#44.release()
[12:31:17.915013] {Default Queue}  -> xdg_toplevel#30.set_min_size(1400, 948)
[12:31:17.915022] {Default Queue}  -> xdg_toplevel#30.set_max_size(0, 0)
[12:31:17.915024] {Default Queue}  -> xdg_surface#29.set_window_geometry(45, 45, 1400, 948)
[12:31:17.915071] {mesa egl surface queue}  -> wl_surface#14.attach(wl_buffer#44, 0, 0)
[12:31:17.915074] {mesa egl surface queue}  -> wl_surface#14.damage(0, 0, 2147483647, 2147483647)
[12:31:17.915076] {mesa egl surface queue}  -> wl_surface#14.commit()
[12:31:17.915078] {mesa egl surface queue}  -> wl_display#1.sync(new id wl_callback#43)
[12:31:17.915155] {Display Queue} wl_display#1.delete_id(43)
[12:31:18.026698] {mesa egl surface queue} wl_callback#43.done(7)
[12:31:18.026715] {mesa egl surface queue} wl_buffer#40.release()
[12:31:18.027590] {Default Queue}  -> xdg_toplevel#30.set_min_size(1400, 948)
[12:31:18.027598] {Default Queue}  -> xdg_toplevel#30.set_max_size(0, 0)
[12:31:18.027600] {Default Queue}  -> xdg_surface#29.set_window_geometry(45, 45, 1400, 948)
[12:31:18.027644] {mesa egl surface queue}  -> wl_surface#14.attach(wl_buffer#40, 0, 0)
[12:31:18.027647] {mesa egl surface queue}  -> wl_surface#14.damage(0, 0, 2147483647, 2147483647)
[12:31:18.027649] {mesa egl surface queue}  -> wl_surface#14.commit()
[12:31:18.027651] {mesa egl surface queue}  -> wl_display#1.sync(new id wl_callback#43)
[12:31:18.027716] {Display Queue} wl_display#1.delete_id(43)
[12:31:18.059805] {mesa egl surface queue} wl_callback#43.done(7)
[12:31:18.059822] {mesa egl surface queue} wl_buffer#44.release()
[12:31:18.060661] {Default Queue}  -> xdg_toplevel#30.set_min_size(1400, 948)
[12:31:18.060669] {Default Queue}  -> xdg_toplevel#30.set_max_size(0, 0)
[12:31:18.060671] {Default Queue}  -> xdg_surface#29.set_window_geometry(45, 45, 1400, 948)
[12:31:18.060718] {mesa egl surface queue}  -> wl_surface#14.attach(wl_buffer#44, 0, 0)
[12:31:18.060721] {mesa egl surface queue}  -> wl_surface#14.damage(0, 0, 2147483647, 2147483647)
[12:31:18.060723] {mesa egl surface queue}  -> wl_surface#14.commit()
[12:31:18.060725] {mesa egl surface queue}  -> wl_display#1.sync(new id wl_callback#43)
[12:31:18.060806] {Display Queue} wl_display#1.delete_id(43)
[12:31:18.123190] {mesa egl surface queue} wl_callback#43.done(7)
[12:31:18.123207] {mesa egl surface queue} wl_buffer#40.release()
[12:31:18.124059] {Default Queue}  -> xdg_toplevel#30.set_min_size(1400, 948)
[12:31:18.124067] {Default Queue}  -> xdg_toplevel#30.set_max_size(0, 0)
[12:31:18.124069] {Default Queue}  -> xdg_surface#29.set_window_geometry(45, 45, 1400, 948)
[12:31:18.124116] {mesa egl surface queue}  -> wl_surface#14.attach(wl_buffer#40, 0, 0)
[12:31:18.124119] {mesa egl surface queue}  -> wl_surface#14.damage(0, 0, 2147483647, 2147483647)
[12:31:18.124121] {mesa egl surface queue}  -> wl_surface#14.commit()
[12:31:18.124123] {mesa egl surface queue}  -> wl_display#1.sync(new id wl_callback#43)
[12:31:18.124193] {Display Queue} wl_display#1.delete_id(43)
[12:31:18.236406] {mesa egl surface queue} wl_callback#43.done(7)
[12:31:18.236423] {mesa egl surface queue} wl_buffer#44.release()
[12:31:18.237255] {Default Queue}  -> xdg_toplevel#30.set_min_size(1400, 948)
[12:31:18.237263] {Default Queue}  -> xdg_toplevel#30.set_max_size(0, 0)
[12:31:18.237265] {Default Queue}  -> xdg_surface#29.set_window_geometry(45, 45, 1400, 948)
[12:31:18.237309] {mesa egl surface queue}  -> wl_surface#14.attach(wl_buffer#44, 0, 0)
[12:31:18.237312] {mesa egl surface queue}  -> wl_surface#14.damage(0, 0, 2147483647, 2147483647)
[12:31:18.237314] {mesa egl surface queue}  -> wl_surface#14.commit()
[12:31:18.237316] {mesa egl surface queue}  -> wl_display#1.sync(new id wl_callback#43)
[12:31:18.237418] {Display Queue} wl_display#1.delete_id(43)
[12:31:18.301829] {mesa egl surface queue} wl_callback#43.done(7)
[12:31:18.301845] {mesa egl surface queue} wl_buffer#40.release()
[12:31:18.302764] {Default Queue}  -> xdg_toplevel#30.set_min_size(1400, 948)
[12:31:18.302774] {Default Queue}  -> xdg_toplevel#30.set_max_size(0, 0)
[12:31:18.302777] {Default Queue}  -> xdg_surface#29.set_window_geometry(45, 45, 1400, 948)
[12:31:18.302825] {mesa egl surface queue}  -> wl_surface#14.attach(wl_buffer#40, 0, 0)
[12:31:18.302828] {mesa egl surface queue}  -> wl_surface#14.damage(0, 0, 2147483647, 2147483647)
[12:31:18.302830] {mesa egl surface queue}  -> wl_surface#14.commit()
[12:31:18.302832] {mesa egl surface queue}  -> wl_display#1.sync(new id wl_callback#43)
[12:31:18.302908] {Display Queue} wl_display#1.delete_id(43)
[12:31:18.333294] {mesa egl surface queue} wl_callback#43.done(7)
[12:31:18.333309] {mesa egl surface queue} wl_buffer#44.release()
[12:31:18.334166] {Default Queue}  -> xdg_toplevel#30.set_min_size(1400, 948)
[12:31:18.334175] {Default Queue}  -> xdg_toplevel#30.set_max_size(0, 0)
[12:31:18.334177] {Default Queue}  -> xdg_surface#29.set_window_geometry(45, 45, 1400, 948)
[12:31:18.334224] {mesa egl surface queue}  -> wl_surface#14.attach(wl_buffer#44, 0, 0)
[12:31:18.334226] {mesa egl surface queue}  -> wl_surface#14.damage(0, 0, 2147483647, 2147483647)
[12:31:18.334228] {mesa egl surface queue}  -> wl_surface#14.commit()
[12:31:18.334230] {mesa egl surface queue}  -> wl_display#1.sync(new id wl_callback#43)
[12:31:18.334332] {Display Queue} wl_display#1.delete_id(43)
[12:31:18.445456] {mesa egl surface queue} wl_callback#43.done(7)
[12:31:18.445472] {mesa egl surface queue} wl_buffer#40.release()
[12:31:18.446277] {Default Queue}  -> xdg_toplevel#30.set_min_size(1400, 948)
[12:31:18.446284] {Default Queue}  -> xdg_toplevel#30.set_max_size(0, 0)
[12:31:18.446286] {Default Queue}  -> xdg_surface#29.set_window_geometry(45, 45, 1400, 948)
[12:31:18.446332] {mesa egl surface queue}  -> wl_surface#14.attach(wl_buffer#40, 0, 0)
[12:31:18.446334] {mesa egl surface queue}  -> wl_surface#14.damage(0, 0, 2147483647, 2147483647)
[12:31:18.446336] {mesa egl surface queue}  -> wl_surface#14.commit()
[12:31:18.446338] {mesa egl surface queue}  -> wl_display#1.sync(new id wl_callback#43)
[12:31:18.446441] {Display Queue} wl_display#1.delete_id(43)
[12:31:18.541998] {mesa egl surface queue} wl_callback#43.done(7)
[12:31:18.542014] {mesa egl surface queue} wl_buffer#44.release()
[12:31:18.542858] {Default Queue}  -> xdg_toplevel#30.set_min_size(1400, 948)
[12:31:18.542872] {Default Queue}  -> xdg_toplevel#30.set_max_size(0, 0)
[12:31:18.542874] {Default Queue}  -> xdg_surface#29.set_window_geometry(45, 45, 1400, 948)
[12:31:18.542920] {mesa egl surface queue}  -> wl_surface#14.attach(wl_buffer#44, 0, 0)
[12:31:18.542922] {mesa egl surface queue}  -> wl_surface#14.damage(0, 0, 2147483647, 2147483647)
[12:31:18.542924] {mesa egl surface queue}  -> wl_surface#14.commit()
[12:31:18.542926] {mesa egl surface queue}  -> wl_display#1.sync(new id wl_callback#43)
[12:31:18.543027] {Display Queue} wl_display#1.delete_id(43)
[12:31:18.560970] {mesa egl surface queue} wl_callback#43.done(7)
[12:31:18.560986] {mesa egl surface queue} wl_buffer#40.release()
[12:31:18.561781] {Default Queue}  -> xdg_toplevel#30.set_min_size(1400, 948)
[12:31:18.561789] {Default Queue}  -> xdg_toplevel#30.set_max_size(0, 0)
[12:31:18.561791] {Default Queue}  -> xdg_surface#29.set_window_geometry(45, 45, 1400, 948)
[12:31:18.561832] {mesa egl surface queue}  -> wl_surface#14.attach(wl_buffer#40, 0, 0)
[12:31:18.561834] {mesa egl surface queue}  -> wl_surface#14.damage(0, 0, 2147483647, 2147483647)
[12:31:18.561837] {mesa egl surface queue}  -> wl_surface#14.commit()
[12:31:18.561839] {mesa egl surface queue}  -> wl_display#1.sync(new id wl_callback#43)
[12:31:18.561898] {Display Queue} wl_display#1.delete_id(43)
[12:31:18.654513] {mesa egl surface queue} wl_callback#43.done(7)
[12:31:18.654530] {mesa egl surface queue} wl_buffer#44.release()
[12:31:18.655366] {Default Queue}  -> xdg_toplevel#30.set_min_size(1400, 948)
[12:31:18.655374] {Default Queue}  -> xdg_toplevel#30.set_max_size(0, 0)
[12:31:18.655377] {Default Queue}  -> xdg_surface#29.set_window_geometry(45, 45, 1400, 948)
[12:31:18.655420] {mesa egl surface queue}  -> wl_surface#14.attach(wl_buffer#44, 0, 0)
[12:31:18.655423] {mesa egl surface queue}  -> wl_surface#14.damage(0, 0, 2147483647, 2147483647)
[12:31:18.655425] {mesa egl surface queue}  -> wl_surface#14.commit()
[12:31:18.655427] {mesa egl surface queue}  -> wl_display#1.sync(new id wl_callback#43)
[12:31:18.655528] {Display Queue} wl_display#1.delete_id(43)
[12:31:18.751110] {mesa egl surface queue} wl_callback#43.done(7)
[12:31:18.751128] {mesa egl surface queue} wl_buffer#40.release()
[12:31:18.752045] {Default Queue}  -> xdg_toplevel#30.set_min_size(1400, 948)
[12:31:18.752054] {Default Queue}  -> xdg_toplevel#30.set_max_size(0, 0)
[12:31:18.752056] {Default Queue}  -> xdg_surface#29.set_window_geometry(45, 45, 1400, 948)
[12:31:18.752103] {mesa egl surface queue}  -> wl_surface#14.attach(wl_buffer#40, 0, 0)
[12:31:18.752105] {mesa egl surface queue}  -> wl_surface#14.damage(0, 0, 2147483647, 2147483647)
[12:31:18.752108] {mesa egl surface queue}  -> wl_surface#14.commit()
[12:31:18.752109] {mesa egl surface queue}  -> wl_display#1.sync(new id wl_callback#43)
[12:31:18.752192] {Display Queue} wl_display#1.delete_id(43)
[12:31:18.816456] {mesa egl surface queue} wl_callback#43.done(7)
[12:31:18.816473] {mesa egl surface queue} wl_buffer#44.release()
[12:31:18.817334] {Default Queue}  -> xdg_toplevel#30.set_min_size(1400, 948)
[12:31:18.817342] {Default Queue}  -> xdg_toplevel#30.set_max_size(0, 0)
[12:31:18.817344] {Default Queue}  -> xdg_surface#29.set_window_geometry(45, 45, 1400, 948)
[12:31:18.817392] {mesa egl surface queue}  -> wl_surface#14.attach(wl_buffer#44, 0, 0)
[12:31:18.817394] {mesa egl surface queue}  -> wl_surface#14.damage(0, 0, 2147483647, 2147483647)
[12:31:18.817396] {mesa egl surface queue}  -> wl_surface#14.commit()
[12:31:18.817398] {mesa egl surface queue}  -> wl_display#1.sync(new id wl_callback#43)
[12:31:18.817475] {Display Queue} wl_display#1.delete_id(43)
[12:31:18.847805] {mesa egl surface queue} wl_callback#43.done(7)
[12:31:18.847816] {mesa egl surface queue} wl_buffer#40.release()
[12:31:18.848614] {Default Queue}  -> xdg_toplevel#30.set_min_size(1400, 948)
[12:31:18.848620] {Default Queue}  -> xdg_toplevel#30.set_max_size(0, 0)
[12:31:18.848627] {Default Queue}  -> xdg_surface#29.set_window_geometry(45, 45, 1400, 948)
[12:31:18.848677] {mesa egl surface queue}  -> wl_surface#14.attach(wl_buffer#40, 0, 0)
[12:31:18.848680] {mesa egl surface queue}  -> wl_surface#14.damage(0, 0, 2147483647, 2147483647)
[12:31:18.848682] {mesa egl surface queue}  -> wl_surface#14.commit()
[12:31:18.848684] {mesa egl surface queue}  -> wl_display#1.sync(new id wl_callback#43)
[12:31:18.848782] {Display Queue} wl_display#1.delete_id(43)
[12:31:18.960770] {mesa egl surface queue} wl_callback#43.done(7)
[12:31:18.960788] {mesa egl surface queue} wl_buffer#44.release()
[12:31:18.961663] {Default Queue}  -> xdg_toplevel#30.set_min_size(1400, 948)
[12:31:18.961671] {Default Queue}  -> xdg_toplevel#30.set_max_size(0, 0)
[12:31:18.961673] {Default Queue}  -> xdg_surface#29.set_window_geometry(45, 45, 1400, 948)
[12:31:18.961720] {mesa egl surface queue}  -> wl_surface#14.attach(wl_buffer#44, 0, 0)
[12:31:18.961722] {mesa egl surface queue}  -> wl_surface#14.damage(0, 0, 2147483647, 2147483647)
[12:31:18.961724] {mesa egl surface queue}  -> wl_surface#14.commit()
[12:31:18.961726] {mesa egl surface queue}  -> wl_display#1.sync(new id wl_callback#43)
[12:31:18.961815] {Display Queue} wl_display#1.delete_id(43)
[12:31:19.058534] {mesa egl surface queue} wl_callback#43.done(7)
[12:31:19.058551] {mesa egl surface queue} wl_buffer#40.release()
[12:31:19.059555] {Default Queue}  -> xdg_toplevel#30.set_min_size(1400, 948)
[12:31:19.059566] {Default Queue}  -> xdg_toplevel#30.set_max_size(0, 0)
[12:31:19.059568] {Default Queue}  -> xdg_surface#29.set_window_geometry(45, 45, 1400, 948)
[12:31:19.059617] {mesa egl surface queue}  -> wl_surface#14.attach(wl_buffer#40, 0, 0)
[12:31:19.059620] {mesa egl surface queue}  -> wl_surface#14.damage(0, 0, 2147483647, 2147483647)
[12:31:19.059622] {mesa egl surface queue}  -> wl_surface#14.commit()
[12:31:19.059624] {mesa egl surface queue}  -> wl_display#1.sync(new id wl_callback#43)
[12:31:19.059700] {Display Queue} wl_display#1.delete_id(43)
[12:31:19.170379] {mesa egl surface queue} wl_callback#43.done(7)
[12:31:19.170396] {mesa egl surface queue} wl_buffer#44.release()
[12:31:19.171281] {Default Queue}  -> xdg_toplevel#30.set_min_size(1400, 948)
[12:31:19.171290] {Default Queue}  -> xdg_toplevel#30.set_max_size(0, 0)
[12:31:19.171292] {Default Queue}  -> xdg_surface#29.set_window_geometry(45, 45, 1400, 948)
[12:31:19.171339] {mesa egl surface queue}  -> wl_surface#14.attach(wl_buffer#44, 0, 0)
[12:31:19.171341] {mesa egl surface queue}  -> wl_surface#14.damage(0, 0, 2147483647, 2147483647)
[12:31:19.171343] {mesa egl surface queue}  -> wl_surface#14.commit()
[12:31:19.171345] {mesa egl surface queue}  -> wl_display#1.sync(new id wl_callback#43)
[12:31:19.171435] {Display Queue} wl_display#1.delete_id(43)
[12:31:19.267364] {mesa egl surface queue} wl_callback#43.done(7)
[12:31:19.267381] {mesa egl surface queue} wl_buffer#40.release()
[12:31:19.268201] {Default Queue}  -> xdg_toplevel#30.set_min_size(1400, 948)
[12:31:19.268208] {Default Queue}  -> xdg_toplevel#30.set_max_size(0, 0)
[12:31:19.268210] {Default Queue}  -> xdg_surface#29.set_window_geometry(45, 45, 1400, 948)
[12:31:19.268258] {mesa egl surface queue}  -> wl_surface#14.attach(wl_buffer#40, 0, 0)
[12:31:19.268261] {mesa egl surface queue}  -> wl_surface#14.damage(0, 0, 2147483647, 2147483647)
[12:31:19.268263] {mesa egl surface queue}  -> wl_surface#14.commit()
[12:31:19.268265] {mesa egl surface queue}  -> wl_display#1.sync(new id wl_callback#43)
[12:31:19.268351] {Display Queue} wl_display#1.delete_id(43)
[12:31:19.316912] {mesa egl surface queue} wl_callback#43.done(7)
[12:31:19.316929] {mesa egl surface queue} wl_buffer#44.release()
[12:31:19.317803] {Default Queue}  -> xdg_toplevel#30.set_min_size(1400, 948)
[12:31:19.317810] {Default Queue}  -> xdg_toplevel#30.set_max_size(0, 0)
[12:31:19.317813] {Default Queue}  -> xdg_surface#29.set_window_geometry(45, 45, 1400, 948)
[12:31:19.317858] {mesa egl surface queue}  -> wl_surface#14.attach(wl_buffer#44, 0, 0)
[12:31:19.317862] {mesa egl surface queue}  -> wl_surface#14.damage(0, 0, 2147483647, 2147483647)
[12:31:19.317868] {mesa egl surface queue}  -> wl_surface#14.commit()
[12:31:19.317884] {mesa egl surface queue}  -> wl_display#1.sync(new id wl_callback#43)
[12:31:19.317977] {Display Queue} wl_display#1.delete_id(43)
[12:31:19.380771] {mesa egl surface queue} wl_callback#43.done(7)
[12:31:19.380788] {mesa egl surface queue} wl_buffer#40.release()
[12:31:19.381602] {Default Queue}  -> xdg_toplevel#30.set_min_size(1400, 948)
[12:31:19.381609] {Default Queue}  -> xdg_toplevel#30.set_max_size(0, 0)
[12:31:19.381612] {Default Queue}  -> xdg_surface#29.set_window_geometry(45, 45, 1400, 948)
[12:31:19.381658] {mesa egl surface queue}  -> wl_surface#14.attach(wl_buffer#40, 0, 0)
[12:31:19.381661] {mesa egl surface queue}  -> wl_surface#14.damage(0, 0, 2147483647, 2147483647)
[12:31:19.381663] {mesa egl surface queue}  -> wl_surface#14.commit()
[12:31:19.381665] {mesa egl surface queue}  -> wl_display#1.sync(new id wl_callback#43)
[12:31:19.381775] {Display Queue} wl_display#1.delete_id(43)
[12:31:19.477273] {mesa egl surface queue} wl_callback#43.done(7)
[12:31:19.477292] {mesa egl surface queue} wl_buffer#44.release()
[12:31:19.478575] {Default Queue}  -> xdg_toplevel#30.set_min_size(1400, 948)
[12:31:19.478586] {Default Queue}  -> xdg_toplevel#30.set_max_size(0, 0)
[12:31:19.478589] {Default Queue}  -> xdg_surface#29.set_window_geometry(45, 45, 1400, 948)
[12:31:19.478637] {mesa egl surface queue}  -> wl_surface#14.attach(wl_buffer#44, 0, 0)
[12:31:19.478640] {mesa egl surface queue}  -> wl_surface#14.damage(0, 0, 2147483647, 2147483647)
[12:31:19.478642] {mesa egl surface queue}  -> wl_surface#14.commit()
[12:31:19.478644] {mesa egl surface queue}  -> wl_display#1.sync(new id wl_callback#43)
[12:31:19.478727] {Display Queue} wl_display#1.delete_id(43)
[12:31:19.559120] {mesa egl surface queue} wl_callback#43.done(7)
[12:31:19.559136] {mesa egl surface queue} wl_buffer#40.release()
[12:31:19.559986] {Default Queue}  -> xdg_toplevel#30.set_min_size(1400, 948)
[12:31:19.559995] {Default Queue}  -> xdg_toplevel#30.set_max_size(0, 0)
[12:31:19.559997] {Default Queue}  -> xdg_surface#29.set_window_geometry(45, 45, 1400, 948)
[12:31:19.560044] {mesa egl surface queue}  -> wl_surface#14.attach(wl_buffer#40, 0, 0)
[12:31:19.560047] {mesa egl surface queue}  -> wl_surface#14.damage(0, 0, 2147483647, 2147483647)
[12:31:19.560049] {mesa egl surface queue}  -> wl_surface#14.commit()
[12:31:19.560051] {mesa egl surface queue}  -> wl_display#1.sync(new id wl_callback#43)
[12:31:19.560144] {Display Queue} wl_display#1.delete_id(43)
[12:31:19.590681] {mesa egl surface queue} wl_callback#43.done(7)
[12:31:19.590695] {mesa egl surface queue} wl_buffer#44.release()
[12:31:19.591465] {Default Queue}  -> xdg_toplevel#30.set_min_size(1400, 948)
[12:31:19.591472] {Default Queue}  -> xdg_toplevel#30.set_max_size(0, 0)
[12:31:19.591475] {Default Queue}  -> xdg_surface#29.set_window_geometry(45, 45, 1400, 948)
[12:31:19.591518] {mesa egl surface queue}  -> wl_surface#14.attach(wl_buffer#44, 0, 0)
[12:31:19.591521] {mesa egl surface queue}  -> wl_surface#14.damage(0, 0, 2147483647, 2147483647)
[12:31:19.591523] {mesa egl surface queue}  -> wl_surface#14.commit()
[12:31:19.591525] {mesa egl surface queue}  -> wl_display#1.sync(new id wl_callback#43)
[12:31:19.591623] {Display Queue} wl_display#1.delete_id(43)
[12:31:19.687611] {mesa egl surface queue} wl_callback#43.done(7)
[12:31:19.687629] {mesa egl surface queue} wl_buffer#40.release()
[12:31:19.688460] {Default Queue}  -> xdg_toplevel#30.set_min_size(1400, 948)
[12:31:19.688468] {Default Queue}  -> xdg_toplevel#30.set_max_size(0, 0)
[12:31:19.688470] {Default Queue}  -> xdg_surface#29.set_window_geometry(45, 45, 1400, 948)
[12:31:19.688518] {mesa egl surface queue}  -> wl_surface#14.attach(wl_buffer#40, 0, 0)
[12:31:19.688521] {mesa egl surface queue}  -> wl_surface#14.damage(0, 0, 2147483647, 2147483647)
[12:31:19.688523] {mesa egl surface queue}  -> wl_surface#14.commit()
[12:31:19.688525] {mesa egl surface queue}  -> wl_display#1.sync(new id wl_callback#43)
[12:31:19.688632] {Display Queue} wl_display#1.delete_id(43)
[12:31:19.783922] {mesa egl surface queue} wl_callback#43.done(7)
[12:31:19.783939] {mesa egl surface queue} wl_buffer#44.release()
[12:31:19.784773] {Default Queue}  -> xdg_toplevel#30.set_min_size(1400, 948)
[12:31:19.784781] {Default Queue}  -> xdg_toplevel#30.set_max_size(0, 0)
[12:31:19.784783] {Default Queue}  -> xdg_surface#29.set_window_geometry(45, 45, 1400, 948)
[12:31:19.784828] {mesa egl surface queue}  -> wl_surface#14.attach(wl_buffer#44, 0, 0)
[12:31:19.784830] {mesa egl surface queue}  -> wl_surface#14.damage(0, 0, 2147483647, 2147483647)
[12:31:19.784832] {mesa egl surface queue}  -> wl_surface#14.commit()
[12:31:19.784834] {mesa egl surface queue}  -> wl_display#1.sync(new id wl_callback#43)
[12:31:19.784906] {Display Queue} wl_display#1.delete_id(43)
[12:31:19.817375] {mesa egl surface queue} wl_callback#43.done(7)
[12:31:19.817399] {mesa egl surface queue} wl_buffer#40.release()
[12:31:19.818315] {Default Queue}  -> xdg_toplevel#30.set_min_size(1400, 948)
[12:31:19.818330] {Default Queue}  -> xdg_toplevel#30.set_max_size(0, 0)
[12:31:19.818333] {Default Queue}  -> xdg_surface#29.set_window_geometry(45, 45, 1400, 948)
[12:31:19.818382] {mesa egl surface queue}  -> wl_surface#14.attach(wl_buffer#40, 0, 0)
[12:31:19.818385] {mesa egl surface queue}  -> wl_surface#14.damage(0, 0, 2147483647, 2147483647)
[12:31:19.818387] {mesa egl surface queue}  -> wl_surface#14.commit()
[12:31:19.818389] {mesa egl surface queue}  -> wl_display#1.sync(new id wl_callback#43)
[12:31:19.818451] {Display Queue} wl_display#1.delete_id(43)
[12:31:19.897441] {mesa egl surface queue} wl_callback#43.done(7)
[12:31:19.897457] {mesa egl surface queue} wl_buffer#44.release()
[12:31:19.898327] {Default Queue}  -> xdg_toplevel#30.set_min_size(1400, 948)
[12:31:19.898335] {Default Queue}  -> xdg_toplevel#30.set_max_size(0, 0)
[12:31:19.898337] {Default Queue}  -> xdg_surface#29.set_window_geometry(45, 45, 1400, 948)
[12:31:19.898381] {mesa egl surface queue}  -> wl_surface#14.attach(wl_buffer#44, 0, 0)
[12:31:19.898384] {mesa egl surface queue}  -> wl_surface#14.damage(0, 0, 2147483647, 2147483647)
[12:31:19.898386] {mesa egl surface queue}  -> wl_surface#14.commit()
[12:31:19.898388] {mesa egl surface queue}  -> wl_display#1.sync(new id wl_callback#43)
[12:31:19.898461] {Display Queue} wl_display#1.delete_id(43)
[12:31:19.993577] {mesa egl surface queue} wl_callback#43.done(7)
[12:31:19.993593] {mesa egl surface queue} wl_buffer#40.release()
[12:31:19.994477] {Default Queue}  -> xdg_toplevel#30.set_min_size(1400, 948)
[12:31:19.994484] {Default Queue}  -> xdg_toplevel#30.set_max_size(0, 0)
[12:31:19.994486] {Default Queue}  -> xdg_surface#29.set_window_geometry(45, 45, 1400, 948)
[12:31:19.994530] {mesa egl surface queue}  -> wl_surface#14.attach(wl_buffer#40, 0, 0)
[12:31:19.994532] {mesa egl surface queue}  -> wl_surface#14.damage(0, 0, 2147483647, 2147483647)
[12:31:19.994534] {mesa egl surface queue}  -> wl_surface#14.commit()
[12:31:19.994536] {mesa egl surface queue}  -> wl_display#1.sync(new id wl_callback#43)
[12:31:19.994640] {Display Queue} wl_display#1.delete_id(43)
[12:31:20.075523] {mesa egl surface queue} wl_callback#43.done(7)
[12:31:20.075540] {mesa egl surface queue} wl_buffer#44.release()
[12:31:20.076367] {Default Queue}  -> xdg_toplevel#30.set_min_size(1400, 948)
[12:31:20.076374] {Default Queue}  -> xdg_toplevel#30.set_max_size(0, 0)
[12:31:20.076377] {Default Queue}  -> xdg_surface#29.set_window_geometry(45, 45, 1400, 948)
[12:31:20.076423] {mesa egl surface queue}  -> wl_surface#14.attach(wl_buffer#44, 0, 0)
[12:31:20.076427] {mesa egl surface queue}  -> wl_surface#14.damage(0, 0, 2147483647, 2147483647)
[12:31:20.076429] {mesa egl surface queue}  -> wl_surface#14.commit()
[12:31:20.076430] {mesa egl surface queue}  -> wl_display#1.sync(new id wl_callback#43)
[12:31:20.076533] {Display Queue} wl_display#1.delete_id(43)
[12:31:20.106895] {mesa egl surface queue} wl_callback#43.done(7)
[12:31:20.106913] {mesa egl surface queue} wl_buffer#40.release()
[12:31:20.107761] {Default Queue}  -> xdg_toplevel#30.set_min_size(1400, 948)
[12:31:20.107774] {Default Queue}  -> xdg_toplevel#30.set_max_size(0, 0)
[12:31:20.107776] {Default Queue}  -> xdg_surface#29.set_window_geometry(45, 45, 1400, 948)
[12:31:20.107824] {mesa egl surface queue}  -> wl_surface#14.attach(wl_buffer#40, 0, 0)
[12:31:20.107827] {mesa egl surface queue}  -> wl_surface#14.damage(0, 0, 2147483647, 2147483647)
[12:31:20.107829] {mesa egl surface queue}  -> wl_surface#14.commit()
[12:31:20.107831] {mesa egl surface queue}  -> wl_display#1.sync(new id wl_callback#43)
[12:31:20.107942] {Display Queue} wl_display#1.delete_id(43)
[12:31:20.203788] {mesa egl surface queue} wl_callback#43.done(7)
[12:31:20.203804] {mesa egl surface queue} wl_buffer#44.release()
[12:31:20.204636] {Default Queue}  -> xdg_toplevel#30.set_min_size(1400, 948)
[12:31:20.204644] {Default Queue}  -> xdg_toplevel#30.set_max_size(0, 0)
[12:31:20.204646] {Default Queue}  -> xdg_surface#29.set_window_geometry(45, 45, 1400, 948)
[12:31:20.204696] {mesa egl surface queue}  -> wl_surface#14.attach(wl_buffer#44, 0, 0)
[12:31:20.204701] {mesa egl surface queue}  -> wl_surface#14.damage(0, 0, 2147483647, 2147483647)
[12:31:20.204703] {mesa egl surface queue}  -> wl_surface#14.commit()
[12:31:20.204705] {mesa egl surface queue}  -> wl_display#1.sync(new id wl_callback#43)
[12:31:20.204786] {Display Queue} wl_display#1.delete_id(43)
[12:31:20.318275] {mesa egl surface queue} wl_callback#43.done(7)
[12:31:20.318293] {mesa egl surface queue} wl_buffer#40.release()
[12:31:20.319203] {Default Queue}  -> xdg_toplevel#30.set_min_size(1400, 948)
[12:31:20.319211] {Default Queue}  -> xdg_toplevel#30.set_max_size(0, 0)
[12:31:20.319214] {Default Queue}  -> xdg_surface#29.set_window_geometry(45, 45, 1400, 948)
[12:31:20.319264] {mesa egl surface queue}  -> wl_surface#14.attach(wl_buffer#40, 0, 0)
[12:31:20.319267] {mesa egl surface queue}  -> wl_surface#14.damage(0, 0, 2147483647, 2147483647)
[12:31:20.319269] {mesa egl surface queue}  -> wl_surface#14.commit()
[12:31:20.319271] {mesa egl surface queue}  -> wl_display#1.sync(new id wl_callback#43)
[12:31:20.319383] {Display Queue} wl_display#1.delete_id(43)
[12:31:20.412938] {mesa egl surface queue} wl_callback#43.done(7)
[12:31:20.412958] {mesa egl surface queue} wl_buffer#44.release()
[12:31:20.413824] {Default Queue}  -> xdg_toplevel#30.set_min_size(1400, 948)
[12:31:20.413832] {Default Queue}  -> xdg_toplevel#30.set_max_size(0, 0)
[12:31:20.413834] {Default Queue}  -> xdg_surface#29.set_window_geometry(45, 45, 1400, 948)
[12:31:20.413880] {mesa egl surface queue}  -> wl_surface#14.attach(wl_buffer#44, 0, 0)
[12:31:20.413883] {mesa egl surface queue}  -> wl_surface#14.damage(0, 0, 2147483647, 2147483647)
[12:31:20.413885] {mesa egl surface queue}  -> wl_surface#14.commit()
[12:31:20.413887] {mesa egl surface queue}  -> wl_display#1.sync(new id wl_callback#43)
[12:31:20.413963] {Display Queue} wl_display#1.delete_id(43)
[12:31:20.525915] {mesa egl surface queue} wl_callback#43.done(7)
[12:31:20.525932] {mesa egl surface queue} wl_buffer#40.release()
[12:31:20.526750] {Default Queue}  -> xdg_toplevel#30.set_min_size(1400, 948)
[12:31:20.526757] {Default Queue}  -> xdg_toplevel#30.set_max_size(0, 0)
[12:31:20.526759] {Default Queue}  -> xdg_surface#29.set_window_geometry(45, 45, 1400, 948)
[12:31:20.526804] {mesa egl surface queue}  -> wl_surface#14.attach(wl_buffer#40, 0, 0)
[12:31:20.526807] {mesa egl surface queue}  -> wl_surface#14.damage(0, 0, 2147483647, 2147483647)
[12:31:20.526809] {mesa egl surface queue}  -> wl_surface#14.commit()
[12:31:20.526811] {mesa egl surface queue}  -> wl_display#1.sync(new id wl_callback#43)
[12:31:20.526933] {Display Queue} wl_display#1.delete_id(43)
[12:31:20.575148] {mesa egl surface queue} wl_callback#43.done(7)
[12:31:20.575168] {mesa egl surface queue} wl_buffer#44.release()
[12:31:20.576366] {Default Queue}  -> xdg_toplevel#30.set_min_size(1400, 948)
[12:31:20.576378] {Default Queue}  -> xdg_toplevel#30.set_max_size(0, 0)
[12:31:20.576389] {Default Queue}  -> xdg_surface#29.set_window_geometry(45, 45, 1400, 948)
[12:31:20.576464] {mesa egl surface queue}  -> wl_surface#14.attach(wl_buffer#44, 0, 0)
[12:31:20.576471] {mesa egl surface queue}  -> wl_surface#14.damage(0, 0, 2147483647, 2147483647)
[12:31:20.576474] {mesa egl surface queue}  -> wl_surface#14.commit()
[12:31:20.576478] {mesa egl surface queue}  -> wl_display#1.sync(new id wl_callback#43)
[12:31:20.576601] {Display Queue} wl_display#1.delete_id(43)
[12:31:20.623319] {mesa egl surface queue} wl_callback#43.done(7)
[12:31:20.623339] {mesa egl surface queue} wl_buffer#40.release()
[12:31:20.624550] {Default Queue}  -> xdg_toplevel#30.set_min_size(1400, 948)
[12:31:20.624562] {Default Queue}  -> xdg_toplevel#30.set_max_size(0, 0)
[12:31:20.624567] {Default Queue}  -> xdg_surface#29.set_window_geometry(45, 45, 1400, 948)
[12:31:20.624631] {mesa egl surface queue}  -> wl_surface#14.attach(wl_buffer#40, 0, 0)
[12:31:20.624638] {mesa egl surface queue}  -> wl_surface#14.damage(0, 0, 2147483647, 2147483647)
[12:31:20.624641] {mesa egl surface queue}  -> wl_surface#14.commit()
[12:31:20.624644] {mesa egl surface queue}  -> wl_display#1.sync(new id wl_callback#43)
[12:31:20.624780] {Display Queue} wl_display#1.delete_id(43)
[12:31:20.735268] {mesa egl surface queue} wl_callback#43.done(7)
[12:31:20.735289] {mesa egl surface queue} wl_buffer#44.release()
[12:31:20.736427] {Default Queue}  -> xdg_toplevel#30.set_min_size(1400, 948)
[12:31:20.736442] {Default Queue}  -> xdg_toplevel#30.set_max_size(0, 0)
[12:31:20.736444] {Default Queue}  -> xdg_surface#29.set_window_geometry(45, 45, 1400, 948)
[12:31:20.736490] {mesa egl surface queue}  -> wl_surface#14.attach(wl_buffer#44, 0, 0)
[12:31:20.736493] {mesa egl surface queue}  -> wl_surface#14.damage(0, 0, 2147483647, 2147483647)
[12:31:20.736495] {mesa egl surface queue}  -> wl_surface#14.commit()
[12:31:20.736498] {mesa egl surface queue}  -> wl_display#1.sync(new id wl_callback#43)
[12:31:20.736562] {Display Queue} wl_display#1.delete_id(43)
[12:31:20.832990] {mesa egl surface queue} wl_callback#43.done(7)
[12:31:20.833008] {mesa egl surface queue} wl_buffer#40.release()
[12:31:20.833841] {Default Queue}  -> xdg_toplevel#30.set_min_size(1400, 948)
[12:31:20.833849] {Default Queue}  -> xdg_toplevel#30.set_max_size(0, 0)
[12:31:20.833851] {Default Queue}  -> xdg_surface#29.set_window_geometry(45, 45, 1400, 948)
[12:31:20.833897] {mesa egl surface queue}  -> wl_surface#14.attach(wl_buffer#40, 0, 0)
[12:31:20.833899] {mesa egl surface queue}  -> wl_surface#14.damage(0, 0, 2147483647, 2147483647)
[12:31:20.833901] {mesa egl surface queue}  -> wl_surface#14.commit()
[12:31:20.833903] {mesa egl surface queue}  -> wl_display#1.sync(new id wl_callback#43)
[12:31:20.833964] {Display Queue} wl_display#1.delete_id(43)
[12:31:20.944363] {mesa egl surface queue} wl_callback#43.done(7)
[12:31:20.944381] {mesa egl surface queue} wl_buffer#44.release()
[12:31:20.945227] {Default Queue}  -> xdg_toplevel#30.set_min_size(1400, 948)
[12:31:20.945234] {Default Queue}  -> xdg_toplevel#30.set_max_size(0, 0)
[12:31:20.945237] {Default Queue}  -> xdg_surface#29.set_window_geometry(45, 45, 1400, 948)
[12:31:20.945285] {mesa egl surface queue}  -> wl_surface#14.attach(wl_buffer#44, 0, 0)
[12:31:20.945288] {mesa egl surface queue}  -> wl_surface#14.damage(0, 0, 2147483647, 2147483647)
[12:31:20.945291] {mesa egl surface queue}  -> wl_surface#14.commit()
[12:31:20.945293] {mesa egl surface queue}  -> wl_display#1.sync(new id wl_callback#43)
[12:31:20.945391] {Display Queue} wl_display#1.delete_id(43)
[12:31:21.040540] {mesa egl surface queue} wl_callback#43.done(7)
[12:31:21.040557] {mesa egl surface queue} wl_buffer#40.release()
[12:31:21.041403] {Default Queue}  -> xdg_toplevel#30.set_min_size(1400, 948)
[12:31:21.041412] {Default Queue}  -> xdg_toplevel#30.set_max_size(0, 0)
[12:31:21.041414] {Default Queue}  -> xdg_surface#29.set_window_geometry(45, 45, 1400, 948)
[12:31:21.041465] {mesa egl surface queue}  -> wl_surface#14.attach(wl_buffer#40, 0, 0)
[12:31:21.041468] {mesa egl surface queue}  -> wl_surface#14.damage(0, 0, 2147483647, 2147483647)
[12:31:21.041475] {mesa egl surface queue}  -> wl_surface#14.commit()
[12:31:21.041482] {mesa egl surface queue}  -> wl_display#1.sync(new id wl_callback#43)
[12:31:21.041577] {Display Queue} wl_display#1.delete_id(43)
[12:31:21.073707] {mesa egl surface queue} wl_callback#43.done(7)
[12:31:21.073723] {mesa egl surface queue} wl_buffer#44.release()
[12:31:21.074584] {Default Queue}  -> xdg_toplevel#30.set_min_size(1400, 948)
[12:31:21.074592] {Default Queue}  -> xdg_toplevel#30.set_max_size(0, 0)
[12:31:21.074594] {Default Queue}  -> xdg_surface#29.set_window_geometry(45, 45, 1400, 948)
[12:31:21.074635] {mesa egl surface queue}  -> wl_surface#14.attach(wl_buffer#44, 0, 0)
[12:31:21.074637] {mesa egl surface queue}  -> wl_surface#14.damage(0, 0, 2147483647, 2147483647)
[12:31:21.074639] {mesa egl surface queue}  -> wl_surface#14.commit()
[12:31:21.074641] {mesa egl surface queue}  -> wl_display#1.sync(new id wl_callback#43)
[12:31:21.074710] {Display Queue} wl_display#1.delete_id(43)
[12:31:21.136829] {mesa egl surface queue} wl_callback#43.done(7)
[12:31:21.136846] {mesa egl surface queue} wl_buffer#40.release()
[12:31:21.137683] {Default Queue}  -> xdg_toplevel#30.set_min_size(1400, 948)
[12:31:21.137690] {Default Queue}  -> xdg_toplevel#30.set_max_size(0, 0)
[12:31:21.137692] {Default Queue}  -> xdg_surface#29.set_window_geometry(45, 45, 1400, 948)
[12:31:21.137750] {mesa egl surface queue}  -> wl_surface#14.attach(wl_buffer#40, 0, 0)
[12:31:21.137753] {mesa egl surface queue}  -> wl_surface#14.damage(0, 0, 2147483647, 2147483647)
[12:31:21.137755] {mesa egl surface queue}  -> wl_surface#14.commit()
[12:31:21.137757] {mesa egl surface queue}  -> wl_display#1.sync(new id wl_callback#43)
[12:31:21.137824] {Display Queue} wl_display#1.delete_id(43)
[12:31:21.249382] {mesa egl surface queue} wl_callback#43.done(7)
[12:31:21.249397] {mesa egl surface queue} wl_buffer#44.release()
[12:31:21.250240] {Default Queue}  -> xdg_toplevel#30.set_min_size(1400, 948)
[12:31:21.250248] {Default Queue}  -> xdg_toplevel#30.set_max_size(0, 0)
[12:31:21.250250] {Default Queue}  -> xdg_surface#29.set_window_geometry(45, 45, 1400, 948)
[12:31:21.250295] {mesa egl surface queue}  -> wl_surface#14.attach(wl_buffer#44, 0, 0)
[12:31:21.250298] {mesa egl surface queue}  -> wl_surface#14.damage(0, 0, 2147483647, 2147483647)
[12:31:21.250300] {mesa egl surface queue}  -> wl_surface#14.commit()
[12:31:21.250302] {mesa egl surface queue}  -> wl_display#1.sync(new id wl_callback#43)
[12:31:21.250367] {Display Queue} wl_display#1.delete_id(43)
[12:31:21.331283] {mesa egl surface queue} wl_callback#43.done(7)
[12:31:21.331301] {mesa egl surface queue} wl_buffer#40.release()
[12:31:21.332148] {Default Queue}  -> xdg_toplevel#30.set_min_size(1400, 948)
[12:31:21.332156] {Default Queue}  -> xdg_toplevel#30.set_max_size(0, 0)
[12:31:21.332158] {Default Queue}  -> xdg_surface#29.set_window_geometry(45, 45, 1400, 948)
[12:31:21.332199] {mesa egl surface queue}  -> wl_surface#14.attach(wl_buffer#40, 0, 0)
[12:31:21.332202] {mesa egl surface queue}  -> wl_surface#14.damage(0, 0, 2147483647, 2147483647)
[12:31:21.332204] {mesa egl surface queue}  -> wl_surface#14.commit()
[12:31:21.332206] {mesa egl surface queue}  -> wl_display#1.sync(new id wl_callback#43)
[12:31:21.332274] {Display Queue} wl_display#1.delete_id(43)
[12:31:21.347204] {mesa egl surface queue} wl_callback#43.done(7)
[12:31:21.347219] {mesa egl surface queue} wl_buffer#44.release()
[12:31:21.348049] {Default Queue}  -> xdg_toplevel#30.set_min_size(1400, 948)
[12:31:21.348056] {Default Queue}  -> xdg_toplevel#30.set_max_size(0, 0)
[12:31:21.348058] {Default Queue}  -> xdg_surface#29.set_window_geometry(45, 45, 1400, 948)
[12:31:21.348102] {mesa egl surface queue}  -> wl_surface#14.attach(wl_buffer#44, 0, 0)
[12:31:21.348104] {mesa egl surface queue}  -> wl_surface#14.damage(0, 0, 2147483647, 2147483647)
[12:31:21.348106] {mesa egl surface queue}  -> wl_surface#14.commit()
[12:31:21.348108] {mesa egl surface queue}  -> wl_display#1.sync(new id wl_callback#43)
[12:31:21.348214] {Display Queue} wl_display#1.delete_id(43)
[12:31:21.459079] {mesa egl surface queue} wl_callback#43.done(7)
[12:31:21.459096] {mesa egl surface queue} wl_buffer#40.release()
[12:31:21.459950] {Default Queue}  -> xdg_toplevel#30.set_min_size(1400, 948)
[12:31:21.459959] {Default Queue}  -> xdg_toplevel#30.set_max_size(0, 0)
[12:31:21.459961] {Default Queue}  -> xdg_surface#29.set_window_geometry(45, 45, 1400, 948)
[12:31:21.460005] {mesa egl surface queue}  -> wl_surface#14.attach(wl_buffer#40, 0, 0)
[12:31:21.460008] {mesa egl surface queue}  -> wl_surface#14.damage(0, 0, 2147483647, 2147483647)
[12:31:21.460010] {mesa egl surface queue}  -> wl_surface#14.commit()
[12:31:21.460012] {mesa egl surface queue}  -> wl_display#1.sync(new id wl_callback#43)
[12:31:21.460109] {Display Queue} wl_display#1.delete_id(43)
[12:31:21.555866] {mesa egl surface queue} wl_callback#43.done(7)
[12:31:21.555884] {mesa egl surface queue} wl_buffer#44.release()
[12:31:21.556714] {Default Queue}  -> xdg_toplevel#30.set_min_size(1400, 948)
[12:31:21.556721] {Default Queue}  -> xdg_toplevel#30.set_max_size(0, 0)
[12:31:21.556723] {Default Queue}  -> xdg_surface#29.set_window_geometry(45, 45, 1400, 948)
[12:31:21.556775] {mesa egl surface queue}  -> wl_surface#14.attach(wl_buffer#44, 0, 0)
[12:31:21.556778] {mesa egl surface queue}  -> wl_surface#14.damage(0, 0, 2147483647, 2147483647)
[12:31:21.556780] {mesa egl surface queue}  -> wl_surface#14.commit()
[12:31:21.556781] {mesa egl surface queue}  -> wl_display#1.sync(new id wl_callback#43)
[12:31:21.556864] {Display Queue} wl_display#1.delete_id(43)
[12:31:21.589231] {mesa egl surface queue} wl_callback#43.done(7)
[12:31:21.589253] {mesa egl surface queue} wl_buffer#40.release()
[12:31:21.590055] {Default Queue}  -> xdg_toplevel#30.set_min_size(1400, 948)
[12:31:21.590062] {Default Queue}  -> xdg_toplevel#30.set_max_size(0, 0)
[12:31:21.590064] {Default Queue}  -> xdg_surface#29.set_window_geometry(45, 45, 1400, 948)
[12:31:21.590108] {mesa egl surface queue}  -> wl_surface#14.attach(wl_buffer#40, 0, 0)
[12:31:21.590111] {mesa egl surface queue}  -> wl_surface#14.damage(0, 0, 2147483647, 2147483647)
[12:31:21.590113] {mesa egl surface queue}  -> wl_surface#14.commit()
[12:31:21.590115] {mesa egl surface queue}  -> wl_display#1.sync(new id wl_callback#43)
[12:31:21.590213] {Display Queue} wl_display#1.delete_id(43)
[12:31:21.668976] {mesa egl surface queue} wl_callback#43.done(7)
[12:31:21.668985] {mesa egl surface queue} wl_buffer#44.release()
[12:31:21.669802] {Default Queue}  -> xdg_toplevel#30.set_min_size(1400, 948)
[12:31:21.669809] {Default Queue}  -> xdg_toplevel#30.set_max_size(0, 0)
[12:31:21.669811] {Default Queue}  -> xdg_surface#29.set_window_geometry(45, 45, 1400, 948)
[12:31:21.669863] {mesa egl surface queue}  -> wl_surface#14.attach(wl_buffer#44, 0, 0)
[12:31:21.669866] {mesa egl surface queue}  -> wl_surface#14.damage(0, 0, 2147483647, 2147483647)
[12:31:21.669868] {mesa egl surface queue}  -> wl_surface#14.commit()
[12:31:21.669870] {mesa egl surface queue}  -> wl_display#1.sync(new id wl_callback#43)
[12:31:21.669937] {Display Queue} wl_display#1.delete_id(43)
[12:31:21.765507] {mesa egl surface queue} wl_callback#43.done(7)
[12:31:21.765524] {mesa egl surface queue} wl_buffer#40.release()
[12:31:21.766382] {Default Queue}  -> xdg_toplevel#30.set_min_size(1400, 948)
[12:31:21.766390] {Default Queue}  -> xdg_toplevel#30.set_max_size(0, 0)
[12:31:21.766392] {Default Queue}  -> xdg_surface#29.set_window_geometry(45, 45, 1400, 948)
[12:31:21.766436] {mesa egl surface queue}  -> wl_surface#14.attach(wl_buffer#40, 0, 0)
[12:31:21.766439] {mesa egl surface queue}  -> wl_surface#14.damage(0, 0, 2147483647, 2147483647)
[12:31:21.766441] {mesa egl surface queue}  -> wl_surface#14.commit()
[12:31:21.766443] {mesa egl surface queue}  -> wl_display#1.sync(new id wl_callback#43)
[12:31:21.766512] {Display Queue} wl_display#1.delete_id(43)
PROOF_PTY_STOP id=0 status=ExitStatus { code: 1, signal: Some("Hangup") }
PROOF_PTY_STOP id=1 status=ExitStatus { code: 1, signal: Some("Hangup") }
PROOF_PTY_STOP id=2 status=ExitStatus { code: 1, signal: Some("Hangup") }
PROOF_EXIT
